Judul,Isi Berita,Tanggal,Tahun,Jam,Penulis,Editor,Kategori,Link
IKA UNAIR Tegaskan Gelar Akademik Adalah Amanah untuk Berkarya dan Mengabdi,"UNAIR NEWS – Wisuda Universitas Airlangga (UNAIR) ke-254 pada Sabtu (27/9/2025) di Airlangga Convention Center (ACC), Kampus MERR-C. Tidak hanya diwarnai dengan pesan hangat dari Rektor UNAIR, acara itu juga menjadi ruang oleh perwakilan wisudawan untuk berbagi cerita kala menempuh perjalanan studi.
Tak Berhenti Pada Capaian Akademik
Mewakili para wisudawan, Dr Ika Nur Pratiwi SKep Ns MKep, lulusan Program Doktor Keperawatan, menyampaikan rasa syukur sekaligus refleksi atas perjuangan para lulusan. Ia menuturkan bahwa di balik toga yang para wisudawan tersimpan ribuan kisah pengorbanan. Mulai dari bekerja sambil kuliah, mengejar beasiswa, hingga mendampingi keluarga di tengah perjalanan akademik.
“Wisuda ini adalah perayaan air mata yang bertransformasi menjadi senyum bahagia. Seperti pesan Imam Al Ghazali, ilmu tanpa amal hanyalah sia-sia. Wisuda hari ini bukanlah akhir, melainkan awal untuk mengamalkan ilmu demi kebaikan,” ujarnya.
Dr Ika juga mendorong para lulusan untuk tidak berhenti pada capaian akademik, melainkan mengambil peran sebagai agen perubahan. “Di tengah era digital, kecerdasan buatan, dan globalisasi, kita tidak boleh hanya menjadi penonton. Kita harus menjadi pelaku perubahan. Education is the most powerful weapon which you can use to change the world seperti pesan Nelson Mandela,” tambahnya.
Ia mengajak para wisudawan untuk turut serta menyongsong Indonesia Emas 2045 dengan kontribusi nyata pada pembangunan berkelanjutan, riset, hingga inovasi digital. Tak lupa, ia turut menyampaikan rasa terima kasih mendalam kepada orang tua, keluarga, sivitas akademika, serta promotor dan dosen pembimbing yang telah mendampingi perjuangan akademik hingga wisudanya.
Terus Bersinergi Sebagai Alumni
Sementara itu, mewakili Ikatan Alumni (IKA) UNAIR, Dr Zamzami Sabiq SPsi, MPsi, Ketua Pengurus IKA UNAIR Cabang Sumenep, mengucapkan selamat kepada seluruh wisudawan beserta keluarga. Ia menekankan bahwa gelar akademik yang diraih hari ini merupakan sebuah amanah untuk berkontribusi ke depan.
“Wisuda bukanlah akhir dari segalanya, melainkan awal dari perjalanan panjang pengabdian. Gelar akademik yang telah saudara raih adalah amanah untuk berkarya, memberi manfaat, serta menghadirkan solusi di tengah kompleksitas zaman,” ungkapnya.
Lebih lanjut, ia menekankan pentingnya semangat Excellence with Morality sebagai ciri khas alumni UNAIR. “Kita tidak hanya dituntut untuk cerdas, tetapi juga berintegritas. Tidak hanya berprestasi, tetapi juga memberi inspirasi. Melalui IKA UNAIR, mari kita terus bersinergi untuk saling menguatkan dan membuka jalan bagi generasi berikutnya,” jelasnya.
Di akhir sambutannya, Dr Zamzami mengajak seluruh lulusan untuk menjaga nama baik almamater di manapun berada. “Kita adalah wajah Universitas Airlangga. Mari kita tunjukkan bahwa lulusan UNAIR adalah insan berilmu, berakhlak, dan berdedikasi untuk Indonesia dan dunia,” pungkasnya.
Penulis: Nur Khovivatul Mukorrobah Editor: Khefti Al Mawalia",2025-09-27,2025,4:26 pm,Nur Khovivatul MukorrobahEditor: Khefti Al Mawalia,,"alumni, Berita",https://unair.ac.id/ika-unair-tegaskan-gelar-akademik-adalah-amanah-untuk-berkarya-dan-mengabdi/
Glad2Glow Goes to Campus Beri Inspirasi Personal Branding dan Make Up,"UNAIR NEWS – Badan Eksekutif Mahasiswa (BEM) Fakultas Ekonomi dan Bisnis (FEB) Universitas Airlangga ( UNAIR ) berkolaborasi dengan Glad2Glow (G2G) menggelar talk show Glad2Glow Goes to Campus bertajuk Glow Up Your Career: Personal Branding 101 di Aula Soepoyo, Kampus Dharmawangsa-B, Rabu (24/9/2025). Talkshow menghadirkan Fitria Wahyu, content creator , untuk berbagi strategi personal branding dan berlanjut dengan tutorial make-up bersama Terry Saraswati.
Kenali Identitas Diri Sendiri
Fitria Wahyu menegaskan bahwa langkah awal membangun personal branding adalah mengenali identitas diri. Menurutnya, pemahaman atas kelebihan dan karakter pribadi menjadi pondasi sebelum menampilkan citra di ruang publik. Ia mendorong mahasiswa untuk lebih percaya diri dalam menunjukkan potensi yang mereka miliki.
“Harus kenal dengan identitas diri, harus kenal dengan diri sendiri,” ujarnya. Ia menambahkan bahwa personal branding menjadi kunci membuka peluang sekaligus mendukung perjalanan karier mahasiswa. “Membranding diri itu sangat penting untuk karier,” tegasnya.
Tutorial Make-up dan Awarding
Setelah talk show, Terry Saraswati memandu sesi tutorial make-up . Ia menunjukkan teknik riasan natural yang mudah mahasiswa terapkan. Riasan tersebut dirancang untuk menunjang penampilan profesional, terutama saat wawancara kerja maupun kegiatan formal.
“ Make-up yang tepat dapat menunjang penampilan profesional tanpa harus berlebihan,” jelas Terry. Sesi ini berujung dengan awarding bagi peserta terpilih yang aktif mengikuti rangkaian acara.
Antusiasme Peserta dan Manfaat Acara
Sejak sesi open gate , antusiasme mahasiswa sudah terlihat dengan banyaknya peserta yang datang lebih awal untuk memastikan bisa mengikuti kegiatan dari awal hingga akhir. Tidak hanya dari FEB, mahasiswa dari berbagai fakultas lain turut meramaikan acara, menegaskan bahwa isu personal branding relevan bagi seluruh bidang studi.
Sepanjang kegiatan, peserta aktif menyimak materi, berdiskusi, hingga mencoba tutorial make-up secara langsung. Kolaborasi BEM FEB UNAIR dan Glad2Glow ini dinilai berhasil menghadirkan pengalaman inspiratif sekaligus aplikatif. Selain menambah wawasan, acara juga mendorong mahasiswa untuk lebih percaya diri serta mampu mempersiapkan diri menghadapi dunia kerja yang semakin kompetitif.
Penulis: Era Fazira
Editor: Ragil Kukuh Imanto",2025-09-27,2025,12:30 pm,Era Fazira,Ragil Kukuh Imanto,"Berita, Berita",https://unair.ac.id/glad2glow-goes-to-campus-beri-inspirasi-personal-branding-dan-make-up/
"Cuankruk 3, Ajak Mahasiswa FEB UNAIR Kuasai Marketing dan Kembangkan Bisnis","UNAIR NEWS – Badan Eksekutif Mahasiswa (BEM) Fakultas Ekonomi dan Bisnis (FEB) Universitas Airlangga ( UNAIR ) menyelenggarakan Cuankruk 3 pada Kamis (25/9/2025) di Kampus Dharmawangsa-B. Mengusung tema “Master Your Marketing, Build Your Branding” , acara ini menghadirkan Glorya Angela dan Andrian Valentino, owner ByLaw Nails sekaligus mahasiswa berprestasi. Kegiatan tersebut menjadi ruang bagi mahasiswa untuk memperluas wawasan bisnis dan memperkuat keterampilan branding.
Passion Jadi Pondasi Usaha
Glorya Angela dan Andrian Valentino menegaskan passion sebagai pondasi utama dalam merintis usaha. Mereka mendorong mahasiswa untuk berani memulai bisnis sejak dini agar terbiasa menghadapi risiko dan persaingan. Menurut keduanya, passion menjadi energi yang menjaga konsistensi sekaligus menumbuhkan ide-ide baru dalam berwirausaha.
“Mulai saja dulu, karena pasti ada jalannya kalau memang itu passion kita,” ujar Glorya. Ia juga menekankan pentingnya menentukan target pasar secara tepat sejak awal agar bisnis dapat berkembang lebih terarah.
Membangun Branding dan Value Produk
Keduanya juga menekankan pentingnya membangun branding yang kuat dalam setiap usaha. Identitas brand yang jelas, menurut mereka, memudahkan produk dikenal sekaligus diterima pasar. Selain itu, pelayanan cepat dan kualitas konsisten menjadi faktor penting untuk menumbuhkan kepercayaan konsumen.
Andrian menegaskan nilai produk harus menjadi prioritas utama. “Kalau bisa, dalam membangun bisnis jangan pernah perang harga, tetapi fokus pada value ,” ujarnya. Ia menambahkan, strategi berbasis value membuat produk lebih bertahan di tengah ketatnya persaingan pasar.
Selain itu, keduanya menyoroti pentingnya personal branding sebagai bagian dari strategi pemasaran. “Satu brand itu perlu ada orang atau representatif dari brand tersebut,” jelas Andrian. Menurutnya, representasi yang jelas akan memperkuat identitas brand sekaligus membangun kedekatan dengan konsumen.
Konsistensi dalam Algoritma Digital
Dalam sesi diskusi, narasumber turut menekankan pentingnya memahami algoritma media sosial untuk mendukung pemasaran digital. Algoritma dinilai lebih menguntungkan akun yang konsisten dalam membuat konten, baik dari segi jadwal unggah maupun kualitas penyajian.
“Kalau tidak konsisten, algoritma bisa hancur dan konten kita jadi sulit muncul di beranda audiens,” ungkap Andrian. Ia menambahkan, konsistensi bukan hanya soal kuantitas unggahan, tetapi juga tentang menjaga ciri khas dan value brand agar tetap dikenali. Dengan konten yang terencana, menarik, dan konsisten, peluang produk untuk menjangkau audiens yang lebih luas akan semakin besar.
Penulis: Era Fazira
Editor: Ragil Kukuh Imanto",2025-09-27,2025,12:34 pm,Era Fazira,Ragil Kukuh Imanto,"Berita, Berita",https://unair.ac.id/cuankruk-3-ajak-mahasiswa-feb-unair-kuasai-marketing-dan-kembangkan-bisnis/
"Wujudkan KKN BBK Berbasis SDGs, LPMB UNAIR Selenggarakan ToT DPL","UNAIR NEWS – Universitas Airlangga ( UNAIR ) melalui Lembaga Pengabdian Masyarakat Berkelanjutan ( LPMB ) menggelar Training of Trainers (ToT) bagi Dosen Pendamping Lapangan (DPL) Kuliah Kerja Nyata–Belajar Bersama Komunitas (KKN BBK). Kegiatan tersebut berlangsung pada Jumat (26/9/2025) di Aula Garuda Mukti, Gedung Kantor Manajemen, Kampus MERR-C. Acara dihadiri 260 DPL berbagai fakultas. Agenda ToT ini akan berlanjut hingga Sabtu (27/9/2025) dengan berbagai materi pengantar KKN BBK.
Penyelenggaraan ToT menjadi langkah strategis UNAIR untuk menyamakan visi pengabdian masyarakat sekaligus meningkatkan kapasitas DPL KKN BBK. Melalui pelatihan ini, DPL dibekali pemahaman baru agar mampu mengarahkan mahasiswa dalam setiap program KKN yang berorientasi pada pencapaian Tujuan Pembangunan Berkelanjutan (TPB/SDGs).
Berdampak dan Berkelanjutan
Prof Hery Purnobasuki MSi PhD sebagai Ketua LPMB turut menyampaikan sambutannya. Ia menekankan pentingnya ToT ini sebagai ajang penyegaran bagi para DPL KKN BBK.
“Mudah-mudahan kegiatan ini membawa manfaat. ToT menjadi ajang refreshing kembali bagi DPL BBK karena ada banyak perubahan di tingkat universitas, termasuk di Lembaga Pengabdian Masyarakat. Harapannya, kegiatan-kegiatan yang terkait dengan pengabdian masyarakat termasuk BBK benar-benar berkelanjutan dan yang paling penting adalah berdampak,” ujarnya.
Tak Sekadar Gugurkan Kewajiban
Prof Hery kembali mengingatkan bahwa peran DPL sangat penting. Yang mana tidak sekadar mendampingi mahasiswa untuk menggugurkan kewajiban, tetapi memastikan setiap program KKN dapat berkontribusi nyata di masyarakat serta selaras dengan program-program SDGs.
“Dalam mengawal mahasiswa BBK nanti, Bapak/Ibu bisa saja melakukan pengmas mandiri di masing-masing desa tadi, kan, masyarakatnya sudah ada. Kalau mahasiswa punya program, Bapak/Ibu juga harus bisa mengarahkan supaya nantinya juga bisa bermanfaat misalnya jadi narasumber kegiatan,” ucapnya.
Lebih lanjut, Prof Hery menegaskan DPL perlu membiasakan adanya penyertaan keunggulan program berdasarkan tema-tema SDGs. “Sekarang semua mengarah pada dampak. Banyak hal yang dapat Bapak/Ibu lakukan di sana. Apa yang bisa dieksplorasi di BBK bisa jadi desa binaan untuk disampaikan ke prodinya. InsyaAllah banyak yang Bapak/Ibu hasilkan. Ini juga akan menambah kinerja universitas terkait dampak dan kelanjutannya,” tambahnya.
Ciptakan Best Practice
Sementara itu, Wakil Rektor Bidang Riset, Inovasi, dan Community Development , Prof M Miftahussurur dr MKes SpPD-KGEH PhD, menekankan bahwa ToT DPL ini merupakan momentum perubahan pola pikir dalam pengelolaan KKN.
“Hari ini kita ingin membangun pemahaman yang sama terkait strategi BBK. Ke depan, skema BBK nasional dan internasional harus menjadi gerakan bersama dengan dampak yang sejalan. Dengan SDGs, parameternya lebih jelas karena temanya sudah tersedia,” terangnya.
Sebagai penutup, Prof Miftah menyampaikan apresiasi atas keterlibatan seluruh pihak. “Mari kita wujudkan BBK SDGs sebagai wahana transformatif menuju keberlanjutan. Semoga ToT ini memperkuat kapasitas kita sekaligus menjadi pijakan dalam menciptakan best practice yang berdaya guna bagi masyarakat,” pungkas Prof Miftah.
Penulis: Nur Khovivatul Mukorrobah
Editor: Ragil Kukuh Imanto",2025-09-26,2025,4:59 pm,Nur Khovivatul Mukorrobah,Ragil Kukuh Imanto,"Berita, Berita",https://unair.ac.id/wujudkan-kkn-bbk-berbasis-sdgs-lpmb-unair-selenggarakan-tot-dpl/
"Banking 101 DPKKA UNAIR, Bekali Mahasiswa Literasi Finansial Sejak Dini","UNAIR NEWS – Direktorat Pengembangan Karir, Inkubasi Kewirausahaan dan Alumni (DPKKA) Universitas Airlangga (UNAIR) menggelar program “ Banking 101: How Banks Work and Why They Matter ” pada Kamis (25/9/2025). Acara menghadirkan Johan Kesuma Harsa, Head of Wealth Management Distribution, dan Baginda Saumar, Head of Sharia Product Management dari Maybank . Kegiatan ini membekali mahasiswa dengan literasi finansial aplikatif sekaligus memperkenalkan peluang karier di sektor perbankan. Ratusan mahasiswa dari berbagai fakultas mengikuti sesi interaktif dengan antusias. Mahasiswa juga mendapatkan panduan praktis mengenai cara membuka rekening, memahami bunga, serta memanfaatkan layanan perbankan digital aman.
Mengenal Dasar Perbankan dan Pentingnya Literasi Finansial
Dalam sesi ini, kedua narasumber menekankan bahwa literasi finansial bukan sekadar mengelola uang. Johan menjelaskan, “Investasi bukan hanya soal membuat uang bertambah, tapi juga memahami risiko dan tujuan keuangan sejak awal.” Baginda menambahkan, mahasiswa harus membedakan antara konsumsi dan investasi. “Jangan sampai kebiasaan menggunakan paylater menjadi jebakan finansial. Investasi yang bijak dimulai setelah pondasi finansial kuat,” ujarnya. Peserta diperkenalkan berbagai instrumen keuangan, konvensional maupun syariah, sehingga bisa menyesuaikan pilihan investasi dengan profil risiko masing-masing. Narasumber mencontohkan simulasi pengalokasian gaji untuk tabungan, investasi, dan kebutuhan sehari-hari agar mahasiswa lebih memahami konsep manajemen keuangan praktis.
Strategi Mengelola Keuangan Sejak Gaji Pertama
Acara berlangsung interaktif. Mahasiswa bertanya mengenai memulai investasi dari gaji pertama, mengelola anggaran pribadi, hingga prospek karier di perbankan. Diskusi menekankan prinsip sederhana: utamakan kestabilan keuangan sebelum berinvestasi, dan hindari utang konsumtif. Johan menekankan pentingnya membangun financial mindset . Baginda menambahkan, “Kunci kesuksesan finansial bukan hanya pendapatan besar, tapi konsistensi merencanakan, menabung, dan berinvestasi.” Mahasiswa juga mendapat tips menilai risiko investasi, membaca laporan keuangan sederhana, dan memanfaatkan platform digital untuk memantau portofolio praktis.
Penutup dan Harapan bagi Mahasiswa
Sesi ditutup dengan pesan agar mahasiswa tidak hanya cakap secara akademik, tetapi juga siap menghadapi tantangan finansial. Program ini membuktikan komitmen DPKKA UNAIR membekali mahasiswa dengan literasi finansial aplikatif. Johan menegaskan, “Pemahaman dasar perbankan dan investasi sejak dini sangat membantu mengelola keuangan secara bijak.” Baginda menambahkan, “Mahasiswa yang memahami keuangan pribadi lebih siap menghadapi masa depan dan membuat keputusan tepat. Literasi finansial yang kuat memudahkan mereka membangun karier dan kehidupan finansial berkelanjutan.”
Penulis: Dara Devinta Faradhilla Editor: Ragil Kukuh Imanto",2025-09-26,2025,10:16 am,Dara Devinta FaradhillaEditor: Ragil Kukuh Imanto,,"Berita, Berita",https://unair.ac.id/banking-101-dpkka-unair-bekali-mahasiswa-literasi-finansial-sejak-dini/
"UNAIR Gelar Road to Traffic Safety Champion, Mahasiswa Didorong Jadi Pelopor Keselamatan Jalan","UNAIR NEWS – Universitas Airlangga (UNAIR) bekerja sama dengan ASTRA Infra dan PT Toyota-Astra Motor menyelenggarakan Road to Traffic Safety Champion . Acara ini bertema “Be Aware, Show You Care for Safer Roads and a Sustainable Tomorrow” . Kegiatan berlangsung di Gedung Airlangga Convention Center, Kampus C UNAIR, Ruang Bima Suci lantai 2, Rabu (24/9/2025). Ratusan mahasiswa dari berbagai fakultas hadir dengan antusiasme tinggi.
Mahasiswa UNAIR Didukung Jadi Teladan Keselamatan
Acara dibuka oleh Edith Frederika Puruhito SKM MSc (MedSci), Sekretaris Direktorat Kemahasiswaan UNAIR periode 2025–2030. Ia menekankan bahwa mahasiswa memiliki peran besar dalam menekan angka kecelakaan lalu lintas. “Keselamatan lalu lintas bukan hanya kewajiban pribadi, tetapi juga tanggung jawab sosial. Mahasiswa sebagai calon pemimpin bangsa harus bisa menjadi contoh,” ujarnya.
Pandangan Industri dan Infrastruktur: Edukasi Kunci Utama
Rouli Sijabat, Sustainability Management Manager PT Toyota-Astra Motor, menjelaskan bahwa angka fatalitas di jalan raya sangat tinggi. Angka tersebut bahkan lebih besar dari kecelakaan moda transportasi lain. Ia menegaskan bahwa edukasi jauh lebih penting dibanding hanya mengandalkan teknologi. “Keselamatan bukan sekadar keterampilan mengemudi, tetapi juga kesadaran dan perilaku. Edukasi yang konsisten mampu menciptakan perubahan nyata,” tegasnya.
Sementara itu, Beny Priyatna Kusumah, Sustainability Management Division Head ASTRA Infra, menyebut faktor manusia menyumbang 58 persen kecelakaan di jalan tol. “Anak muda dengan pengalaman mengemudi 1–2 tahun paling rentan karena rasa percaya diri berlebihan. Edukasi harus terus digencarkan agar risiko bisa ditekan,” jelasnya. Ia juga menekankan inovasi ASTRA Infra. Inovasi itu meliputi rekayasa jalan, edukasi masyarakat, dan pemanfaatan teknologi pemantauan lalu lintas.
Aktivitas Interaktif untuk Mahasiswa
Selain materi utama, mahasiswa juga mengikuti berbagai kegiatan interaktif. Mereka mencoba driving simulator , Agya Stylix (GR Simulator/GR Games Corner) , joyride mobil, quiz corner , joyride motor , hingga riding simulasi menyenangkan. Setiap peserta yang berpartisipasi mendapat kesempatan memperoleh souvenir menarik dan edukatif. Aktivitas ini memberi pengalaman langsung tentang pentingnya perilaku berkendara yang aman, disiplin, dan berkelanjutan.
Acara ini menegaskan peran mahasiswa UNAIR sebagai generasi muda yang siap menjadi garda depan dalam membangun budaya keselamatan lalu lintas di Indonesia. Kolaborasi lintas sektor juga terbukti mampu menghadirkan dampak positif nyata serta berkelanjutan bagi masyarakat luas.
Penulis: Dara Devinta Faradhilla Editor: Ragil Kukuh Imanto",2025-09-26,2025,10:09 am,Dara Devinta FaradhillaEditor: Ragil Kukuh Imanto,,"Berita, Berita",https://unair.ac.id/unair-gelar-road-to-traffic-safety-champion-mahasiswa-didorong-jadi-pelopor-keselamatan-jalan/
"ISoPH-ICoEPH 2025 Angkat Isu Kesehatan Global, Dari Game Edukasi hingga Kesehatan Perempuan","UNAIR NEWS – Fakultas Kesehatan Masyarakat ( FKM ) Universitas Airlangga ( UNAIR ) menyelenggarakan The 9th International Symposium of Public Health (ISoPH) and 1st International Conference of Epidemiology Public Health (ICoEPH) pada Hari Rabu dan Kamis (24/09/2025-25-09-2025). Acara yang bertajuk Revolutionizing Public Health : Innovations and Strategies for a Resilient Future ini berlangsung di Hotel Morazen Surabaya.
Game sebagai Sarana Edukasi Kesehatan
Pada hari ke-2 konferensi menghadirkan dua narasumber internasional dan satu narasumber nasional. Mereka adalah Dr Rosliza Abdul Manaf (Universiti Putra Malaya, Malaysia), Dr Bernadette O’Hare (School of Medicine University of St Andrews North Haugh, Scotland), dan Prof Hanifa Maher Denny, S KM, MPH, Ph D (Universitas Diponegoro, Indonesia).
Sesi pemaparan materi pertama menghadirkan Dr Rosliza Abdul Manaf dari Universiti Putra Malaya dengan tema ‘ A Game Based Public Health Approach ’. Ia menekankan bahwa game dapat dimanfaatkan sebagai sarana edukasi kesehatan publik. Dalam materinya, ia memberikan contoh permainan VAPGAMO, sebuah game berbasis teori Planned Behavior. Permainan ini ia rancang untuk melatih keterampilan remaja dalam menolak ajakan vaping dengan pendekatan interaktif, menyenangkan, serta relevan.
Selain itu, Dr Rosliza juga menampilkan demo permainan VAPGAMO. Ia menegaskan bahwa aspek hiburan menjadi sangat penting agar kegiatan edukasi kesehatan tidak terasa membosankan. “Jika kita menginginkan masa depan yang lebih sehat, kita perlu menjangkau remaja di lingkungan mereka. Termasuk melalui platform digital atau permainan yang mereka mainkan,” Pungkas Dr Rosliza.
Sistem Pajak yang Lemah, Memperburuk Kesehatan Global
Materi selanjutnya oleh Dr Bernadette O’Hare dari School of Medicine University of St Andrews North Haugh, Scotland. Dalam materinya,  Ia menjelaskan bahwa sistem pajak memiliki peran krusial dalam menciptakan masyarakat yang sehat dan berketahanan.
Selanjutnya, ia menekankan banyaknya penyakit dan kematian terjadi berasal dari aktivitas komersial yang merugikan kesehatan. “Ketika sistem pajak gagal merepresentasikan kepentingan publik, pemerintah kehilangan kemampuan untuk melindungi rakyatnya,” ujarnya.
Dr Bernadette menyebutkan tiga langkah penting yang dapat kita akukan untuk meminimalisir dampak negatif aktivitas komersial terhadap kesehatan. Langkah tersebut yakni mencegah penyalahgunaan pajak korporasi, memperkuat regulasi dana pengawasan, dan yang paling penting adalah menerapkan pajak kesehatan seperti cukai rokok dan minuman berpemanis yang terbukti berdampak negatif kesehatan masyarakat.
“Ketimpangan global dan lemahnya sistem pajak membuat pemerintah kehilangan daya untuk melindungi rakyatnya. Kita perlu reformasi fiskal yang berpihak pada kesehatan dan keadilan,” tegas Dr Bernadette.
Perempuan Berhak atas Keselamatan dan Kesejahteraan
Kegiatan berlanjut dengan pemaparan materi oleh Prof Hanifa Maher Denny, SKM, MPH, Ph D dari Universitas Diponegoro, Indonesia. Dalam pemaparannya yang berjudul Womens Health and Well-Being at Work: Risk, Realities, and Implications , Prof Hanifa mengungkapkan pentingnya kesehatan dan kesejahteraan perempuan sebagai kunci produktivitas nasional. Ia menyebutkan bahwa seringkali perempuan menghadapi beban ganda bahkan tiga kali lipat dalam ranah pekerjaan, rumah tangga, maupun sosial.
Selain itu, data yang Prof Hanifah paparkan menunjukkan 70% tenaga kerja dunia terdiri dari perempuan. Meskipun perempuan memiliki hak yang sama dengan laki-laki, justru rentan mengalami permasalahan kesehatan fisik dan mental, mulai dari siklus biologi seperti beban kehamilan, hingga tekanan sosial. “Perempuan di dunia ini penting untuk memiliki lebih banyak perlindungan dalam hal keselamatan dan kemampuan,” pungkasnya.
Penulis: Muhammad Nabil Fawaid
Editor: Ragil Kukuh Imanto",2025-09-26,2025,1:52 pm,Muhammad Nabil Fawaid,Ragil Kukuh Imanto,"Berita, Berita",https://unair.ac.id/isoph-icoeph-2025-angkat-isu-kesehatan-global-dari-game-edukasi-hingga-kesehatan-perempuan/
"Perkuat Inovasi Riset, LPJPHKI Terima Kunjungan Strategis dari Kemenkes dan WHO Collaborative Center","UNAIR NEWS – Lembaga Pengembangan Jurnal, Publikasi, dan Hak Kekayaan Intelektual (LPJPHKI) Universitas Airlangga (UNAIR) menerima kunjungan strategis dari Direktorat Jenderal (Ditjen) SDM Kesehatan, Kementerian Kesehatan (Kemenkes) RI. Kunjungan ini bertujuan untuk mempelajari ekosistem publikasi dan inovasi di UNAIR sebagai model pengembangan bagi institusi pendidikan kesehatan di seluruh Indonesia.
Rombongan tersebut di bawah pimpinan Direktur Penyediaan SDM Kesehatan, Anna Kurniati SKM MKM PhD yang juga Direktur WHO Collaborative Center (WHO-CC) Poltekkes Indonesia untuk keperawatan dan kebidanan. Kunjungan ini merupakan salah satu upaya untuk melihat bagaimana ekosistem riset dan publikasi yang berdampak dapat terbangun dan berkelanjutan.
Ketua LPJPHKI UNAIR, Prof Ferry Efendi SKep Ns MSc PhD menjelaskan bahwa Kemenkes tertarik untuk melihat bagaimana UNAIR berhasil membangun ekosistem riset yang tidak hanya produktif, tetapi juga menghasilkan inovasi. “Kunjungan ini merupakan salah satu upaya untuk melihat bagaimana ekosistem publikasi yang berdampak itu seperti apa. Kemudian juga bagaimana ekosistem ini mengarah ke hak kekayaan intelektual (HKI) yang nantinya berupa paten,” jelas Prof Ferry, Rabu (24/9/2025).
Kolaborasi Peningkatan Kualitas
Salah satu hasil konkret dari pertemuan ini adalah komitmen untuk berkolaborasi dalam meningkatkan kualitas riset dan publikasi di 38 Politeknik Kesehatan (Poltekkes) yang berada di bawah binaan Kemenkes serta WHO CC. LPJPHKI UNAIR akan berperan dalam memberikan pendampingan dan mentoring .
“Fokusnya adalah pergeseran dari paradigma jumlah ke kualitas. Target kualitas publikasi ini akan kita kerjakan bersama, dengan harapan memiliki dampak global,” ungkap Prof Ferry.
Kolaborasi ini juga akan mencakup penguatan di sisi HKI dan tata kelola jurnal. Prof Ferry menambahkan bahwa UNAIR telah memiliki 20 jurnal terindeks internasional bereputasi. UNAIR akan membantu Poltekkes untuk meningkatkan level jurnal mereka dari terakreditasi nasional menjadi internasional.
Menurutnya, kunjungan ini memperkuat peran UNAIR sebagai inkubator talenta SDM kesehatan yang berkualitas. “UNAIR bisa memberikan dampak sosial dan juga mendorong kebijakan publik yang lebih transparan, partisipatif, dan signifikan bagi komunitas,” pungkasnya.
Penulis: Ahmad Abid Zhahiruddin
Editor: Yulia Rohmawati",2025-09-25,2025,3:48 pm,Ahmad Abid Zhahiruddin,Yulia Rohmawati,"Berita, Berita",https://unair.ac.id/perkuat-inovasi-riset-lpjphki-terima-kunjungan-strategis-dari-kemenkes-dan-who-collaborative-center/
Ilmuwan UNAIR Kembali Masuk Daftar Top 2 Persen Peneliti Dunia,"UNAIR NEWS – Sejumlah ilmuwan Universitas Airlangga (UNAIR) kembali menorehkan prestasi membanggakan dengan masuk dalam daftar Top 2% Peneliti Dunia. Penghargaan tersebut dirilis oleh Stanford University dan Elsevier . Pencapaian ini menegaskan posisi UNAIR sebagai institusi riset yang unggul dan konsisten memberikan dampak bagi komunitas ilmiah global.
Para ilmuwan UNAIR yang masuk dalam daftar bergengsi tersebut antara lain Prof Ferry Efendi SKep Ns MSc PhD (FKp), Prof Dr Nursalam MNurs (Hons) (FKp), Prof Iman Harymawan SE MBA PhD (FEB), Prof dr Muhammad Miftahussurur MKes SpPD-KGEH PhD (FK), Prof Dr Santi Martini dr MKes (FKM), Prof Dr Ratna Dwi Wulandari SKM MKes (FKM), Prof Dr Mustofa Helmi Effendi drh DTAPH (FKH).
Refleksi dari Ekosistem Riset yang Kuat
Prof Ferry Efendi SKep Ns MSc PhD, salah satu peraih penghargaan sekaligus Ketua Lembaga Pengembangan Jurnal, Publikasi, dan Hak Kekayaan Intelektual (LPJPHKI) UNAIR, menjelaskan bahwa pencapaian ini bukanlah prestasi individu semata. Menurutnya, hal ini merupakan cerminan dari ekosistem riset dan publikasi yang suportif di UNAIR.
“Pencapaian ini merupakan refleksi dari Universitas Airlangga di dalam membangun ekosistem riset dan publikasi yang tidak hanya berdampak, tetapi juga berkelanjutan,” ungkap Prof Ferry.
Riset Berdampak sebagai Tolok Ukur Utama
Pemeringkatan ini berdasarkan pada dampak sitasi. Artinya karya para peneliti UNAIR mendapatkan pengakuan dan termanfaatkan secara luas oleh komunitas global. Salah satu contohnya adalah riset berdampak dari Prof Ferry mengenai kesehatan pekerja migran Indonesia. Riset tersebut berhasil mengidentifikasi berbagai hambatan dan merumuskan rekomendasi kebijakan yang inklusif.
“Sekitar 24 studi saya dikutip oleh Badan Kesehatan Dunia (WHO) atau entitas global lainnya dan menjadi rekomendasi kebijakan,” jelasnya. Hal tersebut menunjukkan bagaimana riset akademis dapat memberikan dampak nyata.
Pesan untuk Komunitas Akademik
Sebagai pesan inspiratif bagi para peneliti muda, Prof Ferry menekankan pentingnya tiga hal utama, yakni kerja keras, kolaborasi, dan menjadi pembelajar sepanjang hayat. “Keyakinan saya, pintar itu ke sekian, tapi yang penting kita tekun, kerja keras, dan disiplin. Itu yang akan membentuk dan mengarahkan capaian kita,” tuturnya.
Pengakuan global ini menjadi motivasi bagi seluruh civitas academica UNAIR untuk terus menghasilkan riset yang unggul dan memberikan solusi nyata bagi permasalahan bangsa dan dunia.
Penulis: Ahmad Abid Zhahiruddin
Editor: Yulia Rohmawati",2025-09-25,2025,3:21 pm,Ahmad Abid Zhahiruddin,Yulia Rohmawati,"Berita, Berita, Prestasi",https://unair.ac.id/ilmuwan-unair-kembali-masuk-daftar-top-2-persen-peneliti-dunia/
UNAIR Dorong Inovasi Kesehatan Masyarakat lewat Forum Akademisi Internasional,"UNAIR NEWS – Universitas Airlangga (UNAIR) kembali menunjukkan komitmennya dalam memperkuat kontribusi bagi kesehatan masyarakat global melalui acara 9th International Symposium of Public Health (ISoPH) sekaligus 1st International Conference of Epidemiology Public Health (ICoEPH). Acara berlangsung di Hotel Morazen, Jalan Kayoon No. 4 – 10 Embong Kaliasin, Genteng, Surabaya, Jawa Timur, Surabaya, pada Rabu (24/9/2025).
Konferensi internasional tersebut juga menghadirkan beberapa pembicara yaitu Prof Dr Ratna Dwi Wulandari SKM MKes (Dekan Fakultas Kesehatan Masyarakat UNAIR), Prof Kelly Johnston (University of Queensland, Australia), Prof Taro Yamauchi (Hokkaido University, Japan), serta perwakilan dari Wakil Gubernur Jawa Timur.
Perkuat Kolaborasi dan Strategi
Dalam kesempatan tersebut, Wakil Rektor Bidang Riset, Inovasi, dan Community Development, Prof Muhammad Miftahussurur dr MKes SpPD-KGEH PhD FINASIM dalam sambutannya menyampaikan bahwa UNAIR akan terus menghadirkan inovasi dan riset yang dapat memberikan manfaat nyata bagi masyarakat.
“Universitas Airlangga berkomitmen untuk terus menghadirkan inovasi dan riset yang memberi manfaat nyata bagi masyarakat. Konferensi ini menjadi langkah penting dalam memperkuat kontribusi akademisi Indonesia di kancah global,” ujarnya.
Ia menambahkan, konferensi internasional ini harapannya tidak hanya menjadi ajang berbagi pengetahuan. Melainkan juga mampu melahirkan inovasi nyata yang melampaui target awal. “Semoga membawa kontribusi lebih besar bagi kesehatan masyarakat. Baik di tingkat nasional maupun global,” tegasnya.
Hadirkan Tokoh Nasional dan Internasional
Mengusung tema Revolutionizing Public Health: Innovations and Strategies for a Resilient Future , forum internasional ini juga menghadirkan pakar serta pemangku kebijakan dari berbagai negara. Hadir di antaranya Prof Dato’ Dr Mohd Rizal Abdul Manaf (Universiti Malaya, Malaysia), Prof Deborah Lupton (University of New South Wales, Australia), Prof Hiromi Tanaka (Tokyo Metropolitan University, Jepang), serta Prof Gillian Fergie (University of Glasgow, Skotlandia).
Selain berbagi pengetahuan, kegiatan ini menjadi wadah strategis untuk memperkuat kolaborasi riset lintas negara. Melalui forum ini, diharapkan lahir strategi dan inovasi yang dapat menjawab tantangan kesehatan global sekaligus memperkuat ketahanan kesehatan. Baik di tingkat lokal maupun internasional.
Penulis : Marissa Farikha Siti Fatimatuzzahra
Editor: Yulia Rohmawati",2025-09-25,2025,9:39 am,,Yulia Rohmawati,"Berita, Berita, news-fkm",https://unair.ac.id/unair-dorong-inovasi-kesehatan-masyarakat-lewat-forum-akademisi-internasional/
"Nizar, Mahasiswa Matematika UNAIR Sabet Medali Perak di Ajang Sains Internasional","UNAIR NEWS – Prestasi membanggakan kembali diraih mahasiswa Universitas Airlangga . Ahmad Nizar Syahputra, mahasiswa Program Studi Matematika Fakultas Sains dan Teknologi angkatan 2024, berhasil meraih medali perak dalam ajang International Walisongo Science Competition (IWSC) 2025 bidang Matematika.
Meski masih berstatus mahasiswa baru, Nizar sudah mampu bersaing di tingkat internasional. Ia mengaku pencapaian ini menjadi motivasi untuk terus berkembang. “Alhamdulillah, rasanya tentu sangat bersyukur dan bangga. Prestasi ini bagi saya bukan akhir, tapi motivasi untuk terus belajar, berlatih, dan mengembangkan diri agar bisa memberikan hasil yang lebih baik lagi,” ungkapnya.
Awal Ketertarikan dan Persiapan
Kecintaan Nizar pada matematika sudah tumbuh sejak lama. Hobi tersebut yang mendorongnya aktif mengikuti kompetisi, termasuk di level internasional. “Rasanya seru kalau bisa ikut lomba yang sesuai hobi saya. Selain mengasah kemampuan, juga menambah pengalaman baru,” jelasnya.
Dalam persiapan, Nizar memperdalam materi melalui buku referensi dan sumber relevan. Ia juga rutin mengerjakan soal, terutama dari kompetisi sebelumnya. “Saya berusaha mengatur waktu belajar dengan baik agar persiapan lebih maksimal,” tambahnya.
Pengalaman Berkesan dan Tantangan
Dari berbagai lomba yang pernah diikuti, Nizar menyebut Mathematical Analysis & Geometry Day (MaG-D XVI) 2025 di ITB sebagai salah satu yang paling berkesan. Pada ajang itu, ia berhasil meraih medali perunggu. “Atmosfer persaingan secara luring sangat berbeda. Saya bisa bertemu langsung dengan peserta dari berbagai universitas,” kenangnya.
Namun, IWSC 2025 juga meninggalkan kesan mendalam karena menjadi ajang internasional pertama yang mengantarkannya meraih medali perak.
Nizar tidak menampik pernah menghadapi kesulitan saat lomba, terutama ketika waktu terbatas dan soal terasa sangat sulit. Ia mengatasinya dengan tetap tenang, fokus pada soal yang dikuasai, dan mengatur strategi pengerjaan. Menurutnya, pengalaman mengikuti kompetisi bukan hanya soal menang atau kalah, tetapi juga melatih mental, pola pikir kritis, problem solving, serta kemampuan beradaptasi dalam tekanan.
Di balik keberhasilannya, dukungan keluarga, teman, dan dosen menjadi faktor penting. “Dukungan terbesar tentu dari keluarga yang selalu memberi doa. Teman-teman dan dosen di Prodi Matematika juga banyak memberi motivasi dan arahan,” ujarnya. Ia berharap mahasiswa UNAIR lain juga berani mencoba, karena setiap lomba selalu memberikan pelajaran berharga dan pengalaman akademik yang sangat berharga serta bermanfaat luas.
Penulis: Dara Devinta Faradhilla Editor: Ragil Kukuh Imanto",2025-09-24,2025,10:55 am,Dara Devinta FaradhillaEditor: Ragil Kukuh Imanto,,"Berita, Berita",https://unair.ac.id/nizar-mahasiswa-matematika-unair-sabet-medali-perak-di-ajang-sains-internasional/
"Berdayakan Driver Prasejahtera lewat Infaq dan Wakaf Produktif, Tim UNAIR Raih Juara II SEHATI","UNAIR NEWS – Tim Universitas Airlangga (UNAIR) kembali menorehkan prestasi membanggakan. Dalam ajang Sharia Economy Activity (SEHATI) 15 yang terselenggara di Universitas Diponegoro, Kamis (18/9/2025), tim UNAIR berhasil meraih juara 2. Mereka mengusung gagasan bertajuk Waraqah : Inovasi Mobility-Fi Syariah dengan Auto-Sedekah Blockchain dan Wakaf Digital untuk Pemberdayaan Ekonomi Driver Prasejahtera. Tim tersebut beranggotakan tiga mahasiswa Fakultas Ekonomi dan Bisnis (FEB) yakni Sagita Audiyah Az Zahroh, Muhammad Najwan Mafazi, dan Haidarulhilal Langgay Ridwan.
Sagita, selaku perwakilan tim, menjelaskan bahwa ide ini lahir berdasarkan data. Di mana mereka menemukan bahwa tren penggunaan layanan transportasi berbasis aplikasi diperkirakan meningkat pesat pada tahun 2025-2030. “Peningkatan ini akan membuka banyak lapangan kerja baru, khususnya di sektor informal. Namun, di sisi lain, tingkat pengangguran masih menunjukkan tren naik sejak Februari 2025,” tuturnya.
Jawab Persoalan
Menurutnya, aplikasi ojek online yang sudah ada di pasar saat ini masih memiliki kelemahan. Beberapa di antaranya adalah potongan komisi yang relatif tinggi, kurangnya transparansi pembagian hasil, serta belum adanya ekosistem berbasis nilai-nilai syariah.
Untuk menjawab persoalan itu, tim UNAIR menawarkan aplikasi ojek online dengan keunikan pada fitur auto sedekah. Melalui fitur ini, setiap pelanggan dapat menentukan persentase dana sedekah yang langsung tersalurkan kepada driver ketika melakukan pemesanan.
Tak berhenti di situ, inovasi ini juga meluncurkan fitur wakaf produktif. Fitur ini bertujuan untuk masyarakat yang ingin menjadi driver namun terhalang karena tidak memiliki kendaraan. “ Driver dapat mengajukan permohonan melalui fitur tersebut. Dari dana wakaf yang terkumpul, akan dibelikan motor bagi driver . Kepemilikan motor nantinya berpindah kepada driver setelah masa sewa selesai,” terang Sagita.
Layanan Pembiayaan Tanpa Riba
Selain itu, aplikasi ini juga menyiapkan layanan pembiayaan tanpa riba bagi driver , serta edukasi ekonomi syariah. Tujuannya agar para pengguna dan mitra memiliki literasi yang baik dalam pengelolaan keuangan sesuai prinsip syariah.
Lebih lanjut, Sagita menegaskan bahwa tujuan utama tim adalah membangun sebuah ekosistem ekonomi syariah dalam satu platform. “Kami ingin satu aplikasi ini menjadi media distribusi harta dari orang yang memiliki kelebihan kepada mereka yang membutuhkan. Dengan peluang yang ada, kami ingin memberikan solusi nyata berbasis nilai-nilai Islam,” ungkapnya.
Keberhasilan tim UNAIR dalam ajang SEHATI 15 tidak hanya membuktikan daya inovasi mahasiswa. Tetapi juga memperlihatkan bahwa konsep ekonomi syariah dapat diimplementasikan dalam solusi digital yang dekat dengan kehidupan sehari-hari.
Penulis: Rizma Elyza
Editor: Yulia Rohmawati",2025-09-24,2025,10:00 am,Rizma Elyza,Yulia Rohmawati,"Berita, Berita, Prestasi",https://unair.ac.id/berdayakan-driver-prasejahtera-lewat-infaq-dan-wakaf-produktif-tim-unair-raih-juara-ii-sehati/
"Hadirkan Solusi Kesehatan hingga Teknologi, ACDH Bantu Atasi Masalah Masyarakat Perbatasan","UNAIR NEWS – Universitas Airlangga ( UNAIR ) kembali meneguhkan komitmennya dalam mengabdikan diri pada masyarakat melalui kegiatan Airlangga Community Development Hub (ACDH). Kegiatan tersebut menyasar wilayah perbatasan Indonesia-Singapura. Memasuki tahun keempat, kegiatan kali ini berfokus di Batam Kecamatan Belakang Padang, pulau terluar yang berbatasan dengan Singapura. Rangkaian kegiatan berlangsung pada Rabu-Kamis (17-18/9/2025) menghadirkan kolaborasi lintas fakultas, mitra universitas dalam negeri, hingga perguruan tinggi luar negeri.
Jangkau Masyarakat Perbatasan
Koordinator ACDH, Irfan Wahyudi SSos MComms PhD menjelaskan bahwa kegiatan ini merupakan kesempatan bagi UNAIR untuk hadir lebih dekat dengan masyarakat perbatasan. Kesempatan itu memberikan ruang untuk merespons dan menyampaikan isu-isu kesehatan. Seperti pencegahan stunting, sanitasi, kesehatan gigi hingga penyampaian produk tanaman herbal serta pengenalan budaya Melayu kepada siswa SD 04 Belakang Padang.
“Selain itu, juga ada sosialisasi tindak pidana pencegahan perdagangan orang. Di sini sosialisasi dilakukan oleh FH dan FISIP dan Psikologi. Dan kegiatan di Belakang Padang dilakukan oleh Fakultas Farmasi, Kesehatan Masyarakat, Keperawatan, Kedokteran Gigi, Ilmu Budaya, FIKKIA Banyuwangi,” ungkap Irfan.
Dalam pelaksanaannya, UNAIR bekerja sama dengan Persatuan Dokter Gigi Indonesia (PDGI) Batam dan Universitas RIAU Kepulauan (UNRIKA) sebagai mitra. “Sebelumnya, di situ ada perjanjian penandatanganan kerja sama antara FISIP UNAIR dengan FISIP UNRIKA. Juga sekaligus FH UNAIR dengan FH UNRIKA,” lanjutnya.
Tak hanya bermitra dengan UNRIKA saja, kegiatan ini juga berkolaborasi dengan Universitas Maritim Raja Ali Haji. Selain itu, juga melibatkan universitas luar negeri seperti Universiti Teknologi Malaysia, dan Singapore Management University (SMU).
Manfaat Keberlanjutan
Lebih lanjut, pada tahun keempat ini program ACDH memberikan manfaat nyata bagi masyarakat yang tidak hanya dalam bentuk edukasi. Tahun ini, Fakultas Teknologi Maju dan Multidisiplin (FTMM) UNAIR menyumbangkan peralatan yaitu solar panel untuk charging station . “Sebelumnya UNAIR tahun lalu membangun monumen di Desa Busung dan ada pelantar Jeti yang dipasang di Desa Pemuda Pintan,” ujarnya.
Menariknya, pemberian program hingga pemberian peralatan ini mendapat respons sangat positif dari masyarakat dan berharap dapat berkelanjutan hingga memberi dampak luas. “Selain itu, kegiatan ini akan memberi stimulan agar fakultas dapat mandiri melakukan kegiatan pengabdian masyarakat dan juga semakin menarik perhatian dari institusi asing untuk bergabung dalam kegiatan pengabdian masyarakat. Tentu saja yang bermitra dengan UNAIR,” tutupnya.
Penulis: Adinda Octavia Setiowati
Editor: Yulia Rohmawati",2025-09-24,2025,9:22 am,Adinda Octavia Setiowati,Yulia Rohmawati,"Berita, Berita, Kampus Berdampak, Pengabdian Masyarakat",https://unair.ac.id/hadirkan-solusi-kesehatan-hingga-teknologi-acdh-bantu-atasi-masalah-masyarakat-perbatasan/
"Dosen Komunikasi FISIP Serukan Transformasi Humas Publik, Dari Pencitraan Menuju Kepercayaan","UNAIR NEWS – Dalam gelaran bergengsi Conference Anugerah HUMAS INDONESIA 2025 yang berlangsung di Hotel Platinum Surabaya pada Rabu (23/9/2025), Ketua Perhumas Surabaya Raya sekaligus Dosen Komunikasi Fakultas Ilmu Sosial dan Ilmu Politik (FISIP) Universitas Airlangga (UNAIR) , Dr Suko Widodo Drs MSi menyampaikan pidato kunci.
Mengangkat tajuk “Humas Publik: Dari Menjaga Citra ke Membangun Kepercayaan”, Suko mengajak para praktisi humas untuk melakukan refleksi mendalam. Ia menekankan bahwa esensi humas sejati bukan terletak pada pencitraan instan, tetapi pada pembangunan kepercayaan publik melalui tindakan nyata yang akuntabel.
“Kepercayaan lahir bukan dari kata-kata manis, melainkan dari akuntabilitas komunikasi yang konsisten. Transparansi membuat warga merasa dihormati, dan akuntabilitas membuat mereka yakin bahwa amanah benar-benar dijaga,” tegas Suko.
Simbol Transparansi
Pemaparan Suko berawal dari ilustrasi tentang Masjid Jogokariyan Yogyakarta. Terdapat sebuah papan pengumuman sederhana pada masjid tersebut yang menjadi simbol transparansi dengan mencatat setiap rupiah infak secara terbuka. Menurutnya, praktik kecil ini berdampak besar dalam melahirkan kepercayaan jamaah tanpa perlu kata-kata muluk.
“Sayangnya, praktik seperti Jogokaryan jarang kita temui di ruang komunikasi publik. Banyak humas lembaga negara lebih sibuk mengabarkan siapa yang hadir di rapat, daripada apa yang diputuskan dalam rapat. Rajin menyebar foto pejabat tersenyum, tapi jarang menjelaskan progres kebijakan yang menyentuh kehidupan rakyat,” ujarnya.
Hal ini yang membuat Suko menilai banyak humas yang jatuh dalam jebakan lama. “menjaga citra, bukan membangun kepercayaan. Padahal, kepercayaan publik tidak lahir dari foto-foto seremonial, melainkan dari komunikasi yang terbuka, jujur, dan bisa dipertanggungjawabkan,” tambahnya.
Menjaga Asa
Tak lupa, Suko juga menyodorkan sejumlah contoh praktik baik humas yang masih menjaga asa humas dan patut menjadi teladan. Ia menyoroti command center Pemerintah Kota Surabaya yang membuka data secara real-time yang memungkinkan warga memantau transparansi laporan. Contoh lain datang dari BPBD Jawa Timur yang menunjukkan akuntabilitas komunikasi dalam situasi darurat bencana.
“Di sini kita belajar, komunikasi akuntabel bukan sekadar etika birokrasi, tetapi urusan nyawa manusia. Ulrich Beck dalam Risk Society menekankan bahwa risiko di era modern bukan hanya bencana alam, tetapi juga risiko komunikasi, informasi yang salah, terlambat, atau disembunyikan bisa lebih berbahaya daripada bencana itu sendiri,” paparnya.
Pada akhir, ia menyampaikan tiga pola kunci humas yang membangun kepercayaan, transparan sebelum ada yang meminta, responsif bukan defensif, dan berorientasi pada publik. “Yang kita butuhkan adalah humas yang melayani, humas yang membuat warga tertarik untuk mendengar, dan akhirnya percaya,” pungkasnya.
Penulis: Mohammad Adif Albarado
Editor: Ragil Kukuh Imanto",2025-09-24,2025,3:08 pm,Mohammad Adif Albarado,Ragil Kukuh Imanto,"Berita, Berita",https://unair.ac.id/dosen-komunikasi-fisip-serukan-transformasi-humas-publik-dari-pencitraan-menuju-kepercayaan/
"Berawal dari Hobi, Tim UNAIR Bawa Startup Top Up Lolos P2MW","UNAIR NEWS – Tim mahasiswa Universitas Airlangga ( UNAIR ) kembali menorehkan prestasi dalam bidang kewirausahaan. Mereka berhasil lolos pendanaan pada Program Pembinaan Mahasiswa Wirausaha (P2MW) 2025 dengan inovasi bisnis digital GC Gamingstore, sebuah platform layanan top up game online yang terintegrasi untuk mendukung pengembangan atlet e-sport di tingkat nasional maupun internasional.
Adapun tim GC Gamingstore UNAIR ini terdiri dari beberapa mahasiswa UNAIR yang berasal dari berbagai macam fakultas yakni,  Pandika Ardi H. (Vokasi), Putra Anindita (Vokasi), Martliana Putri ( Vokasi ), Alam Syah Ramadhani (FEB), dan Alwan Hakin RamCadhani (Vokasi).
Persiapan menuju kompetisi ini telah berlangsung sejak Juni 2025. Tim menyusun proposal, mengikuti seleksi tingkat universitas, kemudian melanjutkan ke tingkat nasional. Dari proses panjang tersebut, mereka akhirnya dinyatakan lolos dan memperoleh pendanaan resmi dari Belmawa Dikti.
GC Gamingstore Buktikan Skill Gamer Mahasiswa Jadi Ide Bisnis
“Inovasi yang kami tawarkan adalah platform GC Gamingstore. Platform ini tidak hanya menyediakan layanan top up game, tetapi juga membuka peluang bagi para gamer untuk berkembang menjadi pro player. Harapan kami, bisnis ini mampu memberi dampak nyata pada ekosistem e-sport Indonesia,” jelas Alam Syah Ramadhani, salah satu anggota tim.
Dukungan UNAIR sangat terasa dalam perjalanan ini. Pihak kampus memberikan pendampingan rutin setiap bulan, serta mengadakan workshop P2MW dua kali sepekan selama satu bulan penuh. Kegiatan tersebut menghadirkan narasumber berpengalaman yang relevan dengan pengembangan bisnis mahasiswa, mulai dari strategi pemasaran digital hingga manajemen keuangan usaha rintisan.
Tim Mahasiswa UNAIR Siap Melaju ke KMI Expo
Tim GC Gamingstore menargetkan bisnis ini terus berproses hingga tahap final di KMI Expo mendatang. Mereka juga berencana melakukan ekspansi usaha dengan mencari pendanaan tambahan dari investor lain, mengembangkan fitur-fitur baru pada website, serta meningkatkan kualitas sumber daya manusia agar semakin relevan dengan kebutuhan para gamer.
“Semangat kami adalah membuktikan bahwa keterampilan sebagai gamer tidak bisa dianggap remeh. Justru jika diarahkan dengan tepat, potensi tersebut dapat berkembang menjadi profesi yang menjanjikan,” tambah Alam.
Penulis: Samudra Luhur
Editor: Ragil Kukuh Imanto",2025-09-24,2025,4:38 pm,Samudra Luhur,Ragil Kukuh Imanto,"Berita, Berita",https://unair.ac.id/berawal-dari-hobi-tim-unair-bawa-startup-top-up-lolos-p2mw/
"Waspada Kanker Prostat, Dokter UNAIR TV Ungkap Sering Tak Bergejala di Stadium Awal","UNAIR NEWS – Platform kesehatan digital Fakultas Kedokteran ( FK ) Universitas Airlangga ( UNAIR ), Dokter UNAIR TV , kembali hadirkan segmen mingguan Dokter Edukasi pada Jumat (19/9/2025). Kali ini, topik terbarunya mengangkat seputar “Mitos atau Fakta: Makan Tomat Bisa Mencegah Kanker Prostat?”. Dalam sesi tersebut, hadir dr Gullyawan Rooseno SpU MKedKlin, Dokter Spesialis Urologi sebagai narasumber yang memberi wawasan medis tentang persoalan faktor risiko dan upaya pencegahan kanker prostat.
Kemunculan Kanker Prostat
dr Seno menjelaskan bahwa masih banyak masyarakat beranggapan kurang tepat mengenai prostat. “Banyak orang mengira prostat itu penyakit, padahal sebenarnya prostat adalah kelenjar yang dimiliki semua laki-laki. Ukurannya sebesar kacang walnut dan melingkupi salah satu bagian dari uretra. Fungsinya adalah memproduksi 25 sampai 30 persen cairan ejakulasi untuk melindungi sperma agar tidak cepat mati,” jelasnya.
Ia menerangkan bahwa kanker prostat sendiri muncul ketika sel-sel pada kelenjar prostat berubah menjadi ganas akibat mutasi gen. “Sekitar 95 persen jenis patologinya berasal dari keganasan sel kelenjar, meskipun ada juga jenis lain yang lebih buruk,” terangnya.
Lebih lanjut, dr Seno menyebutkan bahwa orang dengan keturunan Afrika atau memiliki riwayat keluarga kanker prostat memiliki risiko lebih tinggi terpapar. Sementara itu, angka kejadian kanker ini di Asia lebih rendah daripada dengan Eropa, Amerika, dan Afrika. Meski demikian, kata dr Seno, rata-rata penyebabnya tetap dipengaruhi faktor genetik.
Selain faktor keturunan, dr Seno menyebut bahwa beberapa gaya hidup dicurigai sebagai salah satu faktor risiko. “Obesitas, merokok, konsumsi makanan tinggi lemak jenuh, serta kurang sayur dan buah dapat meningkatkan risiko kanker prostat. Namun hal ini tidak selalu akan berujung, ya,” ujar dr Seno.
Lakukan Skrining Dini
Ia menambahkan, kanker prostat pada tahap awal sering tidak bergejala. Jika pun ada, gejalanya mirip dengan pembesaran prostat jinak atau infeksi saluran kencing, seperti sering buang air kecil, kencing terputus-putus, hingga rasa tidak lampias setelah berkemih. Pada stadium lanjut, tambahnya, kanker bisa menyebabkan disfungsi ereksi, nyeri tulang, bahkan kesulitan buang air kecil.
Untuk deteksi dini, dr Seno menyarankan skrining melalui colok dubur atau tes Prostat Spesifik Antigen (PSA). “Bagi pria dengan riwayat keluarga kanker prostat, skrining sebaiknya dimulai pada usia 45 tahun. Sedangkan yang tidak memiliki riwayat keluarga tersebut dapat check ke dokter urologi di atas usia 50 tahun,” ujarnya.
Selain itu, menjawab pertanyaan yang beredar di masyarakat terkait konsumsi tomat, dr Seno menegaskan bahwa hal itu merupakan mitos. “Tomat memang mengandung antioksidan, tapi penelitian menyebutkan tidak ada perbedaan signifikan terhadap penurunan kejadian kanker prostat,” tegasnya. Sementara itu, anggapan lain jika masturbasi mempengaruhi risiko kanker prostat, menurutnya, masih membutuhkan penelitian lebih lanjut.
“Kalau kanker prostat menyerang pria berusia lanjut itu fakta. Rata-rata pasien usianya di atas 40 tahun, tapi sekali lagi dengan riwayat keluarga yang sebelumnya memiliki kanker prostat. Di Indonesia, kebanyakan pasien baru terdiagnosis kanker prostat saat penyakit sudah menyebar. Karena itu, saya menganjurkan agar pria melakukan skrining sejak dini. Jangan menunggu gejala muncul karena biasanya gejala baru terasa saat sudah stadium lanjut,” pungkas dr Seno.
Penulis: Nur Khovivatul Mukorrobah
Editor: Ragil Kukuh Imanto",2025-09-23,2025,6:25 pm,Nur Khovivatul Mukorrobah,Ragil Kukuh Imanto,"Berita, Berita",https://unair.ac.id/waspada-kanker-prostat-dokter-unair-tv-ungkap-sering-tak-bergejala-di-stadium-awal/
"Data Analyst Jadi Karier Prospektif, Ini Persiapan yang Perlu Dilakukan Mahasiswa","UNAIR NEWS – Himpunan Mahasiswa Statistika Fakultas Sains dan Teknologi Universitas Airlangga menggelar Bisik Keprofesian Vol. 2 . Sesi bertajuk “Connecting Campus and Career: a Data Analyst’s Perspective” disampaikan oleh Marcelena Vicky Galena S, Stat, Data Analyst PT Sentra Vidya Utama (SEVIMA) sekaligus Alumni Statistika UNAIR 2021, pada Minggu (21/9/2025). Acara berlangsung di Gedung Nano, Kampus MERR-C Universitas Airlangga . Puluhan mahasiswa dari berbagai program studi hadir antusias. Sesi dirancang interaktif agar peserta memahami tantangan dan strategi membangun karier di bidang data.
Menyiapkan Karier di Era Digital
Marcelena menekankan tiga kompetensi utama yang perlu ada pada lulusan Statistika, yaitu komunikasi, kreativitas, dan kemampuan analitis. Persiapan karier dapat melalui sertifikasi, pembangunan portofolio, serta mengikuti kursus tambahan. Cara ini membuat kemampuan akademik lebih relevan dengan kebutuhan industri. “Pengalaman magang, organisasi, atau proyek nyata sangat membantu membangun portofolio sekaligus melatih soft skills seperti kepemimpinan dan problem-solving ,” ujarnya. Ia menambahkan mahasiswa perlu mengasah kemampuan sejak awal. Dengan begitu, ketika memasuki dunia kerja, mereka sudah memiliki pengalaman konkret untuk ditunjukkan employer .
Data Analyst: Peluang dan Tantangan
Profesi Data Analyst disebut salah satu peluang terbesar bagi lulusan Statistika di era digital. Peran ini mencakup mendukung pengambilan keputusan berbasis data, mengoptimalkan proses bisnis, dan mendorong inovasi melalui big data serta machine learning . Marcelena menyoroti tantangan fresh graduate , antara lain perbedaan teori kampus dan praktik industri. Mereka juga sering belum terbiasa menggunakan tools profesional seperti SQL, Visual Studio Code, dan GitLab. Adaptasi terhadap budaya kerja cepat dan kolaboratif menjadi tantangan tambahan. Ia menyarankan mahasiswa melakukan proyek kecil, simulasi analisis data, dan mengikuti komunitas data science agar lebih siap menghadapi pekerjaan nyata.
Tips Tetap Kompetitif
Selain menguasai fundamental statistika, matematika, dan logika pemrograman, Marcelena menekankan pentingnya membangun jaringan profesional ( networking ). Mahasiswa juga perlu memperkuat personal branding dan terus mengembangkan soft skills . Kemampuan berkomunikasi dengan tim non-teknis, menyajikan visualisasi data jelas, serta memahami konteks bisnis menjadi poin penting. Hal ini memastikan analisis memiliki nilai nyata bagi perusahaan.
Sesi berujung dengan diskusi interaktif. Mahasiswa berkesempatan bertanya langsung dan mendapatkan tips membangun karier di bidang data. Marcelena menekankan bahwa persiapan terstruktur sejak dini, pengembangan kompetensi berkelanjutan, dan pengalaman nyata menjadi kunci sukses lulusan Statistika memasuki dunia kerja yang dinamis dan kompetitif.
Penulis: Dara Devinta Faradhilla Editor: Ragil Kukuh Imanto",2025-09-23,2025,6:21 pm,Dara Devinta FaradhillaEditor: Ragil Kukuh Imanto,,"Berita, Berita",https://unair.ac.id/data-analyst-jadi-karier-prospektif-ini-persiapan-yang-perlu-dilakukan-mahasiswa/
Seminar FEB UNAIR Angkat Transformasi Bisnis Syariah Menuju SDGs 2030,"UNAIR NEWS – Fakultas Ekonomi dan Bisnis (FEB) Universitas Airlangga menyelenggarakan Seminar Bisnis Islam pada Sabtu (20/9/2025). Mengusung tema “Strengthening the Foundations of Islamic Economy as a Strategic Driver for Business Transformation Towards Achieving the SDGs 2030” , kegiatan ini menghadirkan Prof. Dr. Tika Widiastuti, S.E., M.Si., dosen Ekonomi Islam UNAIR, serta Wildan Salim, Founder Fadlkhera Official, sebagai narasumber utama.
Semangat Wirausaha Syariah
Sesi pertama menghadirkan Wildan Salim yang membagikan kisahnya merintis bisnis fesyen muslim sejak 2015. Ia memulai usaha dengan keterbatasan modal, tetapi tetap berpegang pada mimpi besar untuk mengedukasi pasar sekaligus beradaptasi dengan perkembangan digital marketing.
“Ketika punya mimpi besar, kita punya energi yang tidak akan habis,” ujarnya. Wildan menegaskan bahwa visi besar menjadi sumber semangat untuk terus berinovasi dan menghadapi tantangan. Komitmen itu ia wujudkan dengan menjaga prinsip syariah dalam setiap aspek usaha, mulai dari akad tanpa riba, transparansi kontrak kerja, hingga pemberian gaji tepat waktu meski di tengah pandemi.
Ekonomi Islam dan SDGs 2030
Pada sesi kedua, Prof. Dr. Tika Widiastuti, S.E., M.Si., menegaskan bahwa penguatan pondasi ekonomi Islam menjadi kunci dalam mendorong transformasi bisnis dan pencapaian Sustainable Development Goals (SDGs) 2030. Ia menjelaskan bahwa prinsip maqashid syariah yang mencakup penjagaan agama, jiwa, akal, keturunan, harta, dan lingkungan memiliki keselarasan erat dengan 17 poin SDGs.
“Ekonomi Islam hadir bukan sekadar transaksi, melainkan instrumen keberlanjutan dan keadilan sosial. ZISWAF berperan aktif dalam mengurangi kemiskinan dan meningkatkan kesejahteraan masyarakat,” jelasnya.
Ia juga mencontohkan start-up Evermos yang menghubungkan UMKM dengan pasar melalui ekosistem distribusi berbasis syariah. Menurutnya, Evermos menjadi bukti bahwa nilai-nilai Islam dapat hadir dalam transformasi bisnis sekaligus berkontribusi nyata pada pencapaian SDGs.
Penulis: Era Fazira
Editor: Ragil Kukuh Imanto",2025-09-23,2025,6:15 pm,Era Fazira,Ragil Kukuh Imanto,"Berita, Berita",https://unair.ac.id/seminar-feb-unair-angkat-transformasi-bisnis-syariah-menuju-sdgs-2030/
"Komitmen Dukung Energi Bersih, FTMM Pasang Solar Charging Station di Bintan","UNAIR NEWS – Universitas Airlangga (UNAIR) melalui Airlangga Community Development Hub (ACDH) 2025 menggelar pengabdian Masyarakat di Kabupaten Bintan Provinsi Kepulauan Riau. ACDH kali ini merupakan kolaborasi dari berbagai fakultas, termasuk Fakultas Teknologi Maju dan Multidisiplin ( FTMM ) berkolaborasi dengan Universitas Maritim Raja Ali Haji (UMRAH) Tanjungpinang. Kolaborasi ini membangun stasiun pengisian daya berbasis panel surya (solar charging station) di Desa Pengudang, Kecamatan Teluk Sebong, Kabupaten Bintan, Kepulauan Riau.
Perakitan perangkat tersebut untuk menunjang kawasan wisata mangrove di desa tersebut. Dengan kehadiran perangkat tersebut, wisatawan tidak perlu khawatir ketika ingin mengisi daya perangkat elektroniknya seperti ponsel atau beban listrik ringan lainnya. Stasiun pengisian daya tersebut memiliki dua unit panel surya 100 Wp. Energinya tersimpan pada dua buah baterai 12V – 24 Ah. Pengguna atau wisatawan dapat  memanfaatkan listriknya melalui beberapa stop kontak listrik AC dan juga USB. Dengan desain yang portabel, pemindahan perangkat ini sangat fleksibel. Faktanya, Kabupaten Bintan merupakan salah satu daerah perbatasan negara yaitu antara Indonesia dan Singapura.
Kolaborasi tersebut berhasil menghadirkan inovasi energi terbarukan berupa solar charging station di kawasan pesisir. Rizki Putra Prastio, SSi MT, dosen TRKB FTMM berperan dalam merancang desain sekaligus mengembangkan prototipe. Sebagai leader dalam project ini, ia bersama Yoga Uta Nugraha, ST MT serta mahasiswa M Fadhlul yang terlibat langsung dalam instalasi panel surya. Juga solar charge controller , inverter, hingga baterai penyimpan energi.
Prototipe Lewati Pengujian Lampu
Tim menguji prototipe ini menggunakan lampu dan peralatan listrik sederhana seperti bor tangan. Hasilnya memuaskan. Rizki, menggelar sosialisasi. Turut hadir 25 peserta, mulai dari perangkat desa, kelompok sadar wisata (Pokdarwis), hingga warga sekitar. Diskusi berjalan hangat dan penuh antusiasme, terutama saat membahas manfaat energi surya untuk kebutuhan rumah tangga maupun usaha kecil.
Masyarakat menilai, kehadiran solar charging station tidak hanya menjawab kebutuhan energi ramah lingkungan, tetapi juga membuka peluang baru untuk UMKM lokal. Khususnya karena memerlukan suplai listrik handal dengan biaya lebih terjangkau. Harapannya, inovasi ini menjadi contoh nyata bagaimana kolaborasi kampus dan masyarakat bisa menghasilkan solusi yang bermanfaat. Juga mendorong kemandirian energi di wilayah pesisir.
UMRAH Sambut Positif Kolaborasi
Anton Hekso Yunianto, ST MSi serta Tony Suhendra dari UMRAH menyambut positif kolaborasi ini. Kolaborasi ini menjadi langkah strategis untuk memperkuat implementasi energi baru terbarukan, khususnya melalui pembangunan solar charging station. Tidak hanya menjadi solusi atas keterbatasan akses energi di wilayah sekitar, tetapi juga mendorong pemanfaatan energi ramah lingkungan yang berkelanjutan.
Sementara Iwan Winarto, pengelola Pengudang Mangrove Bintan juga menyambut positif. Dengan desain dari tim UMRAH ini, harapannya solar charging system ini bermanfaat, sebagai sarana pengisian daya. Selain itu sebagai meja komunal. Dengan demikian, masyarakat bisa melakukan pengisian perangkat listrik secara lebih nyaman, aman. Serta sebagai ruang interaksi.
Besar harapan, keberadaan sistem ini mampu memperkuat kemandirian energi. Juga meningkatkan kualitas hidup warga, serta menjadi contoh nyata penerapan teknologi terbarukan di kawasan pesisir.
Komitmen Berikan Solusi Energi Bersih dan Ramah Lingkungan
Solar charging station ini sebagai langkah penting dalam menghadirkan solusi energi bersih dan ramah lingkungan. Sebagai inisiator, FTMM dan bekerjasama dengan UMRAH juga mahasiswa, tidak hanya menghadirkan infrastruktur pengisian daya yang aman dan nyaman. Tetapi juga memperkuat sinergi antara akademisi, masyarakat, dan pengelola lingkungan. Harapannya, program ini berlanjut, meningkatkan kemandirian energi di wilayah pesisir, serta menjadi inspirasi pengembangan energi terbarukan di Indonesia.
Dukung Capaian Tujuan Pembangunan Berkelanjutan
Prof Dr Retna Apsari MSi Dekan FTMM UNAIR menjelaskan, ACDH Bintan merupakan salah satu komitmen FTMM untuk senantiasa berkontribusi pada implementasi renewable energy , khususnya solar energy dalam mensupport pariwisata dan SDGs goal.
Kerja sama antara FTMM UNAIR dan FT UMRAH akan terus berlanjut untuk kegiatan kegiatan penelitian dan pengmas di sekitar Bintan, Batam dan Kepulauan Riau. “Harapannya kerja sama tersebut akan berlanjut ke arah kerjasama penelitian dan pendidikan,” jelas Prof Retna.
Penulis: Yoga Uta Nugraha, Andri Hariyanto",2025-09-23,2025,3:14 pm,"Yoga Uta Nugraha, Andri Hariyanto",,"Berita, Berita, Kampus Berdampak, Pengabdian Masyarakat",https://unair.ac.id/komitmen-dukung-energi-bersih-ftmm-pasang-solar-charging-station-di-bintan/
"FH Gelar Simposium Hukum, Ungkap Kebijakan Kepailitan di Indonesia","UNAIR NEWS – Fakultas Hukum (FH) Universitas Airlangga (UNAIR) untuk pertama kalinya menggelar Simposium Hukum 2025 bertajuk Menyongsong Arah Baru Kebijakan Kepailitan Indonesia . Kegiatan ini merupakan inisiasi Departemen Akademik dan Pengembangan Prestasi (Akapres) Badan Eksekutif Mahasiswa (BEM). Berlangsung pada Sabtu (20/9/2025), simposium tersebut terselenggara di Auditorium lantai 12, Gedung AG Pringgodigdo, FH, Kampus Dharmawangsa-B UNAIR.
Kepada UNAIR NEWS, Ni Putu Gita Mahadewi Matra selaku ketua pelaksana menyampaikan bahwa Simposium Hukum 2025 ini diharapkan menjadi ruang diskusi lintas kalangan. “Saya berharap dengan adanya kegiatan ini, tentunya bisa membuka wawasan mengenai kepailitan. Tidak hanya mahasiswa hukum, tetapi juga masyarakat umum dapat bertukar gagasan bersama praktisi seperti pemerintah, akademisi, hingga law firm ,” ujarnya.
Sejarah Kepailitan di Indonesia
Mengawali sesi materi, Prof Dr M Hadi Shubhan SH MH CN, Guru Besar Hukum Kepailitan FH UNAIR sekaligus satu-satunya di Indonesia menjelaskan perkembangan kepailitan di Indonesia. Dalam pemaparannya, ia menekankan bahwa sejak pasca krisis 1998, jumlah perkara kepailitan terus meningkat dan melahirkan dinamika baru dalam praktik hukum.
Lebih lanjut, Prof Hadi mengungkap empat fungsi utama kepailitan di Indonesia. Mulai dari penyelesaian perusahaan insolven, sarana recovery bagi kreditor, percepatan likuidasi, hingga alternatif eksekusi putusan pengadilan. “Indonesia ini unik karena fungsi kepailitannya lebih luas dibandingkan negara lain, tetapi efektivitasnya masih lemah. Recovery rate rendah, ekosistem keuangan dan data aset belum mendukung, bahkan kerap terjadi penyalahgunaan instrumen kepailitan,” jelasnya.
Arah Kebijakan serta Regulasi
Sementara itu, Henry Sulaiman SH ME, Direktur Perdata Direktorat Jenderal Hukum Umum Kementerian Hukum (Kemenkum) RI menyoroti relevansi Perubahan Undang-Undang Nomor 37 Tahun 2004 tentang Kepailitan dan Penundaan Kewajiban Pembayaran Utang (UU KPKPU). Ia menilai, regulasi tersebut perlu diperbarui agar sejalan dengan perkembangan zaman.
“Revisi regulasi bukan sekadar teknis semata, melainkan menyangkut kepercayaan dunia usaha dan kepastian hukum. Pertanyaannya, apakah regulasi kita masih sesuai dengan tantangan saat ini? Kami bersama para pemangku kepentingan sedang menyiapkan pembaruan agar sistem kepailitan lebih efektif, adil, dan sejalan dengan praktik global,” imbuhnya.
Tantangan Praktik Lintas Batas
Menutup sesi materi, Dr Farih Romdoni Putra SH MH, Partner di Karna Partnership mengangkat isu cross border insolvency yang kian relevan. Menurutnya, perkara kepailitan lintas batas kerap terhambat oleh perbedaan yurisdiksi, biaya tinggi, serta lamanya proses. Ia mencontohkan kasus Garuda Indonesia dan Duniatex sebagai bukti keterbatasan hukum domestik dalam menghadapi kompleksitas global.
“Indonesia belum mengadopsi UNCITRAL Model Law, padahal itu penting untuk memperkuat kerja sama internasional dan regional. Tanpa payung hukum yang jelas, efektivitas penanganan kepailitan lintas negara akan selalu terbatas,” ungkapnya.
Sebagai informasi, Simposium Hukum 2025 ini juga menggelar forum group discussion (FGD) yang membagi peserta ke dalam kelompok-kelompok kecil untuk mendiskusikan kasus dan isu seputar kepailitan. Selain itu, acara ini turut membuka kesempatan magang bagi mahasiswa hukum yang ingin memperdalam praktik kepailitan.
Penulis: Fania Tiara  Berliana M
Editor: Yulia Rohmawati",2025-09-23,2025,2:22 pm,Fania Tiara  Berliana M,Yulia Rohmawati,"Berita, Berita, news-fh",https://unair.ac.id/fh-gelar-simposium-hukum-ungkap-kebijakan-kepailitan-di-indonesia/
Kolaborasi UNAIR dan Pengrajin Batik Batu Hadirkan Solusi Nano-Karbon bagi Limbah Pewarna Batik,"UNAIR NEWS – Program Studi Rekayasa Nanoteknologi , Fakultas Teknologi Maju dan Multidisiplin (FTMM) , Universitas Airlangga (UNAIR) melaksanakan program pengabdian kepada masyarakat dengan membantu pengrajin batik di Kota Batu mengatasi limbah pewarna batik yang berpotensi mencemari lingkungan, Sabtu (20/9/2025).
Tantangan Limbah Batik
Produksi batik di Kota Batu berkembang pesat hingga mahsyur di tingkat internasional. Perkembangan ini berdampak positif bagi perekonomian lokal, tetapi menimbulkan persoalan lingkungan. Limbah cair dari proses pewarnaan batik mengandung bahan kimia berbahaya yang dapat mencemari air, merusak ekosistem, bahkan menimbulkan risiko kesehatan jangka panjang seperti gangguan pencernaan hingga kanker.
Inovasi Nano-Karbon dari Batok Kelapa
Sebagai solusi, tim UNAIR bersama UMKM batik memperkenalkan nanomaterial berbasis karbon dari batok kelapa untuk mengolah limbah cair. Proses berlangsung dengan pembakaran pada suhu tertentu lalu proses penghalusan menggunakan alat ball mill . Material ini memiliki daya serap tinggi karena luas permukaannya besar, sehingga efektif menyerap zat pewarna berbahaya sebelum membuang limbah ke lingkungan.
Sebanyak 21 pelaku UMKM batik mengikuti kegiatan yang berlangsung di SLB Eka Mulia, Kota Batu. Acara meliputi sosialisasi pembuatan nano-karbon, demonstrasi penggunaan, serta diskusi interaktif. Para peserta juga mendapat paket nano-karbon siap pakai untuk diterapkan langsung pada proses produksi batik mereka. “Saya baru tahu limbah kelapa bisa dimanfaatkan untuk mengolah limbah pewarna batik,” ungkap salah satu peserta.
Menariknya, kegiatan ini juga melibatkan siswa disabilitas SLB Eka Mulia yang ikut membantu proses produksi batik. Kolaborasi ini menunjukkan bahwa pengolahan limbah tidak hanya bermanfaat bagi lingkungan, tetapi juga mampu mendukung pemberdayaan masyarakat secara inklusif.
Kontribusi bagi SDGs
Menurut ketua pelaksana, Tahta Amrillah, PhD, teknologi nano-karbon membantu pengrajin batik menerapkan produksi ramah lingkungan yang mendukung SDG 12 (konsumsi dan produksi berkelanjutan). Teknologi ini juga berkontribusi pada SDG 6 (air bersih dan sanitasi) serta SDG 13 (penanganan perubahan iklim).
“Program ini tidak hanya memberi solusi teknologi, tetapi juga mengubah perilaku pengrajin agar lebih peduli lingkungan,” jelas Tahta. Hal serupa disampaikan Mirza Ardella Saputra, PhD, yang menambahkan bahwa tim sedang mengembangkan prototipe pengolahan limbah berbasis nanoteknologi untuk dimanfaatkan langsung oleh UMKM batik.
Acara berujung dengan penyerahan cinderamata oleh Wakil Dekan III FTMM, Prastika Krisma Jiwanti, PhD. Ia berharap program ini berlanjut dan menghasilkan hilirisasi ilmu yang bermanfaat. “Dengan aplikasi nanoteknologi, pengolahan limbah bisa dilakukan secara mandiri oleh masyarakat. Harapannya, industri batik di Kota Batu terus berkembang tanpa mencemari lingkungan, sekaligus memperkuat kontribusi Indonesia pada pencapaian SDGs,” ujarnya.
Penulis: Dara Devinta Faradhilla Editor: Ragil Kukuh Imanto",2025-09-22,2025,7:34 am,Dara Devinta FaradhillaEditor: Ragil Kukuh Imanto,,"Berita, Berita",https://unair.ac.id/kolaborasi-unair-dan-pengrajin-batik-batu-hadirkan-solusi-nano-karbon-bagi-limbah-pewarna-batik/
"BEM UNAIR Gelar KATALIS, Bahas Strategi Menulis Kajian dan Tantangan Kebijakan di Surabaya","UNAIR NEWS – Kementerian Politik dan Kajian Strategis BEM Universitas Airlangga menggelar KATALIS, Kelas Kajian Taktis dan Literasi Strategis, sebagai wadah pembelajaran isu publik dan literasi mahasiswa. Kegiatan berlangsung pada Sabtu (20/9/2025) di Ruang Candradimuka Lantai 9, Gedung Nano, Kampus MERR-C, dengan dua sesi utama: talkshow kebijakan publik Surabaya dan kelas menulis kajian. Puluhan mahasiswa dari berbagai fakultas hadir, menunjukkan antusiasme tinggi terhadap pembelajaran isu strategis dan praktik penulisan akademik yang sangat bermanfaat.
Menyusuri Proses dan Tantangan Kebijakan Surabaya
Sesi pertama menghadirkan M Eri Irawan SE MKp, Ketua Komisi C DPRD Kota Surabaya. Talkshow bertema “Dari Meja Rapat ke Jalanan Kota” membahas proses dan tantangan kebijakan publik, mulai dari identifikasi masalah, perumusan solusi, pengambilan keputusan, implementasi, hingga evaluasi. Pengawasan tiap tahap penting agar kebijakan benar-benar dapat masyarakat rasakan. Tantangan yang ada di Surabaya meliputi keterbatasan waktu, alokasi anggaran bergantung pusat, dan beberapa wewenang yang provinsi tarik, sehingga kolaborasi lintas instansi menjadi sangat penting.
Contoh kebijakan berbasis ekonomi kerakyatan: program Dandan Omah padat karya, aplikasi e-Peken untuk UMKM, dan pembagian perlengkapan sekolah gratis. “Uang dari Surabaya harus berputar di Surabaya dan untuk orang Surabaya,” tegas Eri. Ia mengajak mahasiswa ikut mengawal kebijakan dan menyuarakan aspirasi warga.
Menajamkan Pena: Strategi Menulis Kajian dan Policy Brief
Sesi kedua menghadirkan Kukuh S Wibowo, jurnalis senior dan redaktur Tempo Surabaya. Ia membagikan strategi praktis menulis kajian dan policy brief . Tulisan kajian harus bisa dibaca, dipahami, dan menjadi dasar pengambilan keputusan. “Kita perlu mengasah kepekaan membaca isu sekitar, lalu menerjemahkannya ke tulisan bernilai strategis,” ujarnya.
Kukuh menekankan gaya menulis lugas, tajam, berbasis data, serta membedakan tulisan populer, artikel akademik, dan policy brief . Policy brief harus ringkas, langsung ke inti, dan memberikan rekomendasi yang dapat menjadi acuan tindaklanjut. Peserta antusias menyusun kerangka kajian, dari latar belakang, identifikasi masalah, hingga rekomendasi. Salah satu peserta mengaku lebih memahami bahwa tulisan bisa akademis sekaligus komunikatif, dan tetap menyenangkan untuk dibaca serta mudah dipahami.
BEM UNAIR berharap mahasiswa aktif menulis analisis isu strategis dan memahami dinamika kebijakan publik. “Program ini diharapkan berkelanjutan sehingga mahasiswa terbiasa menulis, bukan sekadar membaca, tetapi juga mengaplikasikan ilmu yang diperoleh dalam kehidupan nyata,” tutup Kukuh.
Penulis: Dara Devinta Faradhilla Editor: Ragil Kukuh Imanto",2025-09-22,2025,7:50 am,Dara Devinta FaradhillaEditor: Ragil Kukuh Imanto,,"Berita, Berita",https://unair.ac.id/bem-unair-gelar-katalis-bahas-strategi-menulis-kajian-dan-tantangan-kebijakan-di-surabaya/
"Gagas Ide Produk Hijau, Tim Mahasiswa UNAIR Sabet Juara Dua Ajang Business Plan","UNAIR NEWS – Inovasi ramah lingkungan kembali lahir dari tim mahasiswa Universitas Airlangga ( UNAIR ). Melalui mahasiswa Fakultas Ekonomi dan Bisnis ( FEB ), Muhammad Maulana dan Nur Sofwatun Nisak, sukses menyabet juara dua dalam ajang Business Plan Competition Bizmart, Kamis (18/9/2025).
Bizmart merupakan kompetisi tahunan yang terselenggara oleh Fakultas Bisnis Maritim Politeknik Perkapalan Negeri Surabaya (PPNS). Dengan mengusung tema Sustainability in Business: From Vision to Action, ajang itu kembali mempertemukan lebih dari 150 tim dari berbagai universitas di Indonesia untuk beradu ide bisnis unggul dan inovatif.
Gagas Produk Pengganti Plastik
Dalam ajang tersebut, Maulana dan Nisak memperkenalkan produk inovatifnya bernama Seavo. Produk buatan mereka memanfaatkan limbah sekam padi dan rumput laut yang diolah menjadi bermacam barang fungsional, mulai dari wadah makanan hingga pelindung gawai.
Maulana pun bercerita bahwa ide tim muncul dari keresahan terhadap lingkungan sekitar, mereka banyak menemui adanya plastik dalam penggunaan berbagai produk. “Kami melihat kebiasaan masyarakat yang masih bergantung pada plastik. Melalui Seavo, kami ingin menghadirkan solusi produk yang ramah lingkungan, sehat, sekaligus mendukung keberlanjutan,” ujar mahasiswa asal program studi akuntansi itu.
Senada dengan Maulana, Nisak turut menyebut bahwa keunikan Seavo tidak hanya ada pada konsep keberlanjutannya, tetapi juga proyeksi biaya yang realistis untuk merealisasikan green product . “Bukan hanya murah dan ramah lingkungan saja, produk yang kami usung juga dapat berkontribusi bagi kesehatan masyarakat Indonesia,” jelasnya.
Tak Berhenti pada Perancangan
Di balik keberhasilan tersebut, strategi paling penting bagi mereka adalah manajemen waktu di tengah kesibukan kuliah dan kegiatan lainnya. “ Give your best effort . Kami hanya ingin menuangkan hasil ide bisnis yang bukan sekadar inovasi saja, tapi juga membawa manfaat bagi semua. Tentu juga membawa nama besar Universitas Airlangga,” tutur Maulana.
Bagi keduanya, Bizmart bukan hanya soal perlombaan, namun juga menjadi ruang belajar sekaligus berjejaring sosial. Mereka berharap, inovasi Seavo tidak berhenti pada perancangan, melainkan benar-benar diproduksi dan beredar di masyarakat.
“Ke depan, kami tidak ingin berhenti hanya sebagai perancang, tetapi juga sebagai pembuat. Seperti kata pepatah, “Kalau bukan sekarang, kapan lagi? Kalau bukan kita, siapa lagi?” Oleh karena itu, kami siap melangkah lebih jauh untuk menciptakan perubahan nyata dan memberikan dampak positif bagi masyarakat,” tegas Maulana.
Penulis: Nur Khovivatul Mukorrobah
Editor: Ragil Kukuh Imanto",2025-09-22,2025,8:04 am,Nur Khovivatul Mukorrobah,Ragil Kukuh Imanto,"Berita, Berita",https://unair.ac.id/gagas-ide-produk-hijau-tim-mahasiswa-unair-sabet-juara-dua-ajang-business-plan/
Kolaborasi UNAIR dan University of Leeds Bekali Dosen Tembus Pendidikan Doktor Internasional,"UNAIR NEWS – Fakultas Psikologi ( FPsi ) Universitas Airlangga ( UNAIR ) bekerja sama dengan University of Leeds Inggris, sukses menyelenggarakan workshop internasional. Workshop tersebut bertajuk Mastering Your PhD Proposal for the UK: Insights from Leeds Experts pada Kamis (18/9/2025). Kegiatan yang berlangsung di Ruang Sidang I Fakultas Psikologi Kampus Dharmawangsa-B itu bertujuan untuk memberikan pemahaman mendalam kepada para dosen. Baik dari lingkungan UNAIR maupun perguruan tinggi lain, mengenai strategi menyusun proposal PhD yang efektif.
Workshop tersebut melibatkan 25 dosen dari berbagai bidang keilmuan yang memiliki minat besar untuk melanjutkan pendidikan ke jenjang doktoral. Antusiasme peserta terlihat sejak awal kegiatan. Mengingat kesempatan ini menghadirkan para pakar langsung dari University of Leeds, salah satu universitas ternama di Inggris dan dunia.
Narasumber dari Berbagai Bidang Keilmuan
Empat narasumber dari University of Leeds hadir untuk membagikan pengalaman dan keahlian mereka. Mereka di antaranya adalah Dr Martin Lamb, School of Education; Dr Geoff Godwin, Lecturer in Global Political Economy; Dr Ilaria Zavoli, Lecturer in Law; Dr Yen Nee Wong, Lecturer in Sociology and Social Policy.
Mereka membagikan strategi dalam menyusun proposal PhD yang kuat. Mulai dari menentukan topik riset yang relevan, menyusun latar belakang masalah, merumuskan pertanyaan penelitian yang tajam, hingga menyesuaikan tema riset dengan bidang keahlian calon pembimbing di universitas tujuan. Para narasumber juga memberikan tips praktis mengenai hal-hal yang sering diperhatikan oleh panel seleksi doktoral di Inggri. Seperti kejelasan kontribusi penelitian dan orisinalitas ide.
Dukungan dari UNAIR untuk Pengembangan SDM
Wakil Dekan III Fakultas Psikologi UNAIR, Dr Primatia Yogi Wulandari menegaskan pentingnya kegiatan ini sebagai bagian dari strategi UNAIR dalam memperkuat kapasitas sumber daya manusia.
“ Workshop ini menjadi salah satu upaya nyata Universitas Airlangga untuk menyiapkan para dosen agar mampu bersaing secara global. Dengan memahami standar internasional dalam penyusunan proposal PhD, dosen UNAIR harapannya lebih siap untuk menembus program doktoral di universitas-universitas ternama dunia. Sekaligus memperluas jejaring riset internasional, ” ungkapnya.
Hal senada juga disampaikan oleh Wakil Dekan III Fakultas Ilmu Sosial dan Ilmu Politik (FISIP) UNAIR, Dina Septiani, PhD. Menurutnya, kegiatan ini tidak hanya berdampak pada peningkatan kompetensi individu, tetapi juga memperkuat ekosistem akademik UNAIR secara keseluruhan.
“Program seperti ini sangat strategis karena mendorong kolaborasi lintas fakultas dan disiplin ilmu. Kami berharap kegiatan bersama University of Leeds ini dapat terus berlanjut. Sehingga semakin banyak dosen UNAIR yang mendapat bekal praktis dalam mempersiapkan diri melanjutkan studi doktoral,” ujarnya.
Komitmen UNAIR dalam Kolaborasi Global
Kegiatan ini juga menjadi bukti komitmen UNAIR dalam memperkuat kolaborasi internasional yang berorientasi pada peningkatan kualitas pendidikan tinggi. Dengan menggandeng University of Leeds, UNAIR berharap dapat membuka lebih banyak peluang kerja sama. Tidak hanya dalam bidang pembelajaran, tetapi juga penelitian bersama, pertukaran akademisi, hingga pengembangan program internasional lainnya.
Workshop Mastering Your PhD Proposal for the UK harapannya menjadi langkah awal yang memberi manfaat jangka panjang, baik bagi para dosen yang ingin melanjutkan studi doktoral maupun bagi UNAIR dalam memperluas reputasi akademiknya di tingkat global.
Kolaborasi seperti ini sekaligus sejalan dengan visi UNAIR Hebat. Yaitu melahirkan sumber daya manusia yang unggul, berdaya saing internasional, dan memberikan kontribusi nyata bagi kemajuan ilmu pengetahuan dan masyarakat.’
Penulis: Muhamamad Syahran Ananta
Editor: Yulia Rohmawati",2025-09-22,2025,8:29 am,Muhamamad Syahran Ananta,Yulia Rohmawati,"Berita, Berita",https://unair.ac.id/kolaborasi-unair-dan-university-of-leeds-bekali-dosen-tembus-pendidikan-doktor-internasional/
UNAIR Tunjukkan Kepemimpinan Digital dalam EduTech Solution Summit 2025,"UNAIR NEWS – Universitas Airlangga ( UNAIR ) kembali menunjukkan kiprahnya di tingkat global melalui partisipasi dalam EduTech Solution Summit 2025. Kegiatan tersebut merupakan bagian dari Higher Education Partnerships Conference (HEPCON) 2025. EduTech Solution Summit 2025 terselenggara atas kolaborasi Majelis Rektor Perguruan Tinggi Negeri Indonesia (MRPTNI) dengan MSW Global. Kegiatan tersebut berlangsung di The Westin, Nusa Dua, Bali pada Jumat-Sabtu (12-13/9/2025).
Sekretaris Universitas, Prof Dr Dwi Setyawan SSi MSi Apt menyambut baik partisipasi tersebut. “Keterlibatan dosen UNAIR dalam forum internasional ini menjadi bukti nyata komitmen universitas untuk memperkuat kapasitas akademik sekaligus meningkatkan reputasi global. Kami mendukung penuh langkah-langkah strategis dalam pemanfaatan teknologi pendidikan demi mendukung transformasi digital perguruan tinggi,” ujarnya.
Dalam forum internasional tersebut, Yutika Amelia Effendi SKom MKom PhD dosen Teknik Robotika dan Kecerdasan Buatan, Fakultas Teknologi Maju dan Multidisiplin ( FTMM ) UNAIR, hadir sebagai wakil UNAIR sekaligus panelis dalam diskusi bertajuk EdTech Procurement and Implementation: Making Smart Investments.
Strategi Investasi dan Implementasi EdTech
Diskusi panel tersebut menyoroti bagaimana perguruan tinggi dan para pemangku kepentingan dapat mengambil keputusan cerdas serta berkelanjutan dalam pengadaan solusi teknologi pendidikan (EdTech). EduTech kini menjadi bagian integral dalam mendukung pembelajaran, penelitian, dan pengabdian masyarakat. Sehingga, pemilihan teknologi yang tepat perlu sejajar dengan misi pendidikan institusi.
Dalam paparannya, Yutika menyampaikan pengalaman UNAIR dalam ketersediaan dan implementasi EdTech. Ia menekankan pentingnya perencanaan sistem teknologi informasi sebagai penunjang utama. Tidak hanya untuk pendidikan, tetapi juga untuk riset, pengabdian kepada masyarakat, serta peningkatan peringkat universitas di level global.
“UNAIR sudah memiliki UNAIR Satu Data . Sehingga seluruh target kinerja fokus pada data untuk bisa melaju di level nasional maupun internasional,” terang Kapten E-Learning UNAIR (2019–2020) itu.
Lebih lanjut, Sekretaris Penjaminan Mutu FTMM itu menegaskan bahwa saat ini UNAIR tengah fokus pada pengembangan konsep Faculty 4.0: Empowering Lecturers for Digital-First Teaching. Dalam konteks tersebut, UNAIR menilai beberapa faktor utama dalam evaluasi solusi EduTech. Antara lain kesesuaian dengan visi dan kurikulum di mana teknologi harus mendukung Capaian Pembelajaran Lulusan (CPL) serta Outcome-Based Education (OBE); keamanan dan kepatuhan untuk memastikan perlindungan data mahasiswa dan dosen sesuai regulasi.
Selain itu, juga integrasi sistem yang kompatibel dengan Learning Management System (LMS) yaitu Hebat e-Learning; user experience mudah digunakan oleh mahasiswa dan dosen; serta skalabilitas dan reliabilitas atau mampu digunakan untuk ribuan mahasiswa tanpa mengorbankan kualitas.
Aktif dalam Jejaring Global
Partisipasi ini sekaligus menegaskan komitmen UNAIR untuk terus aktif dalam jejaring internasional serta terlibat dalam pembahasan strategi pendidikan global. “Bangga dapat mewakili Universitas Airlangga di forum internasional ini. Sekaligus berbagi pengalaman dan belajar dari para pemimpin pendidikan dunia. Baik sebagai akademisi, profesional, maupun penyedia teknologi. Harapannya, strategi pengadaan EdTech dapat semakin cerdas, berkelanjutan, dan berdampak bagi masa depan pendidikan tinggi,” ujar Yutika.
EduTech Solution Summit 2025 berhasil mempertemukan berbagai institusi, pendidik, dan penyedia teknologi dalam upaya bersama membentuk masa depan adopsi teknologi pendidikan yang lebih inklusif dan berkelanjutan.
Penulis: Yutika Amelia Effendi, SKom MKom PhD
Editor: Yulia Rohmawati",2025-09-22,2025,10:14 am,"Yutika Amelia Effendi, SKom MKom PhD",Yulia Rohmawati,"Berita, Berita, featured",https://unair.ac.id/unair-tunjukkan-kepemimpinan-digital-dalam-edutech-solution-summit-2025/
"ATOM FTMM UNAIR Gelar Seminar Fintech Islami, Ajak Mahasiswa Pahami Prinsip Investasi Syariah","UNAIR NEWS – Pesatnya perkembangan digitalisasi menghadirkan peluang sekaligus tantangan di dunia investasi. Bagi umat Islam, peluang ini juga harus sejalan dengan prinsip-prinsip syariah. Menjawab persoalan tersebut, Advanced Technologist Moslems (ATOM), SKI Fakultas Teknologi Maju dan Multidisiplin ( FTMM ) Universitas Airlangga ( UNAIR ) menggelar Islamic Intellectual Studies. Dengan mengusung tema Fintech Islami, acara seminar itu membahas tentang investasi digital dan wealth building . Kegiatan sukses terlaksana, Jumat (19/9/2025) bertempat di Ruang 6.12, Gedung Nano, Kampus MERR-C.
Ketua Umum ATOM, Ilham Rizky Handriansyah, dalam sambutannya menegaskan bahwa investasi digital penting untuk selalu dibarengi dengan nilai-nilai Islam. “Perkembangan pesat teknologi finansial seharusnya tidak menggeser esensi syariah sebagai pijakan utama, melainkan menjadi sarana untuk memperkuatnya,” tutur Ilham.
Pahami Prinsip Dasar Syariah
Dalam kegiatan itu, mengundang Prof Dr Mohammad Nasih MT Ak CA, Rektor UNAIR periode 2020-2025. Prof Nasih memberikan materi tentang prinsip dasar syariah dalam berinvestasi. Ia menjelaskan bahwa prinsip dasar transaksi syariah harus dipahami lebih dulu sebelum memasuki dunia fintech . “Prinsip dasarnya Al Ashlu Fil Mua’malati Al Ibahah . Aktivitas muamalah itu boleh, kecuali ada dalil yang melarang,” ujar Prof Nasih.
Prof Nasih kemudian menekankan ada beberapa larangan dalam transaksi syariah seperti riba, kebohongan, praktik spekulatif atau judi, serta jual beli barang yang tidak halal. Sepanjang transaksi terhindar dari empat hal itu, sebutnya, aktivitas investasi tetap sah dilakukan. “Namun jangan hanya investasi, tapi kembangkan teknologi. Bisa punya bank misalnya. Itu harapan saya,” imbuhnya.
Ketahui Penyaluran Manfaat
Selain itu, Prof Nasih juga menyoroti perbedaan antara bank syariah dan konvensional. Jika bank konvensional bebas menyalurkan dana ke berbagai sektor selama menguntungkan, maka bank syariah menekankan pada kebermanfaatan dan prinsip tolong-menolong.
“Perbedaan strategis dan penting. Bank konvensional tidak ada batasan menyalurkan ke mana saja. Asal menguntungkan, oke. Ini kadang-kadang orang enggak merasakan berkaitan penyaluran. Bukan sekadar bunga saja riba, tapi jangan lupa soal distribusi penggunaan uangnya atau aspek pemanfaatannya,” jelas Prof Nasih.
Kembangkan Keahlian dan Kreativitas
Lebih lanjut, Prof Nasih berpesan agar mahasiswa tidak memaksakan diri untuk melakukan investasi besar. Menurutnya, dengan keterbatasan dana, mahasiswa dapat memulai dari hal kecil seperti mengembangkan kreativitas, kewirausahaan, dan inovasi sederhana yang bermanfaat bagi masyarakat.
“Kita bisa menjadi wirausaha, pekerja ilmu. Itu yg paling mungkin kita lakukan di kondisi sekarang. Kalau mau investasi, ya, mengembangkan usaha. Mencari teman-teman yang punya bakat tertentu. Kita kembangkan keahlian, inovasi, lalu kita mencari sumber pendanaan,” tutur Prof Nasih.
Ia menambahkan, “Kalau saya, akan mencari mahasiswa kreatif termasuk mahasiswa-mahasiswa yang punya kegigihan. Menurut saya, keuntungan itu yang luar biasa. Inovasi tidak perlu muluk-muluk, cukup yang menjawab persoalan masyarakat,” ujarnya.
Ia juga menekankan bahwa investasi syariah memberikan dua keuntungan sekaligus, yaitu keuntungan finansial berupa bagi hasil dan keuntungan spiritual berupa pahala serta keberkahan. “Investasi syariah bukan semata mencari profit maksimal, tetapi juga keberkahan. Itulah nilai lebih yang harus dijaga,” pungkas Prof Nasih.
Penulis: Nur Khovivatul Mukorrobah
Editor: Ragil Kukuh Imanto",2025-09-22,2025,10:44 am,Nur Khovivatul Mukorrobah,Ragil Kukuh Imanto,"Berita, Berita",https://unair.ac.id/atom-ftmm-unair-gelar-seminar-fintech-islami-ajak-mahasiswa-pahami-prinsip-investasi-syariah/
Perang Dagang Global dan Dampaknya pada Ekonomi Nasional,"UNAIR NEWS – Universitas Airlangga ( UNAIR ) kembali meneguhkan perannya sebagai kampus rujukan dalam diskursus ekonomi nasional. Melalui Himpunan Mahasiswa Ilmu Ekonomi (HIMA IE) Fakultas Ekonomi dan Bisnis (FEB) UNAIR sukses menyelenggarakan seminar nasional bertema Perang Dagang dan Kondisi Sistem Keuangan: Dampaknya Terhadap Ekonomi Indonesia dan Arah Kebijakan ke Depan pada Sabtu (20/9/2025).
Acara yang berlangsung di Aula Ternate, ASEEC Tower, Kampus Dharmawangsa-B tersebut menghadirkan Maulana Yusuf, Deputi Direktur Pengawasan Bank, Pasar Modal, IKNB, dan Perizinan Otoritas Jasa Keuangan (OJK) Provinsi Jawa Timur. Puluhan peserta dari kalangan publik memenuhi aula untuk menyimak paparan seputar dinamika sektor jasa keuangan.
Dalam forum itu, UNAIR menjadi panggung penting bagi generasi muda dan masyarakat untuk memahami bagaimana perang dagang global berdampak pada ekonomi nasional. Khususnya melalui kinerja lembaga keuangan di Jawa Timur (Jatim).  “Di Jatim, sepertiga realisasi KUR nasional disalurkan. Namun masyarakat perlu bijak memanfaatkan layanan keuangan. Termasuk pinjaman utamanya pinjaman online , agar catatan kredit tetap bersih,” jelas Yusuf.
Literasi dan Perlindungan Konsumen Jadi Kunci
Seminar ini juga menyoroti peran literasi keuangan sebagai benteng perlindungan masyarakat. Yusuf menekankan bahwa tingkat literasi keuangan memang meningkat, tetapi masih tertinggal dari tingkat inklusi. Hal ini berpotensi menimbulkan banyak pengaduan karena masyarakat belum sepenuhnya memahami manfaat maupun risiko program keuangan.
OJK, lanjutnya, menggulirkan sejumlah inisiatif seperti Gerakan Cerdas Keuangan (Gencarkan), program Laku Pandai di daerah 3T, tabungan pelajar Simpel, gerakan Kejar satu rekening satu pelajar, hingga kredit melawan rentenir. Semua ini terpadu dengan layanan perlindungan konsumen berbasis aplikasi maupun forum hukum. “Literasi keuangan adalah perisai masyarakat agar terhindar dari jerat kejahatan di industri jasa keuangan,” tegasnya.
Melalui seminar nasional ini, mahasiswa UNAIR tidak hanya berperan sebagai fasilitator diskusi. Tetapi juga sebagai subjek penyebar gagasan yang relevan dengan kebutuhan bangsa. Kolaborasi antara kampus, otoritas keuangan, dan masyarakat menunjukkan bahwa UNAIR konsisten mendorong hadirnya kebijakan yang sehat, inklusif, dan berdampak luas pada pertumbuhan ekonomi Indonesia.
Penulis: Panca Ezza Aisal Saputra
Editor: Yulia Rohmawati",2025-09-22,2025,11:11 am,Panca Ezza Aisal Saputra,Yulia Rohmawati,"Berita, Berita",https://unair.ac.id/perang-dagang-global-dan-dampaknya-pada-ekonomi-nasional/
"Alumni FKH UNAIR Sabet Beasiswa, Magang, dan Trip ke China","UNAIR NEWS – Kabar membanggakan datang dari alumni Fakultas Kedokteran Hewan Universitas Airlangga. Vania Athalia Indarto Putri, S KH (Angkatan 2021) dan Dizalfa Kayla, S KH (Angkatan 2020), berhasil lolos dalam program prestisius Charoen Pokphand Best Student Award (CPBSA) yang diselenggarakan oleh PT Charoen Pokphand Indonesia (CPI). Capaian ini membuktikan bahwa alumni Kedokteran Hewan UNAIR memiliki potensi besar untuk berkiprah di dunia agribisnis yang berkelanjutan dan inovatif.
Program CPBSA merupakan ajang apresiasi bagi mahasiswa dan alumni berprestasi di bidang peternakan, kedokteran hewan, serta agribisnis. Proses seleksi berlangsung ketat, dimulai dari seleksi administrasi, unggah video “WHY ME?” di media sosial, dilanjutkan dengan psikotes, wawancara, hingga Leaderless Group Discussion (LGD).
Inovasi dan Wawasan Global dari CPBSA
Vania menuturkan bahwa CPBSA memberikan pengalaman berharga yang memadukan pelatihan, magang, hingga studi banding internasional. “Pengalaman magang membuat kami sadar bahwa agribisnis bukan sekadar beternak, melainkan sistem besar yang terintegrasi dari hulu hingga hilir. Puncaknya, saya dapat menyaksikan langsung penerapan teknologi modern di CP Egg Industry Beijing serta belajar pemanfaatan AI dan IoT di China Agricultural University,” ungkap Vania.
Sebelum magang, peserta mendapat pelatihan Understanding Poultry Business through Balanced Scorecard yang membahas produksi, operasional, keuangan, hingga inovasi. Selanjutnya, mereka magang di berbagai unit bisnis Charoen Pokphand untuk memahami agribisnis dari hulu ke hilir.
Puncaknya, peserta mengikuti Poultry Excursion ke Tiongkok, mencakup kunjungan ke VIV Select China 2025 di Nanjing, CP Egg Industry Beijing dengan teknologi robotik berkapasitas 3 juta telur per hari, serta studi banding di China Agricultural University terkait pemanfaatan AI dan IoT dalam agribisnis.
Selain keterampilan teknis, CPBSA juga membekali peserta dengan pengembangan kepemimpinan dan komunikasi. Melalui presentasi proyek, diskusi bersama mentor, serta dinamika kerja tim, Vania belajar mengambil inisiatif, mengelola tanggung jawab, dan beradaptasi dalam lingkungan industri yang besar.
“Program ini membuka mata kami bahwa generasi muda harus berperan aktif sebagai agen perubahan menuju agribisnis yang lebih berkelanjutan,” tambahnya.
Banyak alumni CPBSA sebelumnya telah merasakan dampak nyata, mulai dari meningkatnya kepercayaan diri, jaringan profesional yang lebih luas, hingga peluang karier di perusahaan besar termasuk Charoen Pokphand.
Tak hanya itu, Vania juga menyampaikan harapannya setelah mengikuti program ini. “Kami berharap pengalaman dari CPBSA dapat saya terapkan, baik di dunia kerja maupun di masyarakat. Saya ingin berkontribusi dalam pengembangan agribisnis yang modern dan berkelanjutan di Indonesia, sekaligus menjadi inspirasi bagi generasi muda untuk tidak takut bermimpi besar,” tutup vania.
Penulis : Dheva Yudistira Maulana
Editor : Khefti Al Mawalia
",2025-09-22,2025,11:20 am,,,"alumni, Berita, Kabar Alumni",https://unair.ac.id/alumni-fkh-unair-sabet-beasiswa-magang-dan-trip-ke-china/
Guru Besar UNAIR Beberkan Peran Strategis Perawat Migran dalam Lingkup Kesehatan Global,"UNAIR NEWS – Guru Besar Keperawatan Universitas Airlangga ( UNAIR ) Prof Ferry Efendi SKep Ns MSc PhD menjadi pembicara dalam Seminar Kebijakan KAIGO kolaborasi Kementerian Kesehatan (Kemenkes) RI bersama Japan International Cooperation Agency (JICA) Project of Enhancement of Caregiver. Seminar tersebut bertajuk Perkembangan Sistem Kesejahteraan Jepang bagi Lansia dan Kemajuan Kebijakan Tenaga Kerja Perawatnya . Kegiatan tersebut berlangsung pada Kamis (18/9/2025) secara hybrid , luring bertempat di Ditjen SDMK lantai 4, Jakarta Selatan, serta daring melalui Zoom Meeting.
Penuaan Penduduk Global
Dalam pemaparannya, Prof Ferry menyoroti bahwa fenomena penuaan penduduk saat ini tengah menjadi perhatian global. Pasalnya, hampir di seluruh dunia, jumlah masyarakat lanjut usia terus meningkat seiring dengan membaiknya kualitas kesehatan. Kondisi ini menuntut adanya sistem layanan jangka panjang atau long-term care (LTC) yang mampu menjamin kualitas hidup lansia.
Ia mencontohkan Jepang sebagai salah satu negara dengan sistem LTC yang terintegrasi. Sistem tersebut tidak hanya mencakup asuransi perawatan lansia, tetapi juga layanan berbasis komunitas atau community-based integrated care . Menurutnya, kebijakan ini dapat menjadi rujukan bagi negara lain, khususnya Indonesia, yang sedang bersiap menghadapi tantangan serupa.
“ Global population aging membawa tantangan tersendiri. Indonesia menghadapi beban penyakit yang kompleks. Sementara kebutuhan tenaga kesehatan terus berkembang seiring perubahan demografi,” jelasnya.
Peluang Lulusan Institusi Kesehatan
Melihat tantangan tersebut, Prof Ferry yang memiliki rekam jejak meneliti migrasi perawat internasional menilai lulusan institusi kesehatan memiliki peran strategis. Sebab banyak di antara mereka yang bekerja di Jepang sebagai caregiver , sehingga mendapat pengalaman kerja internasional sekaligus meningkatkan keterampilan profesional. Tren migrasi ini, sambungnya, memberi keuntungan bagi Indonesia.
“Indonesia berkontribusi dalam pemenuhan kebutuhan tenaga kerja di Jepang. Sementara returnees (lulusan yang kembali ke negara asal, red ) membawa pulang pengetahuan, pengalaman, serta kompetensi yang bermanfaat,” ujar Ketua REACH UNAIR itu.
Manfaat Returnees
Dengan pengalaman langsung pada sistem pelayanan lansia Jepang, Prof Ferry menyebut para returnees dapat memperkuat sistem kesehatan nasional. Menurutnya, mereka berpotensi membagikan praktik inovatif, memperkaya program pendidikan, sekaligus membantu Indonesia menyiapkan layanan kesehatan untuk mengatasi populasi menua.
Pada akhir, Prof Ferry menegaskan bahwa potensi tersebut perlu dioptimalkan melalui strategi pemanfaatan yang sistematis. “Pengalaman dan pengetahuan yang mereka bawa jangan hanya berhenti pada individu, tetapi harus benar-benar memberi dampak luas bagi masyarakat,” pungkasnya.
Untuk diketahui, Prof Ferry menjadi pembicara bersama sejumlah pembicara nasional dan internasional lainnya. Di antaranya Toshihiro Hayashi selaku Wakil Direktur Jenderal Bidang Kesejahteraan Lansia dan Penyandang Disabilitas, MHLW, Jepang; Yuli Farianti MEpid, Direktur Jenderal SDM Kesehatan; Dr Etty Rekawati SKp MKM, Ketua Kluster Riset Active Aging and Lifelong Wellness; Yonemaru Satoshi, Chief Advisor; dan Anna Kurniati SKM MA PhD, Direktur Penyediaan SDM Kesehatan.
Penulis: Fania Tiara Berliana M
Editor: Yulia Rohmawati",2025-09-22,2025,12:29 pm,Fania Tiara Berliana M,Yulia Rohmawati,"Berita, Berita",https://unair.ac.id/guru-besar-unair-beberkan-peran-strategis-perawat-migran-dalam-lingkup-kesehatan-global/
HIMA Ilmu Ekonomi Bagikan Prinsip dan Strategi Personal Branding di Era Digital,"UNAIR NEWS – Himpunan Mahasiswa Ilmu Ekonomi (HIMA) Fakultas Ekonomi dan Bisnis (FEB) Universitas Airlangga (UNAIR) melalui Divisi Pengembangan Sumber Daya Mahasiswa (PSDM) menggelar seminar Personal Branding Mastery bertajuk “Tantangan dan Peluang Membangun Citra Diri di Era Media Sosial” . Berlangsung pada Sabtu (20/9/2025), di Aula Tirtonegoro Gedung FEB Kampus Dharmawangsa-B, kegiatan tersebut menghadirkan praktisi Andi Azlia Shabirah Labitta Sinjaya.
Dalam paparannya, Azlia menekankan pentingnya membangun branding diri sejak dini di era digital. “Apa yang kita tanam hari ini, dalam sikap maupun karya, akan berbuah di masa depan. Branding bukan soal instan, tetapi soal konsistensi yang meninggalkan cahaya,” ujarnya.
Prinsip dan Strategi Personal Branding
Seminar ini mengajak peserta memahami bahwa branding lahir dari nilai, bukan semata pencitraan. Identitas yang kuat, konsistensi sederhana, serta keberanian untuk tampil apa adanya akan melahirkan kepercayaan dan peluang nyata.
Melalui konsep Starter Pack: Build Your Brand , Azlia mengingatkan pentingnya fokus pada satu bidang, berani memulai dengan langkah kecil, serta menampilkan karya nyata. “Personal branding bukan lomba siapa paling hebat. Yang berani mulai dan konsisten tampil apa adanya, justru lebih menonjol,” jelasnya.
Etika dan Literasi Digital
Tak hanya soal strategi, Azlia juga menekankan literasi digital dan etika bermedia sosial sebagai fondasi penting. Pemahaman terhadap algoritma, dampak sosial, hingga tanggung jawab dalam setiap unggahan disebutnya sebagai kunci membangun reputasi digital yang sehat dan berkelanjutan.
Azlia menegaskan, unggahan sederhana pun dapat meninggalkan jejak panjang sehingga mahasiswa perlu berhati-hati dalam memilih kata, gambar, maupun sikap yang ditampilkan. “Kesalahan bisa menyebar, tapi kebaikan juga bisa menular,” pesannya. Dengan etika yang kuat, media sosial tidak hanya aman digunakan, tetapi juga mampu mencerminkan karakter positif pemiliknya.
Melalui kegiatan ini, HIMA Ilmu Ekonomi FEB UNAIR berharap mahasiswa mampu melihat media sosial lebih dari sekadar hiburan. Selain itu, mahasiswa juga dapat memanfaatkan platform digital sebagai ruang produktif untuk menumbuhkan potensi diri, memperluas jaringan, dan menyiapkan langkah nyata menuju masa depan.
Penulis: Marissa Farikha Siti Fatimatuzzahra
Editor: Yulia Rohmawati",2025-09-22,2025,1:11 pm,Marissa Farikha Siti Fatimatuzzahra,Yulia Rohmawati,"Berita, Berita",https://unair.ac.id/hima-ilmu-ekonomi-bagikan-prinsip-dan-strategi-personal-branding-di-era-digital/
Integritas Jadi Kunci Utama Alumni UNAIR Pimpin BPSDM Kemendag,"UNAIR NEWS – Alumni Fakultas Hukum (FH) Universitas Airlangga (UNAIR), Mardyana Listyowati SH MSE, kini dipercaya memimpin Badan Pengembangan Sumber Daya Manusia (BPSDM) Kementerian Perdagangan . Posisi strategis itu ia capai berbekal nilai integritas dan konsistensi yang dijunjung tinggi sejak awal perjalanan karier.
Mandiri Sejak Remaja
Perjalanan karier Mardyana tidak dapat terlepas dari pendidikannya sejak belia. Saat orang tuanya singgah ke Semarang, ia memilih tetap tinggal di Kota Pahlawan demi mengejar pendidikan terbaik. Hidup jauh dari orang tua mengajarkannya arti kemandirian sejak dini. Meski awalnya penuh kerinduan, pengalaman itu menempanya menjadi pribadi tangguh dengan komitmen kuat terhadap pendidikan.
“Kebetulan saya diterima di SMP Negeri 1 Surabaya yang waktu itu sekolah favorit. Jadi saya agak berat mengikuti orang tua. Akhirnya saya memilih tinggal bersama budhe meskipun jadi satu-satunya anak perempuan di rumah yang dihuni tiga sepupu laki-laki,” kenangnya.
Mardyana kemudian melanjutkan studi ke Fakultas Hukum (FH) UNAIR. Awalnya, ia sempat merasakan penyangkalan dan kurang menikmati dunia hukum. Namun, di kampus inilah ia justru menemukan ruang untuk berkembang serta membangun persahabatan yang bertahan hingga puluhan tahun.
Selepas kuliah, jalan yang ia tempuh tidak mudah. Puluhan lamaran kerja ditolak dan impiannya bekerja di perbankan pun kandas. Namun, kesempatan datang ketika ia diterima di Kementerian Perdagangan. Penempatan awal di Direktorat Hubungan Perdagangan Luar Negeri menjadi pijakan pertamanya.
“Ternyata pegawai negeri tidak seperti yang saya bayangkan, sebab di Hubungan Perdagangan Luar Negeri (HPLN) saat saya masuk dulu jam kerja resmi Senin sampai Sabtu hanya sampai jam dua, tetapi saya justru selalu pulang jam lima,” imbuhnya. Baginya suatu pekerjaan adalah tanggung jawab yang harus tertuntaskan.
Integritas Antarkan ke Puncak
Dalam menjalankan tugas, Mardyana terkenal teguh pada prinsip integritas. Ia pernah menolak penyusunan aturan yang bertentangan meski berisiko berhadapan dengan atasan. Keputusannya terbukti tepat setelah aturan yang ia perjuangkan kemudian disahkan menjadi undang-undang.
Kini, sebagai Kepala BPSDM Kemendag, ia memimpin tiga pusat pengembangan SDM sekaligus membina jabatan fungsional di seluruh Indonesia. “Tugas ini memang berat karena menuntut koordinasi dengan pemerintah daerah dari Sabang sampai Merauke. Tetapi saya melihatnya sebagai amanah mulia untuk memajukan SDM Kementerian Perdagangan,” tegasnya.
Pengalaman internasional juga sempat mewarnai kiprahnya ketika ia mendapatkan kepercayaan bertugas di Lyon, Perancis, selama tiga setengah tahun. Meski harus berpisah dari keluarga, ia melihatnya sebagai konsekuensi pengabdian.
Kepada generasi muda dan alumni UNAIR, ia berpesan agar selalu menjunjung tinggi integritas serta berani menciptakan lapangan pekerjaan, meski dimulai dari hal-hal sederhana. “Tidak perlu malu dengan pekerjaan apapun, yang penting diperoleh secara halal dan kita sudah ikut berkontribusi kepada negara dengan membuka lapangan kerja,” begitu pungkasnya.
Penulis: Panca Ezza Aisal Saputra
Editor: Yulia Rohmawati",2025-09-22,2025,2:01 pm,Panca Ezza Aisal Saputra,Yulia Rohmawati,"alumni, Berita, Berita, Kabar Alumni",https://unair.ac.id/integritas-jadi-kunci-utama-alumni-unair-pimpin-bpsdm-kemendag/
AcSES Hadirkan Akademisi dan Praktisi Ulas Pengelolaan Potensi Ziswaf,"UNAIR NEWS – Association of Sharia Economics Studies (AcSES) Fakultas Ekonomi dan Bisnis (FEB) Universitas Airlangga (UNAIR) membuka rangkaian kegiatan Festival Ilmiah Ekonomi Syariah (Falah) dengan talkshow pada Jumat (19/9/2025) di Aula Fadjar Notonegoro, FEB, Kampus Dharmawangsa-B. Talkshow bertajuk Kajian Fiqih Muamalah (KAFILAH) tersebut mengundang Prof Dr Imron Mawardi SP MSi, guru besar ekonomi Islam UNAIR. Selain itu, hadir dua praktisi Imam Muslim SHI MM CMA CODP dan Moch Rizqi Aladib untuk berdiskusi tentang zakat, infaq, sedekah, dan wakaf (Ziswaf).
Pengelolaan Potensi Ziswaf
Prof Imron menilai pengelolaan potensi Ziswaf di Indonesia masih tidak efisien. Meskipun potensinya diperkirakan mencapai Rp41 triliun, hanya 6 persen muzaki menyalurkan zakat melalui lembaga resmi. “Banyak wakaf, termasuk pembangunan pesantren, tidak tercatat. Umat Islam sebenarnya peduli, tetapi literasi zakat masih rendah,” ujarnya.
Prof Imron menegaskan bahwa kapasitas negara dalam mengelola zakat harus ditingkatkan. Jika dikelola profesional, dana ini bisa meningkatkan kesejahteraan. “Tambahan pendapatan kecil bagi orang miskin berdampak besar bagi konsumsi dan mendorong perekonomian,” katanya.
Pandangan Dua Praktisi Ziswaf
Di sisi lain, Manajer Markom dan Prodaya laznas BMH Jatim Imam Muslim dan Pimpinan Dompet Dhuafa Jatim Moch Rizqi Aladibdan menambahkan bahwa pemerintah memerlukan bantuan akademisi dalam pengelolaan Zaswaf. Mereka menyoroti kecenderungan masyarakat menyalurkan zakat langsung ke pesantren, yang dinilai menghambat peran Badan Amil Zakat Nasional (Baznas).
“Penyaluran melalui Baznas sangat dianjurkan. Karena ini bisa membantu memudahkan pemantauan data dan pertumbuhan zakat,” ujar Imam Muslim.
Baznas disebut tengah menginisiasi badan-badan kecil agar penyaluran dana termonitor lebih baik. Upaya ini harapannya memperkuat peran Baznas sebagai regulator dan operator Ziswaf.
Para praktisi juga mendorong generasi muda untuk aktif mengkampanyekan zakat melalui lembaga resmi. Partisipasi mereka dianggap penting untuk mendukung Tujuan Pembangunan Berkelanjutan (SDGs) dan pengentasan kemiskinan.
“Ziswaf bisa menjadi kekuatan ekonomi umat jika dikelola serius dan transparan. Potensi ini bukan hanya angka, tetapi harapan besar bagi kesejahteraan Indonesia.” tutup Moch Rizqi.
Penulis: Dinnaya Mahashofia
Editor: Yulia Rohmawati",2025-09-22,2025,2:25 pm,Dinnaya Mahashofia,Yulia Rohmawati,"Berita, Berita",https://unair.ac.id/acses-hadirkan-akademisi-dan-praktisi-ulas-pengelolaan-potensi-ziswaf/
"Aksi Nyata BEM FKM, Hadirkan Layanan Kesehatan Gratis dan Donor Darah","UNAIR NEWS – Semangat hidup sehat sekaligus berbagi untuk sesama menjadi fokus utama dalam Fit Fest X Dondar II 2025. Kegiatan tersebut berlangsung pada Jumat (19/8/2025) di Aula Sumarto, Fakultas Kesehatan Masyarakat (FKM) Universitas Airlangga (UNAIR) Kampus MERR-C. Acara ini merupakan kolaborasi antara Kementerian Kajian dan Strategi bersama Kementerian Pengabdian Masyarakat BEM FKM UNAIR, serta menggandeng mitra strategis. Seperti Unit Donor Darah PMI Kota Surabaya, Airlangga Health Promotion Center (AHPC), dan Puskesmas Mulyorejo. Program baru AHPC, Curhatorium, juga hadir memberikan ruang konsultasi kesehatan bagi peserta.
Layanan Kesehatan Gratis dan Aksi Donor Darah
Fit Fest X Dondar II 2025 tidak sekadar menjadi ajang donor darah. Tetapi juga wadah untuk melakukan pemeriksaan kesehatan secara gratis. Mulai dari pengecekan tinggi dan berat badan, kesehatan mata dan mulut, tekanan darah, hingga GCU. Peserta pun mendapatkan berbagai benefit seperti snack, merchandise , serta kesempatan konsultasi kesehatan langsung.
Antusiasme terlihat dari jumlah peserta yang mencapai 117 orang, melebihi target awal 100 orang. Kegiatan ini secara nyata mendukung pencapaian SDGs poin ke-3, Good Health and Well-Being, dengan mengedepankan aksi promotif dan preventif kesehatan.
Ketua Pelaksana program Donor Darah Rizki Sabrina menekankan bahwa kegiatan donor darah tidak hanya membantu pasien yang membutuhkan. Tetapi juga memberikan kesempatan bagi pendonor untuk menjaga gaya hidup sehat dan menjadi bagian dari aksi kemanusiaan yang nyata. “Kegiatan ini tidak hanya menolong pasien, tetapi juga membantu pendonor menjaga gaya hidup sehat,” ujarnya.
Apresiasi Peserta dan Harapan Panitia
Nayla Dewi Putri Wardani, Wakil Ketua Pelaksana Fit Fest HKN, menyampaikan harapannya agar kegiatan ini dapat menjadi rutinitas yang terus berkembang. Ia menekankan bahwa program ini memudahkan masyarakat untuk lebih peduli terhadap kualitas tubuhnya tanpa harus pergi jauh ke fasilitas kesehatan, sekaligus mendorong pengurangan kebiasaan buruk yang merugikan tubuh.
Respons positif juga datang dari peserta. Terlebih, kegiatan ini berlangsung secara gratis, dengan fasilitas kesehatan yang lengkap, mudah diakses, dan prosesnya yang cepat. Dengan semangat kolaborasi dan kepedulian, Fit Fest X Dondar II 2025 membuktikan bahwa gaya hidup sehat bisa berjalan seiring dengan solidaritas sosial. Publik dapat menjaga kesehatan diri sekaligus menyelamatkan nyawa orang lain.
Penulis: Panca Ezza Aisal Saputra
Editor: Yulia Rohmawati",2025-09-22,2025,4:24 pm,Panca Ezza Aisal Saputra,Yulia Rohmawati,"Berita, Berita",https://unair.ac.id/aksi-nyata-bem-fkm-hadirkan-layanan-kesehatan-gratis-dan-donor-darah/
Peringatan Maulid Nabi jadi Ajang Perkuat Spiritualitas dan Moralitas Civitas,"UNAIR NEWS – Peringatan Maulid Nabi Muhammad menjadi momentum penting bagi civitas academica Universitas Airlangga ( UNAIR ) untuk menumbuhkan kecintaan sekaligus meneladani akhlak mulia Rasulullah. Semangat itu terwujud dalam Kajian Spesial Maulid Nabi yang terselenggara di Ruang Utama Masjid Ulul Azmi, Kampus MERR-C, pada Senin (22/9/2025).
Acara tersebut dihadiri langsung oleh Rektor UNAIR, Prof Dr Muhammad Madyan SE MSi MFin beserta jajaran wakil rektor, ketua dan sekretaris senat akademik, sekretaris universitas, para dekan dan wakil dekan, serta civitas academica UNAIR maupun jamaah Masjid Ulul Azmi.
Perdalam Spiritualitas
Dalam sambutannya, Prof Madyan menekankan bahwa peringatan Maulid Nabi ini sejalan dengan motto UNAIR, Excellence with Morality. “Kita ingin mencetak mahasiswa yang berdaya, expert di bidangnya. Namun kita tidak boleh melupakan moralitas dan akhlak mulia. Kehadiran Nabi Muhammad adalah rahmat bagi semesta alam, dan ajarannya merupakan pedoman sempurna bagi kita semua,” tutur Guru Besar Fakultas Ekonomi dan Bisnis ( FEB ) itu.
Ia berharap, melalui kajian kali ini mahasiswa mampu mengambil hikmah dan meneladani Rasulullah dalam kehidupan sehari-hari. “Pribadi yang jujur, amanah, dan peduli sesama adalah cerminan iman yang kuat. Mari kita senantiasa memakmurkan Masjid Ulul Azmi sebagai pusat kegiatan yang tidak hanya memperkaya ilmu, tetapi juga memperdalam spiritualitas,” tambah Prof Madyan.
Teladan Nabi
Kajian itu turut mengundang pemateri Prof Dr H Ahmad Zahro MA Al-Hafidz. Ia menegaskan bahwa kecintaan kepada nabi dapat terwujud melalui bacaan salawat, Al-Qur’an, serta kehadiran di majelis ilmu. “Kehadiran kita di sini adalah bukti bahwa umat Muhammad mencintai nabinya dan meneladani semangat juangnya. Nabi Muhammad adalah makhluk paling mulia sejak diciptakan hingga hari kiamat,” ungkapnya.
Lebih lanjut, Prof Zahro menguraikan tiga dimensi meneladani Rasulullah. Pertama, keteladanan dalam ibadah yang menekankan pentingnya mengikuti tuntunan Nabi. “Ibadah harus mencontoh nabi. Tidak boleh membuat aturan sendiri. Meski berbeda mazhab, semua memiliki dasar dan semuanya benar. Inilah keluasan Islam yang harus kita syukuri,” jelasnya.
Kedua adalah keteladanan dalam aspek sosial-kemasyarakatan. Ia mencontohkan isu poligami yang sering disalahpahami. “Poligami itu seperti sate kambing, halal, tapi kalau tidak mau, ya, tidak apa-apa. Artinya, itu bagian dari syariat, namun bukan kewajiban. Jangan salah menyikapi,” terangnya.
Ketiga, berkaitan dengan keteladanan dalam aspek kebudayaan. Menurutnya, Islam memberi ruang kreativitas selama sesuai dengan prinsip syariat. “Nabi tidak pernah memakai celana, tapi bukan berarti celana bid’ah. Yang penting adalah menutup aurat. Jangan mudah menyalahkan, sebab banyak hal sebenarnya dibolehkan dalam Islam,” ucapnya.
Ingatkan Jaga Persaudaraan
Prof Zahro juga menekankan pentingnya persatuan umat dalam perayaan Maulid tersebut. “Menjelang wafat, Nabi berpesan tiga hal untuk menjaga salat, berpegang pada Al-Qur’an dan hadis, serta bersatu dalam persaudaraan. Perbedaan, jangan menjadi alasan untuk saling memusuhi, namun harus memperkuat ukhuwah,” tegasnya.
Pada akhir kajian, ia berpesan kepada mahasiswa agar meneladani nabi sesuai kapasitas masing-masing. “Generasi muda harus maju dalam ilmu dan kualitas, tetapi adab tetap nomor satu. Jagalah lisan, sebab orang yang mampu menjaga lisannya akan terpelihara imannya,” pungkas Prof Zahro.
Penulis: Nur Khovivatul Mukorrobah
Editor: Yulia Rohmawati",2025-09-22,2025,10:31 pm,Nur Khovivatul Mukorrobah,Yulia Rohmawati,"Berita, Berita, featured",https://unair.ac.id/peringatan-maulid-nabi-jadi-ajang-perkuat-spiritualitas-dan-moralitas-civitas/
Pentingnya Diversifikasi Pasar Ekspor untuk Hadapi Gejolak Perang Dagang,"UNAIR NEWS – Himpunan Mahasiswa Ilmu Ekonomi (HIMA IE) Fakultas Ekonomi dan Bisnis (FEB) Universitas Airlangga (UNAIR) menggelar seminar nasional pada Sabtu (20/9/2025) di Aula Ternate, ASEEC Tower, Kampus Dharmawangsa-B. Seminar ini merampungkan rangkaian kegiatan Indonesia Economic Event (ECCENTS) dengan mengundang Azhar Syahida, peneliti Center of Reform on Economics (CORE) Indonesia. Ia mengupas dampak perang dagang dan gejolak global terhadap ekonomi Indonesia.
Kabar Buruk Akibat Perang Dagang
Azhar menyebut perang tarif berpotensi memukul kinerja ekspor nasional dan memangkas surplus perdagangan hingga USD 4,41 miliar. Ia menjelaskan bahwa Amerika Serikat (AS) menuduh mitra dagang, termasuk Indonesia, menjalankan kebijakan tarif dan non-tarif yang tidak adil. “Tarif Most Favoured Nation (MFN) Indonesia rata-rata 8,6 persen untuk produk pertanian dan 7,9 persen untuk produk non pertanian. Lebih tinggi daripada AS,” ujarnya.
Berdasarkan simulasi Global Trade Analysis Project (GTAP), ekspor Indonesia ke AS berpotensi turun USD 9,23 miliar. Sementara ekspor global bisa menyusut 2, 65 persen. Sektor elektronik, furnitur, karet, dan alas kaki paling rentang kehilangan pangsa pasar AS. Selain itu, impor murah dari Tiongkok dan produk pertanian AS perkiraan akan membanjiri pasar domestik.
Perlu Diversifikasi Pasar Ekspor
Meski mencatat surplus perdagangan sejak 2020, Azhar menilai Indonesia masih bergantung pada komoditas primer seperti batu bara dan minyak sawit. Ia menyarankan untuk melakukan diversifikasi produk dan pasar ekspor, penguatan industri manufaktur, serta peta jalan perdagangan yang jelas untuk menjaga daya saing di kancah internasional.
“Gejolak eksternal selalu ada. Tantangannya adalah bagaimana Indonesia menata kebijakan industrialisasi dan perdagangan agar lebih inklusif dan adaptif,” katanya.
Peneliti CORE Indonesia itu menegaskan pentingnya kemitraan industri besar dengan usaha kecil-menengah, mengingat kontribusi ekspor UMKM baru mencapai 15 persen dari Pendapatan Domestik Bruto (PDB). Pemerintah juga bisa memanfaatkan tambang untuk mendorong reindustrialisasi dan ekspor bernilai tambah tinggi.
“Kebijakan industrialisasi yang saya maksud bukan sekadar menambah pabrik atau melarang ekspor bahan mentah, tapi mencakup hilirisasi sumber daya alam sambil memperkuat kapasitas sumber daya manusia dan teknologi,” tutupnya.
Penulis: Dinnaya Mahashofia
Editor: Yulia Rohmawati",2025-09-22,2025,11:34 am,Dinnaya Mahashofia,Yulia Rohmawati,"Berita, Berita",https://unair.ac.id/pentingnya-diversifikasi-pasar-ekspor-untuk-hadapi-gejolak-perang-dagang/
"Mahasiswa FKG Kaji Pengobatan Kanker, Raih Juara II Kompetisi Literature Review Nasional","UNAIR NEWS – Tiga mahasiswa Fakultas Kedokteran Gigi ( FKG ) Universitas Airlangga ( UNAIR ) menorehkan prestasi gemilang di tingkat nasional dengan menyabet Juara II dalam kompetisi literature review . Kompetisi tersebut merupakan salah satu dari tiga cabang perlombaan Scientific National Competition (SINACOMP) 2025 yang terselenggara oleh Fakultas Kedokteran dan Ilmu Kesehatan (FKIK) Universitas Mataram.
SINACOMP 2025 berlangsung pada Sabtu-Minggu (13-14/9/2025) di FKIK Universitas Mataram. Kali ini, SINACOMP mengangkat tema A Step Beyond CANCER: Challenge and Nurture Creative Explorations for Resilience . Tim FKG beranggotakan Felice Kanaya Chandra (ketua), Akmal Umara Adli, dan Bayu Cahyo Bintoro. Ketiganya berada di bawah bimbingan dua dosen, yakni Fatma Yasmin Mahdani drg MKes Sp PM dan Vania Syahputri drg M Imun.
Telaah Metode Pengobatan Kanker
Tim FKG menelaah topik Potensi Neoadjuvant Immunochemotherapy dalam Penguatan Efek Terapeutik Preoperatif melalui Reprogramming Imun Tumor pada Oral Squamous Cell Carcinoma: sebuah Tinjauan Sistematis . Mereka melakukan tinjauan sistematis dalam mengumpulkan dan menganalisis berbagai penelitian terkini untuk mendukung potensi dan kelayakan penerapan pendekatan terapi inovatif tersebut.
Bayu, mewakili tim, menjelaskan konsep inovasinya. “Inovasi yang kami usung adalah sebuah gagasan dalam bentuk tinjauan pustaka sistematis. Kami mengeksplorasi potensi penggabungan dua metode pengobatan kanker. Yaitu imunoterapi dan kemoterapi, yang diberikan sebelum tindakan operasi (neoadjuvan) pada kasus kanker rongga mulut jenis Oral Squamous Cell Carcinoma (OSCC),” jelasnya.
Ide utama literature review tersebut adalah bagaimana terapi kombinasi tersebut dapat memprogram ulang (reprogramming) lingkungan mikro tumor. Secara sederhana, sistem kekebalan tubuh pasien dirangsang untuk lebih efektif mengenali dan menyerang sel kanker. Sementara kemoterapi bekerja untuk melemahkan dan membunuh sel kanker tersebut.
Dengan melakukan reprogramming sistem imun di sekitar area tumor sebelum operasi, harapannya efek terapeutik atau penyembuhan menjadi lebih kuat. “Hal ini berpotensi meningkatkan keberhasilan operasi, mengurangi risiko kekambuhan. Kemudian, pada akhirnya meningkatkan kualitas hidup dan angka harapan hidup pasien OSCC,” tambahnya.
Menurut Bayu, bekerja sama dalam proses penyusunan literature review menjadi memori tersendiri bagi tim, khususnya saat final. Ia menambahkan, momen tersebut menjadi waktu yang tepat untuk banyak melakukan eksplorasi keilmuan.
“Motivasi kami adalah untuk mengasah kemampuan riset, memperdalam wawasan terkait terapi kanker terkini. Kami juga ingin membawa nama baik FKG UNAIR di perlombaan ilmiah tingkat nasional,” ujarnya.
Penulis: Uswatun Khasanah
Editor: Yulia Rohmawati",2025-09-19,2025,11:25 am,Uswatun Khasanah,Yulia Rohmawati,"Berita, Berita, news-fkg, Prestasi",https://unair.ac.id/mahasiswa-fkg-kaji-pengobatan-kanker-raih-juara-ii-kompetisi-literature-review-nasional/
"Rayakan Dies Natalis, KSR PMI UNAIR Himpun 96 Kantong Darah dan Gelar Layanan Cek Kesehatan","UNAIR NEWS – Unit Kegiatan Mahasiswa Korps Sukarela Palang Merah Indonesia (KSR PMI) Universitas Airlangga menggelar donor darah dan cek kesehatan pada Rabu (17/9/2025) di Ruang Aula Masjid Ulul Azmi, Kampus MERR-C. Kegiatan ini menjadi bagian dari rangkaian Dies Natalis ke-24. Sebelumnya, panitia mengadakan bakti sosial, dan acara puncak nantinya akan melangsungkan pertemuan bersama KSR PMI dari berbagai universitas.
Ketua Panitia, Beatrice Shine Himawan dari Fakultas Kesehatan Masyarakat , menyebut tema “Menyalakan Semangat Kepedulian, Merangkai Aksi untuk Kemanusiaan” dipilih untuk menegaskan bahwa aksi sederhana seperti donor darah bisa berdampak besar. “Tahun ini kami menghadirkan inovasi dengan menambahkan layanan cek kesehatan. Peserta dapat memeriksa gula darah, tensi, dan asam urat, sehingga kegiatan ini tidak hanya berfokus pada donor darah, tetapi juga mengajak masyarakat menjaga kesehatan secara holistik,” ujarnya.
Donor Darah dan Cek Kesehatan Gratis
Antusiasme peserta sangat tinggi. Dalam tiga minggu pendaftaran, lebih dari 130 orang mendaftar. Dari jumlah itu, 122 hadir, dan 96 kantong darah berhasil terkumpul. “Respon peserta luar biasa karena mereka tidak hanya bisa mendonorkan darah, tetapi juga mendapatkan kesempatan melakukan deteksi dini kesehatan secara gratis,” tambah Beatrice.
Wakil Ketua Panitia, Rahma Maharani dari Fakultas Kesehatan Masyarakat, menegaskan bahwa layanan tambahan ini memberi manfaat langsung. “Kami ingin peserta tidak hanya membantu sesama melalui donor darah, tetapi juga menyadari pentingnya menjaga tubuh sendiri. Dengan tubuh yang sehat dan bugar, kita bisa memberi kontribusi lebih besar untuk orang lain,” ungkapnya.
Kolaborasi, Tantangan, dan Harapan
Kegiatan ini mendapat dukungan penuh dari Universitas Airlangga dan Unit Donor Darah PMI Bangkalan. Relawan KSR PMI UNAIR dari berbagai fakultas aktif membantu sejak registrasi, pengaturan lokasi, hingga pendampingan donor. Setiap peserta melewati alur pemeriksaan yang ditangani tenaga medis profesional untuk menjaga keamanan.
Panitia mengakui ada kendala, mulai dari koordinasi teknis hingga penyediaan souvenir, tetapi kerja sama tim membuat acara berjalan lancar, hangat, dan penuh kebersamaan. Rahma berharap kegiatan ini tidak berhenti pada momentum Dies Natalis saja. “Kami ingin menjadikannya program berkelanjutan yang menumbuhkan budaya peduli, solidaritas, dan aksi nyata kemanusiaan,” pungkasnya.
Sebagai penutup, panitia menegaskan pesan solidaritas dengan semboyan: Siamo Tutti Fratelli – Kita Semua Bersaudara.
Penulis: Dara Devinta Faradhilla Editor: Ragil Kukuh Imanto",2025-09-19,2025,8:15 am,Dara Devinta FaradhillaEditor: Ragil Kukuh Imanto,,"Berita, Berita",https://unair.ac.id/rayakan-dies-natalis-ksr-pmi-unair-himpun-96-kantong-darah-dan-gelar-layanan-cek-kesehatan/
Inovasi Sea Learning Adventure Karya Mahasiswa UNAIR Sabet Silver Medal Internasional,"UNAIR NEWS –  Mahasiswa Universitas Airlangga ( UNAIR ) kembali ukir prestasi di kancah internasional pada ajang Indonesia Inventors Day (IID) 2025. Kompetisi tersebut terselenggara pada Kamis-Minggu (11-14/9/2025) di SMESCO Hall, Jakarta. Diikuti oleh 1.180 peserta dari 42 negara, Seal Team, perwakilan dari UNAIR, berhasil sabet Silver Medal dalam kategori Information, Communication, and Technology/IoT and Apps/Educational and Teaching Tools Materials.
Seal Team beranggotakan tujuh orang lintas program studi. Antara lain Andini Ariani Carolina (Teknologi Hasil Perikanan), Alfito Putra Ginarta (Teknologi Hasil Perikanan), Dionisius Jeconia Soerjanto (Teknik Robotika dan Kecerdasan Buatan), Muhammad Adrian Wirakusumah (Sistem Informasi), Ishak Vransisco Waraney Goklas Pandjaitan (Teknik Robotika dan Kecerdasan Buatan), Alifah Rahmah (Rekayasa Nanoteknologi). Mereka juga berkolaborasi dengan mahasiswa dari Ilmu Teknologi Kelautan, Farrel Bhanu Mahardhika.
Usung Tema Pendidikan
Fokus pada subtema pendidikan, Seal Team mengusung inovasi berjudul SEAL: Development of the AI-Integrated Sea Learning Adventure Application Engagement for Action and Learning in Ocean Conservation through the Pancasila Student Profile Project.
SEAL (Sea Learning Adventure) merupakan aplikasi pembelajaran berbasis artificial intelligence (AI) yang mengintegrasikan virtual learning dengan aksi nyata konservasi laut. Berbasis edutainment , platform ini memungkinkan siswa untuk belajar ekosistem laut melalui game interaktif, tantangan digital, dan misi lapangan yang nyata.
Keunikan SEAL terletak pada penerapan Proyek Penguatan Profil Pelajar Pancasila (P5). P5 adalah model pendidikan yang menekankan pembelajaran berbasis proyek untuk menumbuhkan karakter kritis, gotong royong, mandiri, serta kepedulian lingkungan. Menjawab tantangan global, SEAL juga mendukung beberapa poin SDGs, seperti poin 4 ( Quality Education ), 13 ( Climate Action ), dan 14 ( Life Below Water )
“Karena memang di Indonesia sendiri pendidikannya itu kurikulumnya pakai P5. Jadi kami menyelaraskan proyek kami dengan kurikulum yang ada di Indonesia. Aplikasi yang kami inisiasi itu relevan dengan kegiatan aksi yang bisa berdampak bagi lingkungan dan juga buat siswa sendiri,” jelas Andini mewakili tim.
Proses Perjalanan
Lebih lanjut, Andini menyebut bahwa perjalanan prestasi ini tidak mudah. Ada proses panjang yang dilalui oleh timnya. “Jadi, waktu itu kami submit proposal, kami submit abstrak sama mock-up di web-nya itu sekitar bulan Juni. Terus pengumuman di bulan Juli,” ujarnya.
Menurutnya, mengatur waktu menjadi hal yang penting. “Kami kan angkatan 2022 ya, jadi sibuk PKL dan magang masing-masing. Jadi sempat menganggurlah proyek kami ini. Terus waktu hampir beberapa minggu setelah itu kami baru fokusin lagi.” tambahnya.
Penulis: Uswatun Khasanah
Editor: Yulia Rohmawati",2025-09-19,2025,9:03 am,Uswatun Khasanah,Yulia Rohmawati,"Berita, Berita, Mahasiswa, SDGs",https://unair.ac.id/angkat-sea-learning-adventure-mahasiswa-unair-sabet-silver-medal-internasional/
Guru Besar FEB Kupas Strategi Riset dan Publikasi Jurnal Bereputasi,"UNAIR NEWS – Association of Sharia Economics Studies (AcSES) Fakultas Ekonomi dan Bisnis (FEB) Universitas Airlangga (UNAIR) menggelar Kajian Jurnal (KANAL) Eksternal melalui Zoom Meeting pada Selasa (16/9/2025). Webinar ini menggandeng Prof Dr Tika Widiastuti SEi MSi, Guru Besar Bidang Ilmu Ekonomi dan Keuangan Islam, sebagai pemateri untuk membahas strategi menemukan topik penelitian dan publikasi jurnal bereputasi internasional.
Langkah Strategis Sebelum Memulai Riset
Dalam paparannya, Prof Tika menekankan pentingnya peneliti memahami state of the art dan research gap sebelum memulai riset. Ia menganjurkan melakukan artikel review dan menyarankan beberapa teknik seperti systematic review, bibliometric study, dan meta-analysis sebagai panduan awal.
“Bibliometrik itu teknik analisis kuantitatif atas metadata publikasi. Kalau pakai pendekatan ini, nanti kalian bisa mengidentifikasi tren penelitian, jaringan kolaborasi, dan research hotspots atau topik hangat dalam literatur,” jelasnya.
Basis data ilmiah merupakan hal kedua yang ia tekankan. Prof Tika merekomendasikan beberapa sumber. Seperti Scopus, Science Direct, dan SpringerLink untuk menelusuri artikel terbaru. Untuk alat bantu, terdapat beberapa opsi. Seperti VOSviewer, Biblioshiny, Scite.ai , Connected Papers, Research Rabbit, dan Litmaps yang bisa digunakan untuk memetakan kata kunci dan menemukan celah penelitian.
“Visualisasi co-occurrence keyword (kata kunci yang sering muncul, red ) bisa membantu kita melihat tren riset dan menentukan arah pengembangan keilmuan,” ujarnya.
Kriteria Lolos Publikasi Jurnal Bereputasi
Selain menjelaskan tips mencari topik yang baik, Prof Tika juga menegaskan lima kriteria agar topik penelitian lolos publikasi jurnal bereputasi. Antara lain, penelitian harus memiliki kebaruan, topik spesifik, objek penelitian terukur, data dan metode feasible , serta memiliki kontribusi teoritis dan praktis.
“Penting juga untuk tahu peringkat dan indeks jurnal. Baik jurnal yang kita baca atau jurnal yang jadi target publikasi kita. Nah, ini bisa kita lihat lewat Scimago Journal Rankings. Atau bisa juga lihat SINTA untuk indeks nasional,” ucapnya.
Ia juga menyebutkan bahwa jurnal yang dipilih sebagai tempat publikasi harus sesuai dengan isi penelitian. Supaya proses peer-reviewed dapat berjalan lebih efektif. “Ketepatan memilih topik dan jurnal itu juga menentukan peluang publikasi kalian,” tutupnya.
Penulis: Dinnaya Mahashofia
Editor: Yulia Rohmawati",2025-09-19,2025,9:33 am,Dinnaya Mahashofia,Yulia Rohmawati,"Berita, Berita",https://unair.ac.id/guru-besar-feb-kupas-strategi-riset-dan-publikasi-jurnal-bereputasi/
Tim UNAIR Jawab Tantangan Limbah Cair dan Emisi di Industri Manufaktur Otomotif,"UNAIR NEWS – Industri manufaktur otomotif di Indonesia terus menghadapi tantangan serius dalam limbah cair, emisi udara, dan konsumsi utilitas. Hal ini menjadi sorotan Tim Universitas Airlangga (UNAIR) dalam perlombaan World Invention Competition and Exhibition (WICE). Perlombaan tersebut diselenggarakan oleh Indonesian Young Scientist Association (IYSA) dan SEGi University Malaysia. Terselenggara secara daring pada Jumat (12/9/2025), WICE melibatkan tim dari berbagai negara di dunia.
Tim yang diketuai Diah Anggraerni Nurkhalisa ( FH ) itu beranggotakan Eka Rachma Aprilidanti ( Vokasi ), Albert Rafael ( FTMM ), Reza Nafi Rizqi Musyaffa ( FEB ), Muhammad Dafi Aritama ( FST ), dan Galih Triatmojo ( Vokasi ) sebagai anggota. Mereka berhasil meraih gold medal lewat karya tulis ilmiah berjudul Enhancing Environmental Sustainability in the Automotive Manufacturing Industry: An Innovation of Integrated Zero Liquid Discharge and PEM Fuel Cell System (I-PRIZEL) at PT TMMIN .
Kemajuan Industri Jangka Panjang
Reza Nafi mewakili timnya menyebutkan bahwa mereka menciptakan sebuah sistem bernama I-PRIZEL yang bisa mendukung ekonomi sirkular. “Sistem kami dapat memulihkan air limbah agar bisa dipakai kembali. Di lain sisi juga bisa menyediakan energi bersih untuk mendukung prosesnya,” jelasnya.
I-PRIZEL dinilai mampu menekan jejak karbon operasional industri manufaktur otomotif sekaligus meningkatkan efisiensi energi. Integrasi antara teknologi Zero Liquid Discharge (ZLD) dan Proton Exchange Membrane Fuel Cell (PEMFC) ini menawarkan solusi yang berkelanjutan bagi industri yang memiliki konsumsi utilitas cukup tinggi.
Reza menambahkan bahwa inovasi ini tidak hanya berfokus pada aspek lingkungan, tetapi juga memberikan nilai ekonomi yang nyata. “Dengan konsep ini, industri dapat menghemat biaya energi sekaligus menjaga keberlanjutan sumber daya air. Jadi, manfaatnya bisa terasa secara ganda, baik dari sisi lingkungan maupun finansial,” tuturnya.
Berangkat dari Masalah
Di balik kontribusinya, sektor industri manufaktur otomotif masih menyisakan tantangan lingkungan yang cukup serius. Data menunjukkan, unit non-produksi di pabrik manufaktur otomotif mengkonsumsi air dalam jumlah besar setiap tahunnya. Kondisi ini semakin buruk dengan emisi karbon dari sumber energi yang tidak terbarukan, sehingga menambah beban lingkungan.
Selain itu, pengelolaan limbah cair juga masih menghadapi kendala. Peningkatan jumlah limbah dan kualitas air yang menurun di berbagai daerah menjadi cerminan bahwa persoalan ini belum teratasi sepenuhnya. Sementara itu, konsumsi utilitas di sektor manufaktur otomotif terus meningkat, sejalan dengan kebutuhan produksi yang semakin kompleks.
“Situasi ini menunjukkan adanya kesenjangan, di satu sisi industri manufaktur otomotif mampu menggerakkan ekonomi. Namun di sisi lain masih meninggalkan persoalan mendasar terkait air, energi, dan emisi,” ungkapnya.
Penulis: Rizma Elyza Editor: Yulia Rohmawati",2025-09-19,2025,9:54 am,Rizma ElyzaEditor: Yulia Rohmawati,,"Berita, Berita, Prestasi",https://unair.ac.id/tim-unair-jawab-tantangan-limbah-cair-dan-emisi-di-industri-manufaktur-otomotif/
"Waspada Doomscrolling, Dosen Psikologi Beberkan Risiko dan Solusinya","UNAIR NEWS – Belakangan ini, media sosial penuh dengan berbagai kabar buruk yang muncul tiada henti. Situasi tersebut menimbulkan rasa ketidakpastian, hingga akhirnya mendorong individu untuk terus mencari, membaca, atau menonton berbagai konten negatif. Fenomena inilah yang kemudian dikenal dengan istilah doomscrolling .
Menanggapi fenomena tersebut, Dosen Psikologi Fakultas Psikologi (FPsi) Universitas Airlangga (UNAIR), Atika Dian Ariana MSc MPsi Psikolog menjelaskan bahwa doomscrolling merupakan perilaku kompulsif sebagai manifestasi kecemasan dalam menghadapi ketidakpastian. Manusia, sambungnya, pada dasarnya terdorong untuk memahami situasi. Berusaha mengendalikan ketidakpastian, sekaligus memastikan  mampu menghadapi ancaman.
“ Doomscrolling ini semacam dorongan untuk menyelamatkan diri. Dengan mencari informasi, manusia merasa bisa mengendalikan hal-hal yang negatif atau mengancam,” ujarnya.
Dampak Doomscrolling
Kendati tampak sebagai insting bertahan hidup, Atika menegaskan bahwa doomscrolling sejatinya tidak benar-benar membantu. Sebab secara kognitif, terus-menerus terpapar informasi negatif membuat pikiran dan emosi ikut terpengaruh, sehingga individu lebih rentan merasa stres.
“ Scrolling itu kan bukan aktivitas yang betul-betul memberikan solusi. Kecuali kalau kita tahu kapan harus berhenti. Misalnya menghadapi ujian, kita tahu kapan ujian berakhir sehingga lebih mudah dikendalikan. Tapi dalam situasi tidak menentu, seperti pandemi atau kerusuhan, kita tidak paham sebenarnya kapan ini berakhir,” jelasnya.
Dampak lain dari doomscrolling adalah munculnya rasa khawatir berlebih yang dapat mengganggu aktivitas sehari-hari. Menurut Atika, jika hal tersebut berlangsung dalam jangka waktu yang panjang, maka berisiko menimbulkan kelelahan baik secara fisik maupun mental. “Ketika cemas atau stres, tubuh ikut menegang seolah bersiap menghadapi ancaman. Lama-lama bukan hanya pikiran yang lelah, tapi juga tubuh kita,” tambahnya.
Cara Mengendalikan Doomscrolling
Untuk meminimalisir dampak dari doomscrolling , Atika menekankan pentingnya meningkatkan literasi media. Menurutnya, individu perlu memilah dan memilih informasi yang kredibel, bukan sekadar mengikuti sumber media yang tidak jelas. Dengan begitu, informasi yang didapat akan bermanfaat untuk memahami situasi.
Lebih lanjut, ia menyarankan agar individu melatih diri membatasi paparan informasi dengan mengalihkan perhatian pada aktivitas yang lebih produktif. Seperti olahraga, memasak, membersihkan rumah, menekuni hobi, maupun kegiatan spiritual. “Ada hal-hal yang bisa kita kendalikan, tapi ada juga yang harus kita kembalikan kepada Tuhan. Kalau kita bisa menyeimbangkan berbagai aspek itu, kita bisa berfungsi secara penuh sebagai manusia sekaligus mengelola emosi dengan lebih baik,” terangnya.
Pada akhir, apabila semua itu belum cukup membantu, mencari dukungan dari orang terdekat maupun bantuan profesional dapat menjadi pilihan. “Dibandingkan doomscrolling , lebih baik kita alihkan ke aktivitas produktif. Dan kalau sudah merasa tidak tertolong dengan cara-cara sederhana, jangan ragu untuk mencari bantuan profesional,” pungkasnya.
Penulis: Fania Tiara Berliana M
Editor: Yulia Rohmawati",2025-09-19,2025,10:47 am,Fania Tiara Berliana M,Yulia Rohmawati,"Berita, Berita, Pakar",https://unair.ac.id/waspada-doomscrolling-dosen-psikologi-beberkan-risiko-dan-solusinya/
Inovasi Aplikasi Safety Driving Antar Mahasiswa UNAIR Sabet Bronze Medal Internasional,"UNAIR NEWS – Mahasiswa Universitas Airlangga ( UNAIR ) ciptakan aplikasi mobile terintegrasi AI untuk keselamatan berkendara pekerja. Inovasi itu berhasil membawa mereka meraih bronze medal Indonesia Inventor Day (IID) World Invention and Technology Expo (WINTEX) kategori information communication technology/IOT and APPS/ educational and teaching tools materials. Puncak penghargaan tersebut berlangsung di Smesco Hall, Jakarta Selatan, Kamis-Minggu (11-14/9/2025).
Tim Drivetyguard tersebut beranggotakan berbagai disiplin ilmu yang terdiri dari Ibrahim Al Khowwas (Keselamatan dan Kesehatan Kerja), Marriemanuelgizella Jufeliend (Akuntansi), Sophia Rizqina Fardhani dan Imamul Azis (Farmasi), serta Putria Marsha Naura ( FISIP ). Tim ini juga berkolaborasi dengan mahasiswa Universitas Indonesia (UI), dan Telkom University. Mereka mendapatkan bimbingan juga dari Tofan Agung Eka Prasetya PhD dan Dr Neffrety Nilamsari SSos MKes.
Menurut penjelasan Ibrahim, kolaborasi ini bermula dari sebuah Komunitas Kopi Ilmiah Airlangga yang ia gagas sebagai ruang diskusi mahasiswa. Dari forum itulah, tercetusnya ide menciptakan inovasi keselamatan berkendara, yang berkembang menjadi tim multidisiplin dan lintas universitas.
Inovasi Keselamatan Berkendara
Inovasi yang diusung aplikasi safety driving terintegrasi AI untuk keselamatan berkendara pekerja. Aplikasi tersebut memungkinkan perusahaan memonitor kepatuhan penggunaan APD serta kondisi berkendara pekerja secara. “Kami menggagas inovasi ini karena tingginya kasus kecelakaan di jalan raya akibat beberapa faktor. Seperti tidak memakai APD berkendara, berangkat dalam keadaan injury time , dan berkendara dalam kondisi tidak aman,” ujarnya.
Selama pameran berlangsung, tim Drivetyguard mendapatkan perhatian luas dari pengunjung internasional. Para juri juga memberikan apresiasi atas keakuratan aplikasi yang digagas. Hingga juri itu berharap dapat segera diterapkan di perusahaan-perusahaan di Indonesia.
Persaingan Ketat
Lebih lanjut, mereka tetap percaya diri meskipun bersaing dengan peserta dari 24 negara, termasuk profesor dan asosiasi internasional yang telah meraih banyak penghargaan dunia. “Kami kaget karena kompetitor kami bukan hanya mahasiswa. Tetapi juga profesor dengan invensi yang sudah punya paten dan klien besar seperti Samsung dan Hyundai,” ungkap Ibrahim.
Bagi tim Drivetyguard, kemenangan ini bukan sekadar penghargaan, tetapi juga pengalaman berharga. Ibrahim menuturkan bahwa ketegangan sempat terasa saat sesi awarding berlangsung karena melihat kualitas kompetitor yang begitu tinggi. Namun, semua terbayar ketika timnya dipanggil untuk menerima bronze medal .
Ke depan, tim ini menargetkan untuk mengikuti kompetisi internasional bergengsi seperti Korea, Jepang, dan negara lainnya. Mereka juga berharap dapat mengembangan lagi fitur aplikasi agar lebih relevan dengan kebutuhan perusahaan. “Kami juga membuka kesempatan bagi para perusahaan dunia atau perusahaan lokal Indonesia apabila ingin menggunakan aplikasi kami bisa untuk contact lebih lanjut,” sebutnya.
Penulis: Adinda Octavia Setiowati
Editor: Yulia Rohmawati",2025-09-19,2025,4:38 pm,Adinda Octavia Setiowati,Yulia Rohmawati,"Berita, Berita, Prestasi",https://unair.ac.id/inovasi-aplikasi-safety-driving-antar-mahasiswa-unair-sabet-bronze-medal-internasional/
"UNAIR Gelar Peringatan Maulid Nabi, Dorong Civitas Teladani Sunnah Rasulullah","UNAIR NEWS – Dalam rangka memperingati hari kelahiran nabi Muhammad SAW, Universitas Airlangga ( UNAIR ) selenggarakan peringatan Maulid Nabi. Acara ini berlangsung di Masjid Nuruzzaman Kampus Dharmawangsa-B pada Kamis (18/9/2025). Kegiatan bermula dengan lantunan ayat suci Al-Qur’an dan pembacaan sholawat Simtudduror .
Cinta dan Teladan Rasul
Acara tersebut turut menghadirkan tausiyah dari Ustaz Afri Andiarto, SM MM. Dalam tausiyahnya ia menekan pentingnya meneladani Rasulullah dalam keseharian. Ia juga menyampaikan bahwa kegiatan ini terselenggara seperti tanpa membawa rasa dendam maupun kebencian, mencerminkan keadaan penghuni surga. “Semoga kenyamanan yang kita rasakan malam ini dapat terus terjaga sampai kita nanti bersama-sama di surganya Allah,” ujarnya.
Tak hanya itu, Afri juga mengingatkan pentingnya bersyukur. Salah satunya mengamalkan adab bersin sesuai dengan hadis Shahih Bukhari. Pada hadis tersebut, Imam Abu Dawud ketika mendengar orang yang bersin mengucapkan Alhamdulillah , yang dijawab dengan Yarhamukallah . Kemudian, dibalas dengan doa Yahdikumullah . Bagi Imam abu dawud hal tersebut terlihat istimewa dan menganggap hal itu besar di hadapan Allah.
Dari kisah tersebut Afri menggarisbawahi bahwa jika ingin mulia di hadapan Allah maka jangan meremehkan hal-hal kecil yang sebenarnya bernilai besar. Sesuatu yang tampak sepele bagi sebagian orang dapat memiliki nilai besar jika berkaitan dengan Allah dan Rasulullah. Misalnya, dengan menjaga sholat tepat waktu.
Perkuat Cinta pada Rasul
Lebih lanjut, ia juga menekankan bahwa peringatan Maulid Nabi merupakan momen untuk memperkuat kecintaan kepada Rasulullah SAW. Ia mengutip ungkapan seorang ulama, bahwa hanya orang yang benar-benar mencintai yang akan menyebut nama orang yang mereka cintai dalam doa. Hal itu ditunjukkannya dengan kisah dari Sayyidah Aisyah RA yang menggambarkan besarnya perhatian Rasulullah kepada umatnya dengan redaksi doa yang sama terpanjatkan kepada Aisyah setelah selesai sholat.
Kemudian, ia juga menyampaikan harapan agar majelis malam itu menjadi pemantik kesungguhan, rasa cinta, dan rindu kepada Rasulullah. Menurutnya, bentuk cinta kepada nabi bisa dimulai dari mengenal pribadi beliau dengan baik. “Kalau kita ingin cinta kepada rasul, kita harus kenal Rasulullah. Kenali Rasulullah dan jangan menganggap hal itu tidak penting. Perhatikan Sunnah rasul sekecil apa pun. Seperti doa bercermin, doa masuk kamar mandi,” tegasnya.
Penulis: Adinda Octavia Setiowati
Editor: Yulia Rohmawati",2025-09-19,2025,1:20 pm,Adinda Octavia Setiowati,Yulia Rohmawati,"Berita, Berita",https://unair.ac.id/unair-gelar-peringatan-maulid-nabi-dorong-civitas-teladani-sunnah-rasulullah/
TIM UNAIR Ciptakan Platform Traveling Digital dengan Fitur Wakaf Produktif,"UNAIR NEWS – Banyak orang mengalami kesulitan merencanakan liburan sesuai dengan budget yang mereka miliki. Terutama berkaitan dengan kebutuhan transportasi dan akomodasi. Hal ini menarik perhatian Tim Universitas Airlangga (UNAIR) , hingga menangkan Juara III Infinite Entrepreneur pada Minggu (14/09/2025). Perlombaan tersebut diselenggarakan oleh Universitas Pendidikan Indonesia.
Tim tersebut terdiri dari mahasiswa Fakultas Ekonomi dan Bisnis (FEB) yakni Abiddah Rahmatusshalihah, Yemima Yasrael Taniarto, dan Auruma Ulya Ainun. Mereka menggagas inovasi platform traveling digital yang mengintegrasikan mikro wakaf untuk mendorong UMKM lokal.
Berangkat Kendala
Abiddah mewakili timnya mengatakan bahwa proses perencanaan liburan biasanya  memakan waktu yang cukup lama. “Banyak orang harus membandingkan harga dan fasilitas secara manual di berbagai sumber. Yang tidak hanya memakan waktu tetapi juga meningkatkan risiko salah memilih layanan yang kurang optimal,” tuturnya.
Selain itu,  menurut Abiddah masih banyak orang yang belum mengerti mengenai konsep wakaf produktif dan masih berpikir bahwa wakaf hanya berupa aset tetap seperti tanah atau bangunan tetap. Belum tersedianya platform terpadu yang mudah diakses masyarakat umum untuk berwakaf dan memantau penyalurannya juga menjadi kendala.
Integrasi Wakaf
Permasalahan yang ada membuat Abiddah dan teman-temannya memunculkan sebuah aplikasi perjalanan digital yang dirancang untuk memberikan pengalaman wisata mudah, cepat, dan dapat berdampak sosial. “Aplikasi Traqif memanfaatkan teknologi digital untuk menghubungkan wisatawan dengan UMKM lokal melalui fitur Digital Wakaf,” ucapnya.
Abiddah menyebutkan bahwa setiap kali transaksi maka pelanggan bisa memilih UMKM mana yang akan menerima wakaf tunai yang diberikan. “Traqif terintegrasi pada fitur Dig-Wakaf yang memungkinkan setiap transaksi perjalanan berkontribusi langsung pada pengembangan UMKM di destinasi yang dikunjungi,” jelasnya.
Lebih lanjut, Abiddah menjelaskan bahwa tidak hanya mengintegrasikan dengan wakaf. Aplikasi ini juga lengkap fitur geo-location . Fitur ini untuk memberikan rekomendasi destinasi wisata dan kuliner terdekat, serta fitur budgeting yang membantu pengguna merencanakan perjalanan sesuai anggaran.
“Melalui Traqif, kami berkomitmen untuk menghadirkan platform perjalanan yang mudah digunakan dan terintegrasi. Sehingga wisatawan dapat menikmati perjalanan yang aman, efisien, dan terjangkau, sembari berkontribusi pada pemberdayaan masyarakat lokal,” ungkapnya.
Penulis: Rizma Elyza
Editor: Yulia Rohmawati",2025-09-19,2025,4:55 pm,Rizma Elyza,Yulia Rohmawati,"Berita, Berita, Prestasi",https://unair.ac.id/tim-unair-ciptakan-platform-traveling-digital-dengan-fitur-wakaf-produktif/
"Silaturahmi Pimpinan UNAIR Periode 2020–2025, Momentum Perkuat Kebersamaan dan Refleksi Perjalanan","UNAIR NEWS – Universitas Airlangga (UNAIR) menggelar acara Silaturahmi Pimpinan UNAIR Periode 2020–2025 pada Jumat, 19 September 2025. Kegiatan tersebut berlangsung di DoubleTree by Hilton, Jl. Tunjungan 12, Surabaya, dengan penuh suasana keakraban dan kebersamaan.
Acara ini menjadi ruang refleksi sekaligus apresiasi atas dedikasi para pimpinan UNAIR dalam mengemban amanah kepemimpinan selama lima tahun terakhir. Rektor UNAIR, Prof Dr Muhammad Madyan SE MSi MFin dalam sambutannya menyampaikan rasa syukur dan terima kasih kepada jajaran pimpinan universitas, fakultas, dan unit kerja yang telah bekerja bersama-sama menghadirkan capaian signifikan bagi UNAIR.
“Alhamdulillah, periode lalu telah kita jalani dengan berbagai dinamika dan tantangan, termasuk pandemi covid. Pandemi global saat itu berdampak bagi kita, baik dari segi berjalannya proses pendidikan hingga kesehatan kami juga. Namun, dengan kerja sama yang solid, UNAIR mampu membuktikan diri sebagai salah satu perguruan tinggi terbaik di tingkat nasional maupun internasional.” ujar Prof. Madyan.
Hadir dalam kesempatan ini Prof Mohammad Nasih MT Ak CA, Rektor UNAIR Periode 2015-2025. Turut hadir juga jajaran pimpinan universitas, dekan fakultas, direktur, ketua lembaga di lingkungan UNAIR yang menjabat di periode sebelumnya. Suasana hangat terasa sepanjang acara hingga pada penghujung acara.
Suasana Hangat dengan Kebersamaan
Silaturahmi berlanjut dengan sesi ramah tamah dan pesan kesan dalam suasana penuh kekeluargaan. Para pimpinan saling berbincang, berfoto bersama, dan mengenang perjalanan panjang lima tahun kepemimpinan 5 tahun kebelakang. Kehangatan tersebut mencerminkan eratnya hubungan antar pimpinan, yang diharapkan dapat terus terjaga meskipun masa jabatan telah usai.
“Tentu, saya berharap UNAIR semakin baik dari waktu ke waktu. Selama periode 2015 hingga 2025 kami, kita, sudah memberikan yang terbaik, ada banyak hal yang kita lalui. Ada beberapa hal yang kami harap bisa tercapai di periode saat ini, dan itu untuk kebaikan UNAIR pastinya,” ujar Prof Nasih.
Acara ini menjadi pengingat bahwa untuk mengukur keberhasilan UNAIR tidak hanya dari prestasi akademik semata, tetapi juga dari ikatan kebersamaan, kekompakan, dan budaya silaturahmi yang kuat di antara para pemimpin dan sivitas akademika.
Melalui kegiatan ini, UNAIR kembali menegaskan komitmennya untuk melanjutkan tradisi akademik yang unggul, memperkuat tata kelola perguruan tinggi, serta mengakselerasi peran dalam menjawab tantangan global. Spirit kebersamaan yang terbangun diharapkan dapat menjadi bekal bagi kepemimpinan berikutnya dalam mengantarkan UNAIR menuju visinya sebagai universitas kelas dunia yang humanis dan berdampak.
Penulis: Ragil Kukuh Imanto",2025-09-19,2025,5:02 pm,Ragil Kukuh Imanto,,"Berita, Berita",https://unair.ac.id/silaturahmi-pimpinan-unair-periode-2020-2025-momentum-perkuat-kebersamaan-dan-refleksi-perjalanan/
Alumni FEB Bagikan Strategi Bertahan dan Sukses di Dunia Profesional,"UNAIR NEWS – Badan Eksekutif Mahasiswa Fakultas Ekonomi dan Bisnis (FEB) Universitas Airlangga ( UNAIR ) melalui Departemen Hubungan Luar mengadakan agenda Sambang Alumni. Kegiatan tersebut menjadi bentuk inisiatif untuk memperkuat peran BEM FEB dalam menjalin hubungan antara mahasiswa, pihak dekanat, dan IKAFE (Ikatan Alumni Fakultas Ekonomi dan Bisnis).
Terselenggara pada Kamis (19/9/2025) di Aula Soepoyo, FEB Kampus Dharmawangsa-B, kegiatan tersebut menghadirkan dua narasumber. Mereka adalah Ferdian Kurniawan (CEO Brandstoria) dan Caroline Angelina (staf Direktorat Jenderal Pajak).
Keterampilan Bertahan Hidup
Ferdian mengatakan bahwa menjadi seorang pebisnis harus memahami cara untuk terus bertahan dan memulai kembali. “Saat saya membangun bisnis dari dulu hingga sekarang, terhitung sudah tiga kali saya bangkrut dan berkali-kali mengalami permasalahan,” tuturnya.
Menurutnya, kerugian dalam bisnis pasti akan dialami oleh semua pebisnis. Tetapi yang terpenting adalah memahami bagaimana cara untuk bertahan. Jika bisnis sudah tidak bisa bertahan, Ferdian menegaskan bahwa keterampilan untuk bangkit kembali ( reborn ) serta keyakinan pada proses sangat dibutuhkan.
Selain tantangan tersebut, Ferdian menambahkan bahwa pengusaha masa kini berhadapan pada karakteristik pekerja yang berasal dari berbagai generasi. “Di kantor saya ada pekerja dari generasi milenial dan generasi z. Mereka memiliki cara kerja yang berbeda, dan yang harus bisa beradaptasi adalah kita sebagai pengusaha,” jelasnya.
Mempertahankan Kinerja
Sementara itu, Caroline membagikan kita bagi mahasiswa untuk mempertahankan kinerja sejak di universitas. Ia menyebut bahwa banyak alumni FEB yang bekerja di empat firma akuntansi terbesar di dunia. Antara lain Deloitte, Ernst & Young (EY), Klynveld Peat Marwick Goerdeler (KPMG), dan PricewaterhouseCoopers (PwC).
Hal ini membuat Caroline menekankan pentingnya mahasiswa untuk mampu mempertahankan kinerjanya sejak di universitas. “Kita tidak tahu apakah nanti ketika bekerja akan bertemu dengan alumni atau kakak tingkat kita. Oleh karena itu, pastikan kalian memiliki citra dan kinerja yang baik di universitas agar dipercaya oleh alumni,” tuturnya.
Namun, ia menyebutkan bahwa bekerja di empat firma tersebut membutuhkan kemampuan bertahan menghadapi tekanan pekerjaan yang besar. Selain itu, bekerja di firma juga menuntut keseimbangan antara praktik dan teori.
“Bekerja di bidang akuntansi seperti pajak dan audit membutuhkan banyak sekali praktik. Namun, terkadang praktik tersebut kurang terserap di universitas oleh mahasiswa karena sering kali hanya berada di mata kuliah peminatan,” jelasnya.
Penulis: Rizma Elyza
Editor: Yulia Rohmawati",2025-09-19,2025,5:36 pm,Rizma Elyza,Yulia Rohmawati,"Berita, Berita",https://unair.ac.id/alumni-feb-bagikan-strategi-bertahan-dan-sukses-di-dunia-profesional/
UKM UNAIR Mengajar Tingkatkan Akses Pendidikan Bersama Komunitas ASBAS,"UNAIR NEWS – Mahasiswa UKM UNAIR Mengajar sukses menggelar kegiatan pemberdayaan pendidikan anak di Dukuh Sutorejo, Kecamatan Mulyorejo, Surabaya, pada Minggu (14/9/2025). Kegiatan ini merupakan bagian dari program kerja UKM UNAIR Mengajar untuk berkontribusi meningkatkan akses pendidikan anak-anak khususnya komunitas Ayo Sinau Bareng Arek Surabaya (ASBAS).
Pada program kegiatan kali ini, UKM UNAIR Mengajar bertajuk J oy On The Street (JOTS) dan bertema Play to Learn: Meningkatkan semangat belajar anak melalui praktik inovasi . JOTS ini merupakan sebuah program kerja dengan rangkaian acara yang terfokus pada pembelajaran non-formal seperti praktik langsung serta bermain bersama anak anak jalanan dalam satu hari. Kegiatan ini diikuti oleh 30 anak usia sekolah dasar (6–12 tahun) dari komunitas ASBAS. Sebanyak 14 relawan mahasiswa UNAIR turut mendampingi dan membimbing anak-anak sepanjang kegiatan.
Tumbuhkan Sikap Positif
Marselia Dwi Nofitasari, mewakili UKM UNAIR Mengajar, memaparkan tujuan kegiatan ini adalah menumbuhkan sikap positif seperti tanggung jawab, percaya diri, kerja sama, dan kemandirian melalui kegiatan praktik. Kegiatan ini juga memberikan pengalaman langsung kepada anak-anak untuk mencoba dan menerapkan apa yang telah mereka pelajari dalam kehidupan sehari-hari.
“Urgensi diadakannya kegiatan ini adalah agar anak-anak mendapatkan pendidikan tambahan yang belum didapatkan di sekolah. Agar anak-anak menilai belajar bukan sebagai hal yang berat tetapi juga dipenuhi dengan kegembiraan. Selain itu, juga agar anak-anak tambah paham dengan materi karena ada praktiknya,” ungkap Marselia
Inovasi Pembelajaran untuk Anak
Melalui JOTS ini, UNAIR Mengajar bisa menginovasikan materi tentang macam-macam zat padat dengan pelaksanaan praktik sebuah eksperimen kimia sederhana melalui instrumen-instrumen zat kimia dan peralatan ramah lingkungan. Inovasi ini merupakan upaya agar anak-anak memperoleh pengalaman nyata melalui praktik secara langsung.
“Untuk praktiknya kami menggunakan air, pewarna, dan minyak goreng serta tablet efervesen untuk mendapatkan sebuah eksperimen kimia sederhana yang ada di dalam gelas. Sebagai bentuk praktik agar anak-anak dapat lebih memahami lebih lanjut tentang macam-macam zat,” imbuhnya.
Edukasi yang Menyenangkan
Marselia mengagungkan harapannya untuk anak-anak komunitas ASBAS agar bisa belajar dengan cara yang menyenangkan. Selain itu, juga untuk mendapatkan pengalaman baru yang bermanfaat untuk masa depan.
“Anak-anak sangat antusias, terutama karena mereka bisa belajar sambil praktik langsung. Program semacam ini membantu mereka untuk lebih percaya diri sekaligus menumbuhkan rasa ingin tahu,” ujarnya.
Salah satu peserta, Gilbert juga menyampaikan kesannya. “Saya senang sekali karena bisa lihat percobaan langsung. Jadi tambah paham pelajaran IPA, apalagi bisa main bareng kakak-kakak UNAIR,” ungkapnya dengan penuh semangat.
“Kami percaya bahwa pendidikan adalah kunci penting dalam membuka jalan menuju cita-cita. Namun, belajar tidak harus selalu kaku dan membosankan. Dengan cara yang kreatif, penuh tawa, dan penuh kebersamaan, belajar bisa menjadi sesuatu yang sangat menyenangkan,” tambahnya.
Ke depannya, UKM UNAIR Mengajar berkomitmen untuk terus melanjutkan program Joy On The Street di berbagai komunitas binaan. Hal ini sejalan dengan semangat UNAIR dalam mewujudkan Tri Dharma Perguruan Tinggi. Khususnya pengabdian kepada masyarakat melalui pendidikan yang inklusif dan humanis.
Penulis: Muhammad Afriza Atarizki
Editor: Yulia Rohmawati",2025-09-19,2025,5:48 pm,Muhammad Afriza Atarizki,Yulia Rohmawati,"Berita, Berita",https://unair.ac.id/ukm-unair-mengajar-tingkatkan-akses-pendidikan-bersama-komunitas-asbas/
Mahasiswa FIB Sabet Juara III Lomba Pidato Bahasa Jepang,"UNAIR NEWS – Mahasiswa Bahasa dan Sastra Jepang (Basasjep) Fakultas Ilmu Budaya (FIB) Universitas Airlangga (UNAIR) kembali menorehkan prestasi di kancah nasional. Kali ini, Azizah Dinda Ihsanningtyas berhasil meraih juara III dalam lomba Pidato Bahasa Jepang ke-20 tingkat nasional kategori perguruan tinggi.
Kompetisi tersebut terselenggara atas kerja sama Universitas Takushoku, Universitas Darma Persada (UNSADA), dan Persada. Acara berlangsung sejak Juli hingga Agustus, dengan puncak kegiatan pada Sabtu (13/9/2025) di Gedung Grha Wira Bakti, UNSADA, Jakarta.
Uji, sapaan akrabnya, mengaku awalnya mendapat tawaran dari dosen Basasjep mengenai perlombaan ini. Merasa tak ada salahnya mencoba, ia pun memberanikan diri untuk ikut. Menurutnya, selain untuk menambah pengalaman baru, ia melihat kesempatan ini sebagai momen untuk melatih keberaniannya.
“Aku kurang percaya diri untuk berbicara di depan banyak orang, terlebih menggunakan bahasa Jepang. Jadi aku ingin mencoba menantang diri sendiri,” imbuhnya.
Mengangkat Pengalaman Pribadi
Kategori perguruan tinggi tahun ini mengusung tema Hidup Berdampingan dengan AI: Tantangan dan Pemanfaatan AI dalam Belajar Bahasa dan Budaya Jepang. Di bawah bimbingan Dhaniswari Ananta Ayu SHum MHum serta Katsuhama Michiko, sukarelawan pengajar Japan International Cooperation Agency (JICA) yang bertugas di prodi Basasjep, Uji mengangkat pengalaman pribadinya menggunakan akal imitasi (AI) sebagai alat bantu belajar Bahasa Jepang.
“Aku menulis pengalamanku ketika pakai AI. Seperti memperbaiki tata bahasa, menerjemahkan, atau mengoreksi kesalahan grammar. Sensei ingin aku menggunakan bahasa Jepang yang mudah dimengerti dan diingat. Jadi aku harus benar-benar mengerti apa yang aku sampaikan,” jelasnya.
Adapun proses penyusunan naskah memakan waktu kurang lebih satu bulan, terhitung sejak Agustus. Hingga akhirnya ia berhasil lolos seleksi naskah sepuluh besar nasional. Setelahnya, Uji menjalani latihan intensif selama dua minggu. Mulai dari belajar intonasi, ekspresi, hingga teknik menguasai panggung.
Pengalaman Perdana Lomba
Pada hari pelaksanaan lomba, Uji mendapat giliran tampil sebagai peserta pertama. Kendati sempat gugup, ia berhasil menyampaikan pidatonya dengan baik. Karena mengangkat pengalaman pribadi, Uji pun lebih mudah menjawab pertanyaan dari para juri.
Bagi Uji, keberhasilannya tidak lepas dari dukungan para dosen yang sabar membimbing dan memberi masukan. “Dari awal, sensei sudah banyak membantu. Naskah, intonasi, mimik muka, dan kesalahan lainnya benar-benar dikoreksi. Sensei juga sangat responsif kalau aku bertanya,” tuturnya.
Prestasi ini menjadi pengalaman perdana Uji dalam mengikuti lomba pidato. Keberhasilan tersebut membuatnya bangga karena berhasil menaklukkan ketakutannya sendiri. Ke depan, ia berharap pengalaman ini dapat memotivasinya untuk terus mencoba kompetisi serupa atau lainnya.
“Nggak ada salahnya untuk mencoba, karena aku pun awalnya hanya coba-coba. Kita nggak bisa menduga bagaimana hasil akhirnya, yang penting adalah proses. Jadi semisal belum menang, it’s okay . Nomor satu adalah pengalaman dan relasi,” pungkasnya.
Penulis: Fania Tiara Berliana M
Editor: Yulia Rohmawati",2025-09-19,2025,6:06 pm,Fania Tiara Berliana M,Yulia Rohmawati,"Berita, Berita, Prestasi",https://unair.ac.id/mahasiswa-fib-sabet-juara-iii-lomba-pidato-bahasa-jepang/
UNAIR Tegaskan Komitmen Bangun Ekosistem Riset dan Inovasi Lewat Dua PUI-PT Baru,"UNAIR NEWS – Universitas Airlangga kembali menegaskan komitmennya dalam memperkuat ekosistem riset dan inovasi melalui penandatanganan kontrak Program Pusat Unggulan IPTEK Perguruan Tinggi ( PUI-PT ) Tahun Anggaran 2025. Acara berlangsung di Lt. 4 Gedung Manajemen Rektorat, Kampus MERR-C UNAIR, pada Kamis (18/09/2025). Hadir jajaran Pimpinan Universitas Airlangga, direktur riset dan inovasi, ketua PUI-PT, serta perwakilan Direktorat Penelitian dan Pengabdian kepada Masyarakat (DPPM) Kemendikti.
Delapan PUI-PT UNAIR Dukung Riset dan Inovasi
Wakil Rektor Bidang Riset, Inovasi, dan Community Development, Prof Muhammad Miftahussurur dr M Kes Sp PD KGEH PhD FINASIM, dalam sambutannya menyampaikan bahwa jumlah PUI-PT UNAIR kini bertambah dua sehingga menjadi delapan. “Alhamdulillah sekarang PUI-PT UNAIR berjumlah delapan. Walaupun secara jumlah masih kalah jika kita bandingkan perguruan tinggi lain, namun ini adalah komitmen kami agar selalu hadir secara konsisten untuk mewujudkan ekosistem riset dan inovasi di UNAIR semakin membaik,” ujarnya.
Ia menambahkan, dua pusat penguatan baru yang lolos seleksi pendanaan adalah PUI-PT Perawatan Demensia dan PUI-PT Bisnis Berkelanjutan. “Semoga pencapaian ini tidak sekadar memenuhi target, melainkan mampu melebihi apa yang menjadi target awal dari Universitas sendiri,” tegasnya.
Hasil Seleksi Ketat, Tegaskan Komitmen Keberlanjutan
Perwakilan Direktorat Penelitian dan Pengabdian kepada Masyarakat (DPPM), Rangga Satriana dan Gilbert Oloando, menjelaskan dalam kesempatan tersebut bahwa seleksi PUI-PT berlangsung melalui beberapa tahapan, dari administrasi, substansi, hingga wawancara. Dari total 147 proposal yang masuk, hanya 11 yang dinyatakan lolos dan berhak menerima pendanaan, dua diantaranya berasal dari UNAIR. Beberapa proposal gugur karena kesalahan administrasi, seperti unggahan SK yang tidak sesuai dengan permintaan.
DPPM menegaskan bahwa dengan adanya skema pendanaan ini harapannya mampu menstimulasi perguruan tinggi untuk menghasilkan inovasi yang menjawab kebutuhan masyarakat. “Pendanaan ini kami harapkan tidak hanya mendukung riset akademik, tetapi juga memperkuat kontribusi perguruan tinggi dalam menjawab kebutuhan yang ada di tengah masyarakat,” pungkas perwakilan DPPM.
Penulis: Samudra Luhur Pambudi
Editor: Ragil Kukuh Imanto",2025-09-18,2025,4:38 pm,Samudra Luhur Pambudi,Ragil Kukuh Imanto,"Berita, Berita",https://unair.ac.id/unair-tegaskan-komitmen-bangun-ekosistem-riset-dan-inovasi-lewat-dua-pui-pt-baru/
"Farah Heliantina, Alumnus UNAIR yang Kini Jadi Asisten Deputi Percepatan Transisi Energi RI","UNAIR NEWS – Universitas Airlangga (UNAIR) kembali menorehkan kebanggaan melalui kiprah alumninya yang berperan strategis di kancah nasional. Farah Heliantina, lulusan Fakultas Hukum (FH) Universitas Airlangga (UNAIR) angkatan 1992, kini dipercaya sebagai Asisten Deputi Percepatan Transisi Energi di Kementerian Koordinator Bidang Perekonomian Republik Indonesia.
Dengan pengalaman panjang lintas kementerian, Farah menegaskan bahwa transisi energi bukan sekadar isu teknis, melainkan agenda nasional yang membutuhkan sinergi berbagai sektor.
Perjalanan Karier Lintas Sektor
Selepas lulus dari UNAIR, Farah Heliantina memulai kariernya di Kementerian Keuangan pada 1999. Dua tahun kemudian, ia bergabung dengan Kementerian Koordinator Bidang Perekonomian dan menempati berbagai posisi strategis di bidang humas, hubungan antar lembaga, hingga logistik nasional. Pengalaman itu memperkuat kapasitasnya dalam komunikasi publik sekaligus memahami peran vital logistik dalam perekonomian.
Pada 2020, Farah dipercaya di Kementerian Koordinator Bidang Kemaritiman dan Investasi (Kemenkomarves) sebagai Asisten Deputi Investasi Sektor Jasa, menangani proyek energi baru terbarukan seperti PLTS Terapung Cirata dan tenaga angin di Sulawesi. Sejak akhir 2024, ia kembali ke Kementerian Koordinator Bidang Perekonomian dengan amanah baru sebagai Asisten Deputi Percepatan Transisi Energi.
Urgensi Transisi Energi bagi Indonesia
Bagi Farah, percepatan transisi energi adalah isu strategis nasional, terutama dalam konteks pembangunan berkelanjutan. Indonesia telah menargetkan penurunan emisi 31,8 persen pada 2030 dan net zero emission pada 2060, sesuai komitmen Paris Agreement.
“Kalau kita tidak melakukan apa-apa, dampak perubahan iklim bisa menurunkan PDB hingga 6 persen pada 2060. Itu sebabnya transisi energi harus didorong, baik melalui biofuel, kendaraan listrik, maupun energi terbarukan lain,” jelasnya.
Ia juga menyoroti tantangan implementasi, mulai dari sifat energi terbarukan yang intermittent, keterbatasan infrastruktur grid di negara kepulauan, hingga kebutuhan investasi besar. Karena itu, Indonesia membuka kerja sama internasional melalui platform seperti Just Energy Transition Partnership (JETP) dan berbagai kemitraan global.
Kolaborasi Multipihak dalam Transisi Energi
Sebagai pejabat koordinator lintas kementerian, Farah menekankan pentingnya kolaborasi multipihak atau multi-helix dalam mempercepat agenda transisi energi. Akademisi, pemerintah daerah, dunia usaha, masyarakat, hingga filantropi harus terlibat secara aktif.
“Transisi energi itu tidak bisa dikerjakan satu pihak saja. Ada aspek teknologi, sosial, ekonomi, dan komunikasi publik. Semua aktor harus bergerak bersama agar prosesnya adil dan inklusif,” ungkapnya.
Selain membentuk Satuan Tugas Transisi Energi dan Ekonomi Hijau, pemerintah juga tengah mendorong kawasan ekonomi khusus hijau serta skema pembiayaan inovatif untuk mendukung energi terbarukan.
Pesan untuk Mahasiswa dan Alumni UNAIR
Sebagai alumni UNAIR, Farah berpesan agar mahasiswa tidak ragu mengambil peran dalam agenda energi bersih. Menurutnya, era transisi energi membuka peluang besar bagi generasi muda dalam bidang green jobs dan green skills .
“Ambil kesempatan ini untuk masa depan. Indonesia butuh jutaan tenaga kerja hijau. Semua disiplin ilmu bisa berkontribusi, tinggal fokusnya mau di mana,” pesannya.
Ia juga menekankan pentingnya jejaring dan keberanian mencoba. “Dunia kerja itu lintas bidang. Jangan membatasi diri hanya karena latar belakang studi. Selalu terbuka untuk belajar, berjejaring, dan berkontribusi,” pungkasnya.
Dengan kiprahnya, Farah Heliantina menunjukkan bahwa alumni UNAIR mampu berada di garda depan dalam mendukung agenda strategis nasional menuju energi bersih dan pembangunan berkelanjutan.(*)
Penulis: Nafiesa Zahra
Editor: Khefti Al Mawalia",2025-09-18,2025,2:58 pm,Nafiesa Zahra,Khefti Al Mawalia,"alumni, Berita, featured, Kabar Alumni",https://unair.ac.id/farah-heliantina-alumnus-unair-yang-kini-jadi-asisten-deputi-percepatan-transisi-energi-ri/
"CESGS Luncurkan WCP, Tolok Ukur Baru Kinerja Direksi dan Komisaris Perusahaan Publik","UNAIR NEWS — Selama ini, menilai kinerja pemimpin perusahaan publik di Indonesia seringkali hanya melihat besar kecilnya perusahaan. Direksi dan komisaris dari perusahaan besar otomatis dianggap lebih sukses. Meskipun belum tentu mereka benar-benar menciptakan nilai bagi pemegang saham. Hal ini menimbulkan kesenjangan informasi bagi pemangku kepentingan. Untuk membedakan pemimpin yang sekadar mengelola perusahaan besar dan mereka yang benar-benar menciptakan nilai ( value creators ).
Melihat kondisi tersebut, Center for Environmental, Social, and Governance Studies ( CESGS ) Universitas Airlangga ( UNAIR ) yang bekerja sama dengan Illinois State University, Amerika Serikat, meluncurkan laporan terbaru. Laporan tersebut berjudul Value Creation of Board of Directors and Commissioners in Indonesian Public Companies (2021–2023). Laporan ini memperkenalkan Wealth Creation Performance (WCP), yaitu ukuran baru untuk menilai kinerja direksi dan komisaris berdasarkan kemampuan mereka meningkatkan nilai perusahaan bagi investor. Metodologi yang digunakan telah dikembangkan bersama para peneliti dari Illinois State University untuk memastikan keakuratan dan kredibilitas hasil riset ini.
Apa yang Berbeda dari Studi Ini?
Laporan ini menilai kinerja para pemimpin perusahaan publik di Indonesia dengan mencakup 902 perusahaan yang sudah tercatat di Bursa Efek Indonesia (BEI) sampai tahun 2023 dan tersebar di 11 sektor industri. Dengan menggabungkan data siapa saja yang duduk di kursi Direksi dan Komisaris, lalu membandingkannya dengan perubahan nilai pasar perusahaan dari tahun ke tahun, studi ini bisa menunjukkan seberapa besar kontribusi masing-masing pemimpin terhadap naik-turunnya nilai perusahaan.
Ukuran baru tersebut menghitung persentase pertumbuhan nilai perusahaan selama masa jabatan seorang pemimpin. Cara ini membuat perbandingan lebih adil, karena tidak hanya menguntungkan perusahaan besar. Pemimpin dari perusahaan kecil sekalipun bisa terlihat jelas kinerjanya jika mereka berhasil menggandakan nilai perusahaan.
Fakta-Fakta Menarik dari Riset CESGS
Sektor dengan perusahaan terbanyak adalah Consumer Cyclicals (147 perusahaan), kemudian Financials (122). BCA tetap menjadi perusahaan dengan kapitalisasi pasar terbesar sepanjang 2021–2023. Sementara Bank Jago memimpin pertumbuhan nilai pada 2021 sebelum kembali didominasi BCA di 2022–2023. Laporan juga menyoroti ukuran dewan direksi terbesar dan dewan dengan akumulasi pertumbuhan nilai tertinggi.
Menurut Prof Iman Harymawan PhD, CEO CESGS UNAIR, peluncuran laporan ini menjadi tonggak penting dalam cara menilai kinerja pemimpin perusahaan di Indonesia. Penilaian tidak lagi sekadar melihat besar kecilnya perusahaan, tetapi sejauh mana direksi dan komisaris benar-benar mampu menciptakan nilai bagi pemegang saham dan pasar.
“Kami ingin mendorong cara pandang baru. Di mana kepemimpinan korporasi diukur dari kemampuan mereka menciptakan pertumbuhan berkelanjutan. Bukan hanya dari reputasi atau skala usaha,” ujarnya.
Peluncuran laporan ini juga menegaskan bahwa tata kelola perusahaan yang sehat adalah kebutuhan strategis, bukan sekadar kewajiban kepatuhan. Dengan data yang transparan dan objektif, laporan ini memberi alat baru bagi investor, regulator, dan publik untuk mengenali pemimpin sejati pencipta nilai di pasar modal Indonesia.
CESGS berharap riset ini membuka ruang dialog dan kesadaran bersama. Sehingga lahir tata kelola yang kuat demi pasar modal yang sehat, berdaya saing, dan bermanfaat bagi masyarakat serta perekonomian Indonesia.
Penulis: CESGS UNAIR Editor: Yulia Rohmawati",2025-09-18,2025,2:00 pm,CESGS UNAIREditor: Yulia Rohmawati,,"Berita, Berita",https://unair.ac.id/cesgs-luncurkan-wcp-tolok-ukur-baru-kinerja-direksi-dan-komisaris-perusahaan-publik/
"Seminar Techxplore Tourism 2025, Sinergi Teknologi untuk Pariwisata Masa Depan","UNAIR NEWS – Program Studi D4 Destinasi Pariwisata, Universitas Airlangga (UNAIR) menunjukkan komitmennya dalam pengembangan pariwisata Indonesia lewat gelaran seminar Techxplore Tourism 2025. Kegiatan ini berlangsung di Aula Gedung C, Fakultas Vokasi (FV) Kampus Dharmawangsa-B UNAIR pada Selasa (16/9/2025).
Turut hadir memberi sambutan, Wakil Dekan 1 FV, Dr Andi Estetiono SE MM menyampaikan bahwa strategi pariwisata saat ini harus bisa cepat mengikuti perkembangan zaman. Ia menjelaskan dengan teknologi yang semakin maju, pariwisata bisa menjadi salah satu potensi besar.
“ Tourism ini kan tidak hanya wisata ya, tapi juga budaya sehingga banyak yang kita dapatkan. Saya yang orang ekonomi, orang perbankan ini bahkan berpikir salah satu masa depan perekonomian Indonesia itu ada di pariwisata, karena pariwisata ini sesuatu yang unik,” terangnya.
Fenomena Over Tourism
Salah satu pemateri, Delfa Plezia Puspa Andrini dalam pemaparannya menjelaskan, sosial media saat ini memegang peranan penting dalam hal promosi destinasi pariwisata. “Hal itu membuat orang berbondong-bondong untuk datang dan membuat pengunjung membludak, tapi terkadang suatu destinasi belum siap pengunjung terlalu banyak,” sebutnya.
Pemateri lain,, Barry Nuqoba SSi MKom PhD menilai bahwa viralitas penyebab over tourism bagaikan pisau bermata dua. Ia menyebutkan terkadang ada beberapa tempat yang dianggap sepi dan perlu viral agar bisa menarik pengunjung.
“Kita itu sebenarnya tidak kekurangan potensi, tetapi bagaimana cara kita mengubah potensi itu bisa menjadi nilai ekonomi. Di sini lah peran dari teknologi, kita hanya perlu mengoptimalkan potensi itu dengan teknologi,”
Pemanfaatan Teknologi
Lebih lanjut, Barry menyebutkan, setiap destinasi pariwisata harus sudah memulai untuk memanfaatkan teknologi. Menurutnya, salah satu cara memanfaatkan teknologi dalam sektor pariwisata adalah dengan big data.
“Salah satu cara mengumpulkan data adalah membuat sistemnya terdigitalisasi. Sekarang banyak kita jumpai sistem booking itu online. Dari data yang terkumpul, akan terlihat bagaimana karakteristik konsumen atau pengunjung. Akhirnya, bisa menentukan strategi marketing yang tepat,” imbuhnya.
Meski dengan perkembangan teknologi, Pemateri lain, Dr Sri Endah SSos MSi menegaskan bahwa teknologi tidak bisa benar-benar menggantikan pengalaman sebenarnya dari berpariwisata secara langsung. “Karena basic -nya berpariwisata itu adalah merasakan pengalaman. Pengalaman mengenai apa saja? di desa, adventure , sport , culinary , yang itu tidak mungkin hanya dari cerita, tetap harus merasakan,” ujarnya.
Penulis: Mohammad Adif Albarado
Editor: Ragil Kukuh Imanto",2025-09-18,2025,1:18 pm,Mohammad Adif Albarado,Ragil Kukuh Imanto,"Berita, Berita",https://unair.ac.id/seminar-techxplore-tourism-2025-sinergi-teknologi-untuk-pariwisata-masa-depan/
HIMA Antropologi Ajak Mahasiswa Kritisi Penggunaan AI dalam Akademik,"UNAIR NEWS – Himpunan Mahasiswa Antropologi (Humant) Fakultas Ilmu Sosial dan Ilmu Politik (FISIP) Universitas Airlangga (UNAIR) menggelar seminar Dilema Etis AI bertajuk Menimbang Otentitas Penulisan dan Integritas Akademik di Era Digital. Kegiatan tersebut bertempat di Ruang A.314, Gedung A FISIP, Kampus Dharmawangsa-B UNAIR pada Sabtu (13/9/2025).
Seminar ini mengundang Akbar Assagung, mahasiswa program studi Antropologi UNAIR, sebagai pemantik, serta Lintang Wahyusih Nirmala SAnt MA, dosen program studi Antropologi UNAIR, sebagai narasumber utama. Melalui kegiatan tersebut, mahasiswa diharapkan lebih bijak dalam menggunakan akal imitasi (AI), terutama dalam ranah akademik.
Manfaat dan Risiko AI
Mengawali diskusi, Akbar Assagung menyoroti bagaimana AI perlahan menjadi produk modernitas yang erat kaitannya dengan kapitalisme. Menurutnya, ada tiga hal yang menopang jalannya kapitalisme, yaitu kebaruan, kecepatan, dan orientasi pada pengguna.
“Modernitas itu lebih dari sekadar kemajuan segala hal. Modernitas adalah gejolak sosial yang ditopang kapitalisme. Contohnya, kalau dulu AI bersifat open source , sekarang bergeser menjadi komoditas ekonomi dan dituntut untuk mendapat profit ,” ujarnya.
Lebih lanjut, Akbar menjelaskan berbagai kemudahan yang AI tawarkan, mulai dari akses informasi cepat dan ringkas, simulasi data yang presisi, hingga efisiensi waktu dalam menyelesaikan pekerjaan. Hal-hal tersebut membuat AI semakin diminati. Kendati demikian, ia mengingatkan bahwa penggunaan jangka panjang juga menyimpan risiko.
“AI itu dapat menurunkan kemampuan berpikir kritis, menimbulkan ketergantungan, bahkan menghadirkan berbagai persoalan etika. Jadi, apakah kita yang mengendalikan AI, atau sebenarnya justru AI yang mengendalikan kita?” imbuhnya.
AI dalam Akademik
Senada dengan Akbar, Lintang Wahyusih Nirmala SAnt MA turut menyampaikan pandangannya. Ia menilai bahwa AI sejatinya sudah lama hadir, namun kini perannya semakin melekat dalam keseharian sehingga mustahil untuk dihindari.
“Hari ini bukan lagi soal siapa yang menggunakan AI, tapi siapa yang belum pernah mencobanya. Dulu sudah ada SimSimi atau Siri yang menggunakan teknologi AI, hanya saja sekarang perannya jauh lebih besar,” jelasnya.
Dalam lingkup akademik, ia melihat bagaimana AI turut mengubah pola belajar mahasiswa. Jika sebelumnya mahasiswa terbiasa mencari dan mengolah informasi secara mandiri, kini banyak yang justru bergantung pada AI. “Kalau kita terus menyuruh AI berpikir, lalu kapan kita sendiri berpikir? Hakikat manusia sebagai makhluk berakal jangan sampai sebatas menyusun prompt ,” tuturnya.
Alih-alih berusaha menghindari, Lintang menekankan pentingnya fokus pada cara bijak dalam menggunakan AI. Ia juga mendorong mahasiswa untuk memperbanyak ruang diskusi tatap muka. Interaksi langsung, menurutnya, penting agar daya kritis tetap terjaga, terlebih di tengah derasnya arus informasi digital.
“Kita harus bergandengan dengan AI, bukan bergantung. Kalau bergandengan, saat AI hilang, kita masih bisa berjalan. Tapi kalau bergantung, saat AI hilang, kita bisa jatuh,” pungkasnya.
Penulis: Fania Tiara Berliana M
Editor: Yulia Rohmawati",2025-09-17,2025,9:00 am,Fania Tiara Berliana M,Yulia Rohmawati,"Berita, Berita",https://unair.ac.id/hima-antropologi-ajak-mahasiswa-kritisi-penggunaan-ai-dalam-akademik/
Mahasiswa FPK UNAIR Jalani Program International Internship di Universiti Sains Malaysia (USM),"UNAIR NEWS – Mahasiswa Fakultas Perikanan dan Kelautan ( FPK ) Universitas Airlangga ( UNAIR ) mengikuti kegiatan International Internship di Universiti Sains Malaysia ( USM ). Program yang berlangsung selama 28 hari ini resmi bergulir
pada Hari Jumat (29/8/2025) dan menjadi kesempatan mahasiswa untuk memperluas pengetahuan sekaligus memperkuat jejaring Internasional.
Pada Jumat (12/9/2025), Tim UNAIR NEWS mewawancarai 6 mahasiswa FPK UNAIR yang mengikuti kegiatan International Internship di Universiti Sains Malaysia ( USM ). Mereka adalah Muhammad Maulidi Arrohman, Nadhira Hasna Rashida, Achmad Saif Alif Amrullah, Eristha Salma Ramadhina, Iskandar Suhud, dan Darunna’im Fithri.
Perkaya Pengalaman
Salah satu peserta, Muhammad Maulidi Arrohman mahasiswa program studi akuakultur angkatan 2022 menyampaikan alasannya mengikuti kegiatan Internship di USM. Ia mengatakan bahwa beberapa dari anggotanya sudah pernah melakukan magang di Malaysia, dan tertarik untuk mengikuti magang di luar negeri. “Beberapa dari kami sudah pernah magang di balai Indonesia, dan ada juga yang pernah ikut magang di Malaysia juga. Jadi kami memiliki keinginan kuat untuk mencoba magang lagi di luar negeri, melalui bimbingan dari dosen FPK,” tutur Maulidi.
Erista Salma Ramadhina, selaku ketua tim yang sedang magang di USM mengatakan bahwa tidak ada persyaratan khusus untuk mengikuti International Internship . Ia melanjutkan, jika persyaratan International Internship menyesuaikan dengan jumlah kuota pendaftar. “Jika pendaftarnya lebih dari kuota yang disediakan, akan dilakukan seleksi. Tapi waktu kita melakukan pendaftaran itu kuotanya mencukupi sehingga tidak dilakukan seleksi,” ujar Erista.
Lebih lanjut, Saif Alif menyebutkan adanya terdapat perbedaan pembelajaran di Indonesia dan di Malaysia. “Tentu ada perbedaan dari pembelajarannya, kalo di Malaysia kita wajib untuk tidak takut menulis seperti artikel di blog -nya USM sendiri,” tegasnya.
Dari segi fasilitas laboratorium, Maulidi mengatakan bahwa di USM lebih unggul dan memiliki laboratorium khusus untuk masing-masing bidang. “Disini itu kegiatan budidayanya dilakukan secara indoor, dan gak banyak kolam dibandingkan di FPK UNAIR. Selain itu, disini juga masing-masing bagunan itu memilki fungsi yang berbeda. Sarana dan prasarananya sangat bagus, meskipun bukan jurusan murni perikanan seperti di FPK,” tutur Maulidi.
Berani Go Internasional
Selain sebagai ajang untuk menambah pengalaman di luar negeri, program International Internship juga memberikan peluang bagi mahasiswa untuk mengkonversikan hasil kegiatan tersebut menjadi Satuan Kredit Semester (SKS). Namun, konversi SKS hanya dapat berlaku apabila mendapat persetujuan dari Penanggung Jawab (PJ) mata kuliah terkait. Maulidi menambahkan, jika ia dan anggota lainnya memiliki keinginan untuk melanjutkan studi di USM jika mendapat kesempatan atau beasiswa.
Sebagai penutup, peserta International Internship memberikan pesan dan motivasi kepada teman-teman yang ingin mengikuti kegiatan magang di luar negeri. “Siapkan diri kalian, siapkan mental kalian, dan jangan takut untuk mencoba hal baru seperti International Internship karena dengan mengikuti kegiatan luar negeri, kalian tidak hanya belajar akademik, tetapi juga bagaimana cara kita menambah wawasan dan relasi di luar negeri,” tutup Suhud.
Penulis: Muhammad Nabil Fawaid
Editor: Ragil Kukuh Imanto",2025-09-17,2025,2:34 pm,Muhammad Nabil Fawaid,Ragil Kukuh Imanto,"Berita, Berita",https://unair.ac.id/mahasiswa-fpk-unair-jalani-program-international-internsip-di-universiti-sains-malaysia-usm/
Tim UNAIR Raih Medali Perunggu di IID 2025 lewat Inovasi Cleanser Tablet Ramah Lingkungan,"UNAIR NEWS – Mahasiswa Universitas Airlangga (UNAIR) kembali menorehkan prestasi gemilang lewat Medali Perunggu di Indonesia Inventors Day (IID) 2025 . Kompetisi ini berlangsung di Smesco Exhibition Hall, Jakarta pada Kamis (11/9/2025) hingga Minggu (14/9/2025).
Tim UNAIR yang beranggotakan tujuh orang ini berkompetisi dalam kategori Beauty and Personal Care Product. Selain itu, mereka juga berhasil meraih penghargaan khusus pada kriteria WINTEX (Adult). Tim tersebut terdiri dari Rifanza Ghifarri Rahman, Chessa Failazhufa Waludri, Arina Felisia Rahma, Imroatul Azizah,  Ziva Shuaoleymah, My Pinkan Aurasyifa Abimanyu, dan Riska Amelia Nirina Ilham.
Menurut penjelasan Chessa Failazhufa Waludri akrab dengan sapaan Zhifa, kolaborasi multidisiplin ini menjadi kekuatan utama dalam mengembangkan inovasinya. “Pada awalnya kita memang sudah berteman sejak maba karena satu kelas dan cukup sering mengikuti lomba bersama teman-teman dari Farmasi. Kemudian kita ingin berkolaborasi dengan fakultas lain agar tercipta kerja sama dan sustainability yang baik,” terangnya.
Inovasi Cleanser
Inovasi produk ini bertajuk “CLEARA: Eco-Smart Dissolvable Tablet 3 in 1 Cleanser Innovation From Soapberry and Aloe Vera For Body, Face, and Hair”. Lahirnya inovasi ini untuk menjawab permasalahan akan kandungan berbahaya seperti SLS, SLES, dan paraben dalam produk sabun pada umumnya.
“Kami menciptakan inovasi Cleanser 3 in 1 berbentuk tablet yang terbuat dari Lerak dan Aloe Vera, tanpa SLS, SLES, dan paraben sehingga produk kami 100% alami, low pH, dan aman untuk kulit sensitif. Selain itu, Cleara dikemas dengan packaging yang travel friendly sehingga mudah dibawa kemana saja dan kapan saja,” jelasnya.
Proses pengembangannya pun tak selalu berjalan mulus.Zhifa mengungkapkan tantangan terbesar adalah pada proses formulasi tablet yang harus melewati berbagai trial and error. “Oleh karena itu, kami berusaha untuk meng-adjust konsentrasi tiap bahan yang kami gunakan dan berkonsultasi dengan dosen pembimbing kami,” imbuhnya.
Pengembangan Lebih Lanjut
Ke depan, tim ini memiliki rencana besar untuk mengembangkan inovasi mereka lebih lanjut. “Rencananya produk ini akan dikembangkan lebih lanjut. Kami akan mencoba uji lagi mengenai stabilitasnya dan juga kami berusaha untuk mematenkan produk kami. Selain itu, kami juga ingin memiliki izin BPOM untuk produk ini,” ujarnya.
Bagi Zhifa dan tim, medali ini memiliki makna yang sangat berkesan seluruh anggota tim. “Ini menjadi motivasi kami juga untuk terus mengikuti berbagai macam kegiatan sehingga mampu membawa nama Universitas Airlangga baik skala nasional maupun internasional,” tegasnya.
Penulis: Mohammad Adif Albarado
Editor: Ragil Kukuh Imanto",2025-09-17,2025,1:58 pm,Mohammad Adif Albarado,Ragil Kukuh Imanto,"Berita, Berita",https://unair.ac.id/tim-unair-raih-medali-perunggu-di-iid-2025-lewat-inovasi-cleanser-tablet-ramah-lingkungan/
Ramai Peserta! Donor Darah BEM FEB UNAIR dan PMI Lampaui Target,"UNAIR NEWS – Departemen Pengabdian Masyarakat (Pengmas) BEM Fakultas Ekonomi dan Bisnis (FEB) Universitas Airlangga ( UNAIR ) bersama Palang Merah Indonesia (PMI) menggelar donor darah pada Senin (15/9/2025) di Aula Fadjar, Kampus Dharmawangsa-B. Mengusung slogan Give Blood, Carry Hope , kegiatan ini menjadi agenda rutin yang menegaskan komitmen mahasiswa FEB UNAIR untuk memberikan kontribusi nyata di bidang sosial dan kesehatan.
“Donor darah ini merupakan salah satu agenda rutin Departemen Pengabdian Masyarakat BEM FEB UNAIR. Melalui kegiatan ini, kami ingin menegaskan peran mahasiswa dalam memberikan kontribusi nyata bagi masyarakat,” ujar Ivana, Ketua Pelaksana.
Antusiasme Melampaui Target
Kegiatan donor darah kali ini menargetkan 70 peserta. Namun, jumlah pendaftar justru melampaui target tersebut. Sejak pagi, mahasiswa, dosen, hingga masyarakat umum berdatangan dengan semangat tinggi untuk ikut berpartisipasi. Antusiasme ini menjadi bukti nyata kepedulian civitas akademika UNAIR terhadap aksi kemanusiaan.\
“Respons peserta terhadap kegiatan ini sangat baik. Antusiasme mereka membuktikan bahwa donor darah bukan sekadar agenda rutin, melainkan kegiatan yang benar-benar dinantikan,” tambah Ivana.
Sinergi Mahasiswa dan PMI
Kesuksesan kegiatan donor darah lahir dari persiapan matang dan kolaborasi erat antara mahasiswa FEB UNAIR dan PMI. Panitia mahasiswa aktif mengoordinasikan publikasi, menyiapkan sarana prasarana, dan memastikan seluruh rangkaian berjalan sesuai jadwal. Sementara itu, PMI hadir dengan tenaga medis profesional serta fasilitas donor darah yang memadai sehingga kegiatan berlangsung aman dan nyaman.
“Kegiatan ini bisa terlaksana berkat sinergi banyak pihak. Mahasiswa menjadi penggerak utama, sementara PMI dan fakultas memberikan dukungan penuh sehingga acara berjalan lancar,” jelas Ivana.
Kolaborasi lintas pihak ini menunjukkan bahwa kegiatan sosial tidak hanya digerakkan oleh mahasiswa, tetapi juga membutuhkan dukungan berkelanjutan dari mitra eksternal dan civitas kampus. Melalui kerja sama tersebut, donor darah memberikan dampak nyata sekaligus memperkuat budaya kepedulian sosial di lingkungan UNAIR.
Menumbuhkan Budaya Kepedulian
Panitia berharap kegiatan donor darah dapat terus berlanjut dengan jangkauan yang lebih luas. Selain membantu memenuhi kebutuhan darah di PMI, kegiatan ini juga menjadi sarana membangun kesadaran sosial dan menumbuhkan semangat kemanusiaan di kalangan mahasiswa.
“Ke depan, kami berharap donor darah ini tidak hanya menjadi rutinitas, tetapi juga berkembang menjadi gerakan sosial yang mengakar di lingkungan FEB UNAIR,” pungkas Ivana.
Penulis: Era Fazira
Editor: Ragil Kukuh Imanto",2025-09-17,2025,2:42 pm,Era Fazira,Ragil Kukuh Imanto,"Berita, Berita",https://unair.ac.id/ramai-peserta-donor-darah-bem-feb-unair-dan-pmi-lampaui-target/
Aksi Seru Hewan Peliharaan Warnai Rangkaian Lomba Pet Festival 2025 RSHP UNAIR,"UNAIR NEWS – Aksi menggemaskan sekaligus kompetitif dari hewan-hewan peliharaan mewarnai gelaran Pet Festival 2025 yang berlangsung selama tiga hari, mulai Jumat (12/9/2025) hingga Minggu (14/9/2025), di Rumah Sakit Hewan Pendidikan (RSHP) Universitas Airlangga (UNAIR).
Festival ini menjadi bagian dari upaya RSHP UNAIR mempererat hubungan dengan komunitas pecinta hewan. Dalam sambutannya, Direktur RSHP UNAIR, Prof drh Ira Sari Yudaniayanti MP drh, menyampaikan harapannya agar kegiatan ini memperluas jangkauan RSHP ke berbagai kalangan.
“Kami berharap melalui kegiatan ini, RSHP bisa lebih dikenal oleh komunitas pecinta hewan, dari anabul (anak bulu) seperti kucing dan anjing, hingga hewan peliharaan lainnya. Semoga ke depan RSHP mampu menjalin lebih banyak kerja sama demi mendukung kesehatan hewan peliharaan bersama,” ujarnya.
Ragam Acara dan Lomba Seru
Selama tiga hari, pengunjung disuguhkan berbagai acara mulai dari talkshow , funwalk , bazar, hingga kontes hewan. Pada Sabtu (13/9), berbagai lomba berlangsung seperti Cat Contest , Dog Contest , serta Talkshow Burung yang diikuti puluhan peserta. Sementara pada Minggu (14/9), festival berlanjut dengan Sunshine Funwalk with Pet , serta kontes ayam serama dan reptile.
Menurut Ketua Pelaksana, drh Abihilal Zikra Taim, jumlah peserta pada tahun ini meningkat signifikan daripada tahun lalu.
“Peserta yang mengikuti lomba kali ini lebih banyak ketimbang tahun lalu,” ungkapnya.
Salah satu kategori yang mengalami peningkatan pesat adalah kontes ayam serama, yang berhasil menjaring lebih dari 50 pendaftar. Tak hanya itu, kontes reptil juga menjadi sorotan dengan kehadiran berbagai spesies unik seperti gecko, salfa, hingga kura-kura darat dan air yang berkompetisi dalam lomba balap dan ketangkasan.
Menurut Taim, dalam lomba ini banyak hal yang menjadi faktor penilaian, mulai dari berat badan kucing, kecepatan makan, hingga kemampuan “come to mommy” pada anjing. Bahkan, seekor kucing tuna netra pun berani mengikuti kontes Got Talents , menunjukkan bahwa keterbatasan bukan halangan untuk berprestasi.
Dalam kompetisi ini, sistem penjurian berjalan berdasarkan kategori. Untuk kontes kucing, anjing, ayam serama panitia menetapkan tiga juara utama. Sedangkan pada kontes reptil, penghargaan panitia memberi hadiah kepada lima besar.
Dari wawancara dengan sejumlah kontestan, banyak yang mengaku mengetahui informasi lomba ini dari komunitas yang mereka ikuti. “Saya tahu info lomba ayam serama ini dari komunitas saya. Kami memang sering ikut event bareng,” ujar salah satu peserta asal Surabaya.
Selain berbagai lomba dan talkshow yang seru, Pet Festival 2025 juga menghadirkan hadiah doorprize menarik saat pengumuman pemenang, yang membuat acara semakin meriah dengan antusias para peserta.
Penulis: Saffana Raisa Rahmania
Editor: Ragil Kukuh Imanto",2025-09-17,2025,4:16 pm,Saffana Raisa Rahmania,Ragil Kukuh Imanto,"Berita, Berita",https://unair.ac.id/aksi-seru-hewan-peliharaan-warnai-rangkaian-lomba-pet-festival-2025-rshp-unair/
Dosen Ilmu Komunikasi UNAIR Kritisi Kebijakan Satu Orang Satu Akun Medsos,"UNAIR NEWS – Kementerian Komunikasi dan Digital (Komdigi) tengah mengkaji wacana penerapan kebijakan satu orang satu akun media sosial. Kebijakan yang bertujuan untuk memerangi akun anonim dan hoaks ini menuai pro-kontra di masyarakat. Terkait hal ini, Akademisi Pemerhati Kebijakan Media dan Komunikasi Fakultas Ilmu Sosial dan Ilmu Politik (FISIP) Universitas Airlangga (UNAIR) turut memberi perspektif kritis.
Dosen FISIP UNAIR, Titik Puji Rahayu SSos MComms PhD menyoroti bahwa kebijakan ini justru berpotensi besar memangkas penyebaran informasi positif. Menurutnya, media sosial bukan hanya sarana hoaks, melainkan juga tempat penyebaran informasi yang bermanfaat dan mampu memberdayakan masyarakat.
“Hal lain yang juga menjadi poin kritik, kalau berpikir bahwa mengurangi akun akan mengurangi penyebaran hoaks itu seolah-olah cara berpikirnya bahwa satu akun hanya akan menyebarkan satu hoaks, padahal satu akun bisa menyebarkan ratusan ribuan hoaks. Jadi ini yang jadi unit analisisnya itu akunnya apa jumlah hoaksnya,” ucapnya.
Fakta Persebaran Hoaks
Lebih lanjut, Titik menegaskan bahwa kebijakan ini belum menyentuh akar masalah. Menurutnya. fakta yang terjadi menunjukkan bahwa persebaran hoaks atau informasi salah mayoritas disebabkan oleh bot bukan akun organik milik manusia. Ia menilai pendekatan ini kurang efektif dan justru menghukum kelompok yang salah.
“Jadi yang banyak menyebarkan hokas itu biasanya adalah bot , tapi kenapa yang dihukum justru manusia yang dia bukan merupakan bot atau automated social media in system . Jadi sebuah aplikasi yang dirancang untuk berperilaku di media sosial seolah-olah dia manusia padahal sebetulnya adalah software, ” jelasnya.
Ia juga menyebutkan bahwa memiliki banyak akun pada saat ini adalah hal yang wajar dan umumnya memiliki tujuan spesifik. “Maka mereka punya suatu akun yang memang mereka tujukan untuk merepresentasikan citra profesional mereka. Di sisi lain mereka juga punya akun yang itu sifatnya untuk pertemanan, di mana mereka lebih lugas menyampaikan mereka siapa adanya,” paparnya.
Solusi Fundamental
Menyikapi hal tersebut, Titik menawarkan sebuah solusi yang lebih fundamental. Menurutnya, masyarakat yang sejahtera dan teredukasi akan lebih kebal terhadap misinformasi dan tidak mudah menyebarkan hoaks. “Edukasi kepada masyarakat untuk mereka tidak sembarangan menyebarkan informasi jika mereka tidak memahami informasi,” terangnya.
Pada akhir, Titik mengajak pemerintah untuk lebih berpihak dan fokus kembali pada pengembangan industri digital nasional. “Saya rasa pemerintah lebih baik fokus membangkitkan industri media digital, sehingga membuka lapangan pekerjaan bagi masyarakat Indonesia. Benefitnya bukan hanya benefit politik dalam artian berpendapat, berdemokrasi, tapi juga ada benefit ekonomi, benefit sosio-kultural, ” pungkasnya.
Penulis: Mohammad Adif Albarado
Editor: Ragil Kukuh Imanto",2025-09-17,2025,2:57 pm,Mohammad Adif Albarado,Ragil Kukuh Imanto,"Berita, Berita",https://unair.ac.id/dosen-ilmu-komunikasi-unair-kritisi-kebijakan-satu-orang-satu-akun-medsos/
"UNAIR dan Pemkab Tulungagung Jalin Kerja Sama Strategis, Hadirkan Dampak Nyata bagi Masyarakat","UNAIR NEWS – Sebagai komitmen mewujudkan Kampus Berdampak, Universitas Airlangga ( UNAIR ) terus menunjukkan kontribusi nyata bagi masyarakat. UNAIR mengadakan kerja sama dengan Pemerintah Kabupaten (Pemkab) Tulungagung dalam pengembangan berbagai bidang strategis. Kerja sama tersebut ditandai dengan penandatangan kesepakatan bersama atau memorandum of understanding (MoU) yang terlaksana pada Selasa (16/9/2025) di Pendopo Kongas Arum Kusumaning Bangsa, Kabupaten Tulungagung.
Hadir dalam penandatangan MoU tersebut, Rektor UNAIR Prof Dr Muhammad Madyan SE MSi MFin; Sekretaris Universitas Prof Dr Dwi Setyawan SSi MSi Apt; Wakil Rektor Bidang Akademik, Kemahasiswaan, dan Alumni Prof Ir Mochammad Amin Alamsjah MSi PhD; Wakil Rektor Bidang Riset, Inovasi dan Community Development Prof Muhammad Miftahussurur dr MKes SpPD-KGEH PhD FINASIM; IKA UNAIR Cabang Tulungagung; beserta jajaran civitas academica UNAIR.
Sementara itu, pihak Pemkab Tulungagung yang hadir dalam penandatangan MoU terdiri dari Bupati H Gatut Sunu Wibowo SE ME; Wakil Bupati Ahmad Baharudin SM; Sekretaris Daerah Drs Tri Hariadi MSi; jajaran pimpinan RSUD dr Iskak; serta jajaran pejabat pemerintah lainnya.
Kolaborasi Akademik dan Pemerintahan
Dalam sambutannya, Rektor UNAIR menuturkan, kerja sama ini bukan sekadar penandatanganan di atas kertas. Melainkan juga menjadi wujud komitmen bersama untuk memajukan daerah, melalui kolaborasi antara dunia akademik dan pemerintahan.
“Ruang lingkup kerja sama kita sangat luas. Mencakup bidang pendidikan, kesehatan, pengembangan rumah sakit, penelitian, hukum, IPTEK dan inovasi. Termasuk pengabdian masyarakat dan peningkatan kualitas sumber daya manusia,” terangnya.
Pihaknya meyakini, fungsi perguruan tinggi tidak hanya sebatas menghasilkan lulusan. Akan tetapi, juga menjadi motor penggerak pembangunan. “Kolaborasi ini sejalan dengan visi kami untuk menjadi Kampus Berdampak. Yang bisa memberikan manfaat nyata bagi masyarakat lokal, nasional, maupun global,” imbuhnya.
Melalui kerja sama tersebut, Prof Madyan berharap UNAIR dapat berkontribusi secara konkret. Terutama dalam mendukung peningkatan kualitas SDM di Tulungagung melalui berbagai pelatihan dan pengembangan kurikulum yang relevan. “Kami juga akan mengarahkan riset-riset dari temuan kami untuk mencari solusi atas permasalahan yang dihadapi Tulungagung. Baik dari potensi ekonomi hingga tantangan lingkungan,” imbuh Guru Besar Fakultas Ekonomi dan Bisnis (FEB) itu.
Menutup sambutannya, Prof Madyan menekankan pentingnya semangat kolaborasi. “Mari kita jadikan momen ini sebagai langkah awal untuk kerja sama yang produktif dan berdampak,” tutupnya.
Tuai Apresiasi
Bupati Tulungagung, H Gatut Sunu SE ME menyampaikan apresiasi kepada UNAIR yang telah hadir untuk berkolaborasi. Ia menyebut, keinginan untuk menjalin kerja sama ini telah ada sejak lama.
Ia menyadari, tantangan pembangunan saat ini sangat berat dan dinamis. Sehingga pemerintah tidak bisa bergerak sendiri. “Pada titik inilah kita berharap UNAIR dengan kapasitas riset, tenaga ahli, serta pengalaman pengabdian masyarakat bisa jadi mitra strategis Pemkab Tulungagung,” terangnya.
Lebih lanjut, ia juga menyampaikan apresiasi setinggi-tingginya bagi UNAIR yang telah memberikan kontribusi nyata bagi masyarakat. “Kita telah melihat kiprah UNAIR dalam membangun Tulungagung terutama di bagian selatan yang sering mengalami kekeringan air saat musim kemarau. Alhamdulillah UNAIR turut membangun sumur bor dan kami Pemkab membantu agar sumber air tersebut bisa dialirkan ke seluruh desa,” jelasnya.
Ia berharap, upaya kerja sama untuk mewujudkan visi pembangunan daerah Tulungagung bisa terwujud dengan lebih cepat. Kolaborasi yang menjadi titik berat salah satunya adalah pengembangan rumah sakit dan layanan kesehatan.
Nantinya, kolaborasi tersebut akan membantu meningkatkan akses kualitas layanan kesehatan bagi masyarakat. Sejalan itu, setelah berlangsungnya penandatanganan, rangkaian kegiatan berlanjut dengan kunjungan ke RSUD dr Iskak. Salah satu bentuk kerja sama yang akan dilakukan adalah peningkatan kapasitas pendidikan dokter spesialis selaras dengan kebijakan nasional.(*)
Penulis: Yulia Rohmawati",2025-09-16,2025,5:38 pm,Yulia Rohmawati,,"Berita, Berita, berita rektor, featured",https://unair.ac.id/unair-dan-pemkab-tulungagung-jalin-kerja-sama-strategis-hadirkan-dampak-nyata-bagi-masyarakat/
205 Mahasiswa FKH UNAIR Siap Mengabdi melalui Program BBK Kampus Berdampak,"UNAIR NEWS – Fakultas Kedokteran Hewan ( FKH ) Universitas Airlangga ( UNAIR ) resmi melepas 205 mahasiswa semester tujuh untuk mengikuti Program Belajar Bersama Komunitas (BBK) Kampus Berdampak. Penerjunan itu berlangsung di Lapangan FKH, Kampus MERR-C UNAIR pada Selasa pagi (16/9/2025). Sekelompok mahasiswa akan melaksanakan pengabdian ke sepuluh daerah di Jawa Timur. Yakni Lumajang, Kediri, Nganjuk, Madiun, Magetan, Gresik, Lamongan, Tuban, Bojonegoro, dan Surabaya. Program ini akan berlangsung hingga Rabu (12/11/2025) mendatang.
BBK menjadi program penting yang dirancang untuk mendekatkan mahasiswa pada realitas sosial dan kesehatan hewan di masyarakat. Melalui kegiatan ini, mahasiswa FKH berkesempatan untuk mengaplikasikan ilmu yang mereka peroleh dalam perkuliahan. Sekaligus mengasah keterampilan praktis, baik di wahana hewan besar maupun hewan kecil.
Maksimalkan Belajar untuk Skills
Prof Dr Widjiati drh MSi selaku PIC BBK menyampaikan pesan kepada mahasiswa agar menjaga nama baik fakultas dan universitas. “Saya mohon kalian bisa menjunjung tinggi nama baik FKH dan universitas. Ikuti peraturan yang sudah kita susun bersama. Semoga semuanya lancar dalam perjalanan sampai kembali dengan selamat di fakultas,” ujarnya.
Prof. Widjiati juga menegaskan bahwa fakultas telah memfasilitasi seluruh mahasiswa agar dapat menjalani program BBK dengan maksimal. Ia mendorong mahasiswa untuk belajar dengan sungguh-sungguh baik dalam keterampilan medis hewan kecil maupun besar. “Semua dalam kelompok masing-masing harus bekerja sama dan saling mengisi supaya program BBK ini bisa maksimal,” tambahnya.
Wujud Kepedulian Sosial
Sementara itu, Dekan FKH UNAIR, Prof Dr Lilik Maslachah drh MKes, menekankan pentingnya soliditas sivitas akademika dalam mendukung program-program fakultas. Ia menuturkan bahwa penerjunan mahasiswa BBK adalah bagian dari komitmen FKH untuk menghasilkan calon dokter hewan yang tidak hanya unggul secara akademik, tetapi juga memiliki kepedulian sosial.
“Hari ini adalah momen penting kalian terjun ke sepuluh wahana di Jawa Timur. Saya berharap, kalian sebagai mahasiswa pembelajar tidak hanya memahami kehidupan kampus, tetapi juga bagaimana kehidupan nyata di tengah masyarakat,” ungkap Prof Lilik.
Guru Besar Ilmu Farmasi Veteriner itu juga menyoroti pentingnya percepatan program BBK sebagai bagian dari kontribusi FKH untuk mendukung UNAIR menuju Top 200 World Class University . “Melalui program belajar bersama komunitas, saya berharap ilmu kalian bisa bersinergi dengan pengalaman nyata di lapangan. Program harus kita lakukan secepat kilat untuk bisa mencapai akselerasi sesuai target,” lanjutnya.
Selain itu, Prof Lilik kembali mengingatkan agar mahasiswa selalu menjaga sikap, kesehatan, serta mematuhi aturan keselamatan yang telah ditetapkan. Ia menegaskan bahwa proses pembelajaran di lapangan merupakan bagian penting dari pembentukan calon dokter hewan yang berintegritas dan profesional.
Penulis: Nur Khovivatul Mukorrobah
Editor: Ragil Kukuh Imanto",2025-09-16,2025,2:28 pm,Nur Khovivatul Mukorrobah,Ragil Kukuh Imanto,"Berita, Berita",https://unair.ac.id/205-mahasiswa-fkh-unair-siap-mengabdi-melalui-program-bbk-kampus-berdampak/
"Sharing Alumni UNAIR, Kupas Masa Depan Tabungan Syariah","UNAIR NEWS – Himpunan Mahasiswa Ekonomi Islam Universitas Airlangga ( UNAIR ) menghadirkan sharing alumni bertajuk Masa Depan Tabungan Syariah di Era Digital pada Minggu (14/9/2025) secara daring melalui Zoom Meeting . Kegiatan tersebut menghadirkan Marisa Ayu Andarini, S.Ei., M.S.Ei., CFP., seorang praktisi perbankan syariah sekaligus alumni Ekonomi Islam 2012.
Pertumbuhan dan Potensi Keuangan Syariah
Dalam pemaparannya, Marisa menjelaskan bahwa industri keuangan syariah Indonesia tumbuh lebih cepat daripada perbankan konvensional. Pada 2022, aset perbankan syariah meningkat 15,63 persen (yoy), melampaui perbankan konvensional sebesar 9,50 persen. Total aset keuangan syariah nasional juga menembus Rp 2.461,11 triliun pada Juli 2023 dengan pangsa pasar 10,89 persen.
Ia menegaskan bahwa posisi Indonesia sebagai negara dengan populasi Muslim terbesar di dunia menjadi peluang besar bagi perkembangan keuangan syariah. “Pertumbuhan ini menunjukkan potensi luar biasa untuk menjadikan Indonesia pusat keuangan syariah global,” ujarnya.
Transformasi Digital Produk Tabungan Syariah
Lebih lanjut, narasumber menjelaskan bahwa digitalisasi membuat tabungan syariah semakin mudah diakses oleh masyarakat. Saat ini, berbagai layanan keuangan syariah dapat dinikmati secara digital, mulai dari tabungan emas, cicil emas online, investasi reksa dana syariah, hingga wakaf berbasis aplikasi. Semua layanan tersebut tetap berlandaskan akad syariah sesuai fatwa DSN-MUI.
Ia menekankan bahwa digitalisasi tidak mengubah prinsip syariah, melainkan hanya mempermudah akses. “Tabungan syariah di era digital bukan sekadar saldo, tetapi ekosistem keberkahan,” tuturnya.
Mahasiswa sebagai Inovator
Sebagai penutup, Marisa memberikan motivasi bagi mahasiswa untuk ikut berperan dalam ekosistem keuangan syariah digital. “Mahasiswa tidak hanya menjadi pengguna layanan syariah, tetapi juga calon inovator yang akan membawa industri ini bersaing di level global,” pungkasnya.
Penulis: Era Fazira
Editor: Ragil Kukuh Imanto",2025-09-16,2025,1:32 pm,Era Fazira,Ragil Kukuh Imanto,"Berita, Berita",https://unair.ac.id/sharing-alumni-unair-kupas-masa-depan-tabungan-syariah/
Duta FEB UNAIR Wujudkan Kepedulian Sosial melalui Program Edukatif di Panti Asuhan,"UNAIR NEWS – Masih dalam nuansa kemerdekaan Indonesia, Duta Fakultas Ekonomi dan Bisnis (FEB) Universitas Airlangga (UNAIR) gelar Duta Caring 2025. Kegiatan ini berlangsung pada Minggu (14/9/2025) di Panti Asuhan Himmatun Ayat, Kedung Rukem, Surabaya.
Muhammad Khamsya Muzamil sebagai Duta Persahabatan FEB UNAIR menyampaikan bahwa kegiatan ini bukan sekedar seremonial tetapi merupakan wujud nyata implementasi Tri Dharma Perguruan Tinggi melalui pengabdian kepada masyarakat. Selaras dengan itu, Mohammad Ilzam Sabillilah sebagai Ketua Pelaksana menyampaikan bahwa meski acara sempat mengalami penyesuaian jadwal, semangat kemerdekaan tetap menjadi ruh utama dari seluruh rangkaian kegiatan.
“Sebenarnya acara ini direncanakan akhir Agustus kemarin, tetapi karena ada suatu hal kita tidak bisa melaksanakan di hari tersebut sehingga mundur pada hari ini. Semoga meskipun dilaksanakan pada bulan September, semangat kemerdekaan tetap ada di diri kita. Harapannya acara ini bisa berjalan lancar dan membawa semangat bagi adik-adik maupun panitia,” tutur Ilzam.
Perwakilan Voluntiiran Surabaya juga menegaskan bahwa kegiatan ini merupakan wujud nyata kepedulian sosial kepada anak-anak. “Acara Duta Caring ini mempunyai sebuah acara sebagai bentuk kepedulian kepada adik-adik yang ada di sini. Semoga senyum yang kita berikan hari ini bisa menjadi semangat bagi mereka. Serta ilmu yang kita bagi bisa bermanfaat bagi kita semua,” ungkap Alveta.
Kegiatan Edukatif dan Interaktif
Menggandeng komunitas Voluntiiran Surabaya, rangkaian kegiatan mereka rancang untuk aktivitas mengasah kemampuan kognitif sekaligus motorik. Anak-anak mengikuti permainan edukatif seperti Kembalinya Berapa? yang melatih logika dan perhitungan sederhana, hingga lomba fisik seperti estafet bola. Seluruh permainan dikemas dengan semangat kebersamaan sehingga anak-anak belajar membangun sportivitas dan kemampuan kerjasama.
Bangun Kebersamaan dan Sinergi Lintas Fakultas
Selain menghadirkan kecerian bagi anak-anak, Duta Caring juga menjadi ruang kebersamaan bai duta lintas fakultas Universitas Airlangga. Duta hadir untuk membersamai anak-anak selama rangkaian kegiatan edukatif dan interaktif.
“Duta se-UNAIR berperan sebagai pendamping kelompok yang secara langsung membersamai anak-anak panti asuhan. Tidak terdapat tantangan berarti dalam proses tersebut, justru memberikan nilai positif berupa relasi, koneksi, silaturahmi, serta sinergi antar duta fakultas di Universitas Airlangga,” jelas Muzamil.
Kehadiran mereka tidak hanya sebagai ajang pertemuan, namun juga mengimplementasikan peran duta sebagai agen kepedulian sosial yang nyata di tengah masyarakat. Sinergi ini sekaligus mencerminkan semangat Tri Dharma Perguruan Tinggi. Semangat tidak hanya berjalan secara individual, tetapi juga melalui kolaborasi antarmahasiswa lintas disiplin.
Nama: Kania Khansanadhifa Kallista
Editor: Ragil Kukuh Imanto",2025-09-16,2025,1:15 pm,,Ragil Kukuh Imanto,"Berita, Berita",https://unair.ac.id/duta-feb-unair-wujudkan-kepedulian-sosial-melalui-program-edukatif-di-panti-asuhan/
"Lari Bersama STORIA 2025, Ciptakan Kolaborasi Semangat Hidup Sehat","UNAIR NEWS – Sorak-sorai penuh semangat membahana pada kegiatan STORIA 2025 yang digelar oleh Fakultas Kedokteran Gigi (FKG) Universitas Airlangga (UNAIR) . Kegiatan ini merupakan ajang lari yang terselenggara pada Minggu (14/9/2025) dengan penuh meriah.
Ketua Pelaksana kegiatan, Valentino Daryl Kurniawan menjelaskan, tujuan utama kegiatan ini adalah sebagai pembuka untuk kegiatan Dekan Cup FKG bertajuk Stovit League. “Fungsinya untuk meningkatkan silaturahmi antar civitas akademika sekaligus mendukung gaya hidup sehat dan kebugaran. Adapun Stovit League sendiri diadakan sebagai wadah untuk mempererat kekeluargaan antar civitas FKG UNAIR,” jelasnya.
Cerminan Semangat
Kegiatan ini bukan sekadar tentang adu kecepatan atau perlombaan, melainkan sebuah gerakan guna mempersatukan keluarga besar FKG UNAIR. Semangat itu pun sejalan dengan visi UNAIR. STORIA hadir untuk menyalakan kembali api semangat seluruh civitas akademika, khususnya di lingkup FKG. “Melalui event lari ini, STORIA berusaha mempromosikan kebersamaan, sportivitas, serta gaya hidup sehat,” sebutnya.
Persiapan kegiatan ini pun memerlukan waktu yang tak singkat dengan melibatkan proses kreatif dan kolaborasi dari seluruh pihak penyelenggara. Meski tergolong kegiatan baru dengan berbagai tantangan, Daryl menyebutkan kegiatan dapat berlangsung dengan baik dan optimal.
“Tantangan terbesar yang kami hadapi mungkin masalah komunikasi, mengingat jumlah panitia yang cukup banyak. Kadang terjadi miskomunikasi, namun hal tersebut kami atasi dengan rutin mengadakan rapat besar secara berkala. Selain itu, kami juga menekankan pentingnya komunikasi terbuka,” ucapnya.
Dampak Jangka Panjang
Perjalanan rute STORIA 202 bermula dari gerbang depan FKG UNAIR, kemudian menyusuri jalan-jalan utama Surabaya seperti Jalan Professor Doktor Moestopo, Jalan Gubeng Pojok, Jalan Yos Sudarso hingga kembali ke FKG UNAIR. Melalui kegiatan ini, Daryl optimis dapat memberi dampak pada kesehatan civitas akademika UNAIR.
“Harapan dampak jangka panjang dari kegiatan ini adalah agar dapat menyalakan semangat civitas akademika. Tentu demi meningkatkan kebugaran fisik, sehingga masyarakat kampus, bahkan masyarakat umum di luar kampus, dapat menjadi lebih sehat dan aktif,” harapnya.
Ia juga berharap seluruh peserta dapat merasakan pengalaman yang tak terlupakan. “Harapan terbesar kami juga berharap seluruh peserta dapat memperoleh pengalaman yang menyenangkan dan berkesan selama mengikuti STORIA 2025,” pungkasnya.
Penulis: Mohammad Adif Albarado
Editor: Ragil Kukuh Imanto",2025-09-16,2025,12:42 pm,Mohammad Adif Albarado,Ragil Kukuh Imanto,"Berita, Berita",https://unair.ac.id/lari-bersama-storia-2025-ciptakan-kolaborasi-semangat-hidup-sehat/
FKM Lakukan Pencegahan DBD di Lingkungan Pesantren Al-Amin Lamongan,"UNAIR NEWS – Sebagai upaya menjaga kesehatan lingkungan serta mencegah penyebaran penyakit Demam Berdarah Dengue (DBD), tim dosen Fakultas Kesehatan Masyarakat (FKM) Universitas Airlangga ( UNAIR ) menggelar pengabdian masyarakat (pengmas). Pengmas berlangsung di Pondok Pesantren Al-Amin, Tunggul, Paciran, Kabupaten Lamongan pada Minggu (14/09/2025).
Pengmas yang mengusung tajuk Pencegahan DBD Melalui Peningkatan Sanitasi Lingkungan Pondok Pesantren itu melibatkan ratusan peserta. Mulai dari kalangan santri SMP hingga SMA Pondok Pesantren Al-Amin. Kegiatan pengmas dikemas dalam bentuk talkshow edukatif dengan menghadirkan guru besar FKM UNAIR, Prof Dr Ririh Yudhastuti drh MSc sebagai narasumber sekaligus ketua pelaksana pengabdian masyarakat.
Dorong Santri Aktif Cegah DBD
Dalam paparannya, Prof Dr Ririh Yudhastuti drh MSc menerangkan bahwa Indonesia merupakan negara endemik DBD. Sehingga penularan penyakit ini terjadi secara terus-menerus setiap tahunnya. Faktor lingkungan, keberadaan vektor, serta perilaku manusia menjadi penyebab tingginya kasus DBD di Indonesia.  Lebih lanjut, ia menekankan bahwa kondisi pondok pesantren dengan kepadatan hunian padat perlu mendapatkan perhatian lebih dalam upaya pencegahan.
Kemudian Prof Ririh turut menjelaskan mengenai vektor penyebab penyakit DBD, siklus hidup nyamuk Aedes aegypti , waktu aktif penularan, hingga strategi pencegahan yang efektif. Ia menyebutkan bahwa kegiatan pencegahan yang dapat pesantren lakukan meliputi pemantauan jentik, pemberantasan sarang nyamuk (PSN), serta penerapan perilaku hidup bersih dan sehat (PHBS) oleh para santri.
“Kegiatan Pemantauan Jentik Berkala (PJB) dan Pemberantasan Sarang Nyamuk (PSN) sebaiknya menjadi agenda rutin di setiap pesantren. PJB bisa dilakukan dengan cara mengecek penampungan air, mulai dari bak mandi, bak WC, tempayan, ember, hingga alat masak di sekitar pesantren. Santri juga punya peran penting dalam mewujudkan perilaku hidup bersih dan sehat (PHBS),” terang Prof Ririh.
Antusiasme Peserta
Antusiasme peserta tampak tinggi terutama saat sesi interaktif bersama Mr Babucarr Jassey BSc MEpid MSc yang hadir sebagai tamu spesial. Epidemiolog asal Gambia sekaligus mahasiswa doktoral Program Studi Kesehatan Lingkungan FKM UNAIR itu membagikan kisah perjalanannya sebagai mahasiswa asing. Ia menceritakan bagaimana ia harus berani mengambil risiko keluar dari zona nyaman serta berani berbicara menggunakan bahasa Inggris. Motivasi tersebut menjadi dorongan tersendiri bagi para santri untuk terus percaya diri dalam mengembangkan kemampuan dalam berbahasa inggris.
Peserta pun terlihat aktif berpartisipasi dalam sesi tanya jawab bersama tamu spesial maupun narasumber utama. Kegiatan berlanjut dengan sesi kuis berhadiah dan pembagian doorprize bagi santri yang berhasil menjawab pertanyaan dengan benar.  Dengan terlaksananya pengabdian masyarakat ini, harapannya dapat meningkatkan pengetahuan santri mengenai pencegahan DBD melalui upaya sanitasi lingkungan di pondok pesantren. Sebab, kesehatan bukan sekadar hak, melainkan hasil kolaborasi dari semua unsur.
Penulis: Raissyah Fatika
Editor: Yulia Rohmawati",2025-09-15,2025,8:56 am,Raissyah Fatika,Yulia Rohmawati,"Berita, Berita",https://unair.ac.id/fkm-lakukan-pencegahan-dbd-di-lingkungan-pesantren-al-amin-lamongan/
"BEM UNAIR Gelar Mentoring Beasiswa Vol. 2, Optimalkan Peluang Raih Beasiswa","UNAIR NEWS – Kementerian Advokasi dan Kesejahteraan Mahasiswa (ADKESMA) BEM Universitas Airlangga menggelar Mentoring Beasiswa Vol. 2 pada Minggu (14/9/2025) melalui Zoom Meeting. Kegiatan ini menghadirkan dua narasumber inspiratif, Rava Adistya Hanum, awardee Glow and Lovely Bintang Beasiswa Batch 8, dan Ridhwan Fadly Saputra, awardee Discover NUS Programme serta Google Student Ambassador . Mereka membagikan pengalaman strategi meraih beasiswa. Puluhan mahasiswa UNAIR dari berbagai fakultas mengikuti sesi tanya jawab antusias.
Kupas Tuntas Glow and Lovely Bintang Beasiswa
Rava Adistya Hanum membuka sesi dengan memperkenalkan program Glow and Lovely Bintang Beasiswa. Program ini mendukung akses pendidikan bagi perempuan muda Indonesia berprestasi. Ia menekankan pentingnya persiapan sejak awal, mulai dari pengisian formulir, seleksi berkas, hingga tahap wawancara. “Mulai dari essay hingga wawancara, setiap langkah harus dipersiapkan matang. Jangan hanya fokus pada prestasi, tunjukkan kontribusi dan rencana masa depan,” ujar Rava.
Rava memaparkan lima poin penting dalam penulisan essay, seperti menjelaskan hobi, profesi impian, pengalaman selama SMA, rencana perkuliahan, dan dukungan lingkungan. Ia juga membagikan tips wawancara. Reva mengajak para peserta menyiapkan mental, membuat first impression , dan praktik menjawab pertanyaan dengan struktur jelas. “Percaya diri, persiapkan semua detail, dan lakukan afirmasi positif sebelum wawancara,” tambahnya. Peserta juga diminta mencatat pengalaman serta prestasi relevan agar mudah dikaitkan dengan essay dan jawaban wawancara.
Strategi Meraih Beasiswa Internasional dari Fadly
Fadly membagikan pengalaman mengikuti Discover NUS Programme dan berbagai program beasiswa lainnya, termasuk Djarum Beasiswa Plus dan Beasiswa Karya Salemba Empat . Ia menekankan pentingnya memahami diri sendiri. Mulai dari refleksi, pengenalan kekuatan dan kelemahan, hingga menentukan visi dan misi jangka panjang. “Beasiswa bukan sekadar hadiah. Ini cerminan kemampuan dan kontribusi. Fokus pada impact , bukan hanya prestasi,” jelas Fadly. Ia menyoroti strategi penulisan essay dengan framework Why Me, Why This, Why Now, Challenge, Growth, dan Contribution. Ia juga memberikan tips menghadapi wawancara dengan body language tepat dan jawaban realistis.
Melalui kegiatan ini, peserta mendapatkan wawasan dan motivasi dari kedua narasumber. Mereka dapat mempersiapkan diri menghadapi seleksi beasiswa, meningkatkan kemampuan, dan memaksimalkan peluang di tingkat nasional maupun internasional. Kegiatan ini juga menjadi wadah bagi mahasiswa berbagi pengalaman dan membangun jaringan bermanfaat calon awardee.
Penulis: Dara Devinta Faradhilla Editor: Ragil Kukuh Imanto",2025-09-15,2025,11:21 am,Dara Devinta FaradhillaEditor: Ragil Kukuh Imanto,,"Berita, Berita",https://unair.ac.id/bem-unair-gelar-mentoring-beasiswa-vol-2-pelajari-dan-optimalkan-peluang-raih-beasiswa/
Talkshow MOSAIC FEB UNAIR Bekali Mahasiswa dengan Wawasan Global dan Bisnis Syariah,"UNAIR NEWS – Persaingan global dan perkembangan teknologi digital menuntut generasi Z menguasai wawasan internasional sekaligus menjaga integritas dalam berbisnis. Menjawab tantangan tersebut, MOSAIC Fakultas Ekonomi dan Bisnis (FEB) Universitas Airlangga ( UNAIR ) menggelar talkshow bertajuk International Experience, Islamic Excellence: Melahirkan Muslimpreneur Digital pada Jumat (12/9/2025), yang menghadirkan Jesyca Apriliana Natasya dan Nur Maulida A.B. Mahasiswa dari UNAIR, UNESA, UMM, dan beberapa perguruan tinggi lain di Jawa Timur antusias mengikuti acara ini, menunjukkan minat besar generasi Z terhadap persiapan global dan pengembangan bisnis syariah di era digital.
Bekal Exchange
Jesyca Apriliana Natasya menekankan pentingnya persiapan matang sebelum mengikuti program pertukaran pelajar. Ia mendorong mahasiswa untuk menguasai bahasa Inggris, baik melalui TOEFL maupun ELPT. Selain itu, ia menyarankan mahasiswa mengikuti program inbound student atau lomba internasional untuk memperkuat seleksi administrasi.
Jesyca juga mengingatkan mahasiswa agar menyiapkan mental menghadapi perbedaan budaya sekaligus kesiapan finansial karena beberapa program menggunakan sistem reimburse . “ Mahasiswa perlu lebih cermat memilih program exchange . Program internal kampus bisa menjadi pilihan utama, tetapi tetap harus diseleksi dengan hati-hati,” jelasnya.
Ia mendorong mahasiswa UNAIR memanfaatkan Airlangga Global Engagement (AGE) untuk mendapatkan informasi terkini tentang program internasional. “ Pastikan juga manfaat yang diperoleh sebanding dengan biaya yang dikeluarkan,” tambahnya.
Muslimpreneur di Era Digital
Nur Maulida A.B. menyoroti peluang besar industri syariah yang terus berkembang di era digital. Berdasarkan laporan State of the Global Islamic Economy (SGIE) 2024/2025 , Indonesia menempati peringkat ketiga dunia dalam pengembangan ekonomi syariah. Ia menilai capaian tersebut sebagai peluang sekaligus tantangan agar generasi Z berperan sebagai produsen, bukan sekadar konsumen.
Maulida mendorong generasi Z untuk membangun mindset muslimpreneur yang tepat. “Kalau berbisnis syariah, sesuaikan dengan prinsip-prinsip syariah meskipun dalam hal kecil,” ujarnya. Ia juga menilai ekosistem syariah di Indonesia masih memerlukan dukungan lebih agar industri halal berkembang optimal.
Lebih lanjut, ia menegaskan integritas harus menjadi pondasi utama dalam bisnis syariah. “Sebagai muslimpreneur , kita harus memastikan produk yang dipasarkan tidak merugikan pihak lain dan tentunya sesuai dengan prinsip syariah,” tegasnya. Ia berharap generasi Z mampu menciptakan ekosistem bisnis halal yang berdampak positif bagi masyarakat.
Penulis: Era Fazira
Editor: Ragil Kukuh Imanto",2025-09-15,2025,9:30 am,Era Fazira,Ragil Kukuh Imanto,"Berita, Berita",https://unair.ac.id/talkshow-mosaic-feb-unair-bekali-mahasiswa-dengan-wawasan-global-dan-bisnis-syariah/
ALSA UNAIR Soroti Peran Hukum dalam Menjaga Keamanan Energi Nasional di Era Transisi Global,"UNAIR NEWS – Saat ini, isu keamanan energi nasional tengah menjadi sorotan di era transisi global. Hukum memegang peranan sentral dalam menghadapi isu lingkungan. Menanggapi situasi demikian, Asian Law Students’ Association (ALSA) Local Chapter Universitas Airlangga ( UNAIR ) gelar seminar Airlangga National Legal Forum (ANLF). Seminar tersebut bertemakan Peran Hukum dalam Menjaga Keamanan Energi Nasional di Era Transisi Global. Acara ini berlangsung di Aula AG Pringgodigdo Fakultas Hukum ( FH ) Kampus Dharmawangsa-B UNAIR pada Jumat (12/9/2025).
Kegiatan seminar terselenggara sebagai puncak acara pada serangkaian ANLF yang dibuka dengan Kompetisi Legal Essay Nasional. Seminar ini menghadirkan sejumlah pakar dan praktisi hukum energi. Antara lain Guru Besar Hukum Lingkungan FH UNAIR Prof Dr H Suparto Wijoyo SH MHum CSSL; Partner at FKNK Law Firm Meilisa Husein SH MH; Vice President Legal, Commercial & Planning, Harbour Energy Ali Nasir SH LLM.
Selain itu, hadir pula Sekretaris Utama Kementerian Lingkungan Hidup Rosa Vivien Ratnawati SH MSD; hingga Direktur perlindungan dan pengelolaan mutu udara deputi PPKL Sena Pradipta ST MT. Seminar berjalan secara interaktif dipandu oleh Ardhana Christian Noventri SH MH.
Konsep dan Urgensi Keamanan Energi Nasional
Tema seminar ini lahir dari urgensi perlindungan kepentingan nasional dalam sektor energi yang tengah menghadapi tantangan serius akibat krisis iklim, geopolitik, dan pergeseran paradigma energi dunia. Melalui tema ini, mahasiswa diajak untuk mengkaji berbagai pendekatan hukum. Guna memastikan keberlanjutan dan ketahanan energi Indonesia dalam lanskap global yang terus berubah.
Guru Besar Hukum Lingkungan FH UNAIR, Prof Suparto menerangkan bahwa energi adalah cabang produksi penting yang harus negara kuasai untuk kemakmuran rakyat. Hal ini merupakan mandat konstitusi sebagaimana tercantum dalam Pasal 33 UUD 1945. “Regulasi menjadi benteng agar kedaulatan energi tidak tergadaikan di era transisi global,” ujarnya.
Tantangan Hukum dalam Transisi Energi
Meilisa Husein selaku partner FKNK Law Firm menyoroti adanya problematika hukum investasi di sektor energi. Yakni inkonsistensi regulasi yang membuat iklim investasi terganggu. Bahkan permasalahan ini kerap menimbulkan sengketa internasional.
“Untuk melindungi kepentingan nasional, di sinilah hukum berperan penting menjadi instrumen untuk membangun keteraturan, ketertiban, dan perlindungan hak untuk masyarakat,” imbuhnya.
Sejalan dengan pernyataan Meilisa, Ali Nasir menambahkan pentingnya keseimbangan keterlibatan antara pihak swasta dan peran negara. “Transisi energi hanya akan berhasil apabila regulasi telah sinkron dan sesuai kebutuhan industri untuk menghadapi tantangan hukum dan transisi energi,” tambahnya.
Sinergi Penguatan Regulasi Energi
Farhandio Windu Laguna selaku Ketua Pelaksana mengungkapkan, forum ANLF merupakan sinergi dan kolaborasi antar mahasiswa, ahli hukum dan praktisi hukum. Dengan tujuan untuk memperkuat regulasi energi dan memastikan keberlanjutan energi nasional. Sebab, regulasi di bidang energi berperan penting dalam menciptakan keteraturan dan kemakmuran untuk masyarakat..
“ANLF 2025 memiliki tiga rangkaian acara. Kami bangga karena tiga rangkaian acara tersebut terdiri atas Legal Workshop yang berhasil diikuti oleh 150 peserta, Legal Essay Competition yang juga diikuti oleh 22 Delegasi yang berasal dari berbagai fakultas hukum dari Indonesia serta Rangkaian Puncak Seminar Nasional yang berhasil diikuti oleh lebih dari 200 peserta,” ungkapnya.
“Semoga nantinya ANLF di tahun-tahun ke depan dapat berkembang lebih besar lagi. Selain itu, juga dapat mempertahankan pencapaian yang diraih pada tahun ini,” pungkasnya.
Penulis: Muhammad Afriza Atarizki
Editor: Yulia Rohmawati",2025-09-15,2025,9:41 am,Muhammad Afriza Atarizki,Yulia Rohmawati,"Berita, Berita",https://unair.ac.id/alsa-unair-soroti-peran-hukum-dalam-menjaga-keamanan-energi-nasional-di-era-transisi-global/
Career Talks FIB UNAIR Kupas Strategi Karir dan Inspirasi Global,"UNAIR NEWS – Fakultas Ilmu Budaya (FIB) Universitas Airlangga bersama Direktorat Pengembangan Karir, Inkubasi Kewirausahaan, dan Alumni (DPKKA) UNAIR menggelar Career Talks bertajuk Siap Berkarya dan Berdampak: Mengenal Jenjang Karir & Dunia Profesional pada Sabtu (13/9/2025). Acara ini menghadirkan dua narasumber, yakni Yanuar Nugroho SE MSc Ak CA, Kepala Seksi Inkubasi Kewirausahaan DPKKA sekaligus dosen vokasi prodi Akuntansi, serta Anisa Farida SHum MA, alumnus FIB UNAIR yang kini bertugas sebagai diplomat RI di Jenewa.
Inspirasi Karir Bersama DPKKA UNAIR
Dalam pemaparannya, Yanuar Nugroho SE MSc Ak CA menjelaskan program DPKKA yang mendukung persiapan karir mahasiswa dan alumni. Layanan yang tersedia meliputi konsultasi karir, campus hiring, talent scouting, dan Airlangga Career Fair. Selain itu, tersedia program magang berdampak, MAGENTA BUMN, serta pelatihan dan sertifikasi resmi.
“Mahasiswa perlu menyiapkan diri sejak dini. Hal ini bisa dilakukan melalui pengalaman magang, organisasi, atau pelatihan. Selain itu, DPKKA hadir sebagai penghubung antara mahasiswa dan dunia usaha serta industri,” jelasnya.
Ia menambahkan bahwa DPKKA menyediakan layanan konseling karir dengan praktisi HR. Dengan pendampingan ini, mahasiswa dapat memperbaiki CV, menentukan jalur karir, dan menyiapkan strategi menghadapi persaingan kerja.
Dari UNAIR ke Diplomasi Dunia
Kemudian, sesi kedua diisi oleh Anisa Farida SHum MA, yang berbagi perjalanan karirnya. Ia menempuh kuliah Sastra Inggris di UNAIR sebelum berkarir di Kementerian Luar Negeri pada 2009. Sejak itu, ia pernah bertugas di KJRI Toronto dan KBRI London. Kini, ia menjabat sebagai Counsellor di Perutusan Tetap RI untuk PBB, WTO, dan organisasi internasional lain di Jenewa, Swiss.
Menurutnya, jurusan apa pun memiliki peluang luas, asalkan mahasiswa mampu mengembangkan keterampilan komunikasi, berpikir kritis, dan adaptasi lintas budaya. “Bukan soal kartu apa yang kita dapat, tetapi bagaimana kita memainkannya,” ujarnya, mengutip Randy Pausch.
Anisa Farida SHum MA juga menekankan pentingnya lifelong learning untuk menghadapi dinamika global. Ia mendorong mahasiswa untuk memperkaya pengalaman melalui organisasi, program belajar di luar negeri, dan konferensi internasional. Dengan demikian, mahasiswa akan lebih siap menghadapi dunia kerja.
Melalui Career Talks ini, kedua narasumber sepakat bahwa kunci kesuksesan karir adalah kombinasi akademik yang kuat, pengalaman praktis, dan keberanian mengambil kesempatan. Karena itu, mahasiswa UNAIR diharapkan tidak hanya siap bersaing di pasar kerja nasional, tetapi juga mampu menjadi talenta global yang berdampak positif. FIB UNAIR berkomitmen untuk terus menghadirkan program yang mendukung pengembangan kapasitas dan daya saing mahasiswa secara berkelanjutan.
Penulis: Dara Devinta Faradhilla Editor: Ragil Kukuh Imanto",2025-09-15,2025,9:51 am,Dara Devinta FaradhillaEditor: Ragil Kukuh Imanto,,"Berita, Berita",https://unair.ac.id/career-talks-fib-unair-kupas-strategi-karir-dan-inspirasi-global/
Inovasi GASS Bawa Mahasiswa UNAIR Raih Medali Perak Kompetisi Esai Nasional di Lombok,"UNAIR NEWS – Tim delegasi Universitas Airlangga (UNAIR) kembali menunjukkan tajinya di panggung kompetisi nasional dengan meraih Silver Medal dalam Mandalika Essay Competition (MEC) 2025. Kompetisi ini merupakan inisiasi oleh Lembaga Nusantara Muda yang berlangsung di Universitas Mataram , Lombok pada Jumat (5/9/2025) hingga Senin (8/9/2025).
Tim delegasi terdiri dari lima mahasiswa dengan berbagai latar belakang disiplin ilmu, yaitu Nisya Azara Salsabila dari Fakultas Ilmu Budaya (FIB), Nasywa Syauqiyah Azmi Basuki dan Hafshah Nur Halimatus Sa’diyah dari Fakultas Ekonomi dan Bisnis (FEB), Asyraf Risqullah Walfaizin dan Fatimah Dwi Meisha Fakultas Vokasi (FV). Kolaborasi ini menghasilkan esai berjudul Green Aero-Solar System (GASS).
“Green Aero-Solar System (GASS) merupakan sebuah ide kita pada bidang sektor pertanian modern yang menggabungkan antara sistem aeroponik vertikal, energi surya, dan teknologi otomatisasi. GASS dibuat untuk menjawab masalah lahan pertanian yang semakin sempit serta kebutuhan energi yang ramah lingkungan,” jelas Asyraf.
Keunikan Ide
Keunikan ide pada GASS terletak pada integrasi tiga teknologi inti yang menciptakan solusi pertanian berkelanjutan dan efisien. Ketiga sistem ini adalah penggabungan sistem aeroponik vertikal, panel surya sebagai sumber energi utama, dan Internet of Things (IoT) terintegrasi yang memantau kondisi lingkungan dan nutrisi secara real time.
“Kombinasi ini mengatasi tantangan utama di sektor pertanian, seperti kelangkaan air dan lahan, sekaligus menawarkan model yang lebih hijau. Integrasi ini mampu mengotomatiskan proses dan meningkatkan presisi panen,” sebut Nasywa.
Selain ide, Asyraf juga menerangkan bahwa kerja sama tim yang kompak menjadi salah satu kunci kesuksesan tim UNAIR merebut medali. “kebiasaan banyak membaca, baik literatur ilmiah maupun informasi terbaru, yang membantu kami memahami permasalahan lingkungan sekaligus menemukan solusi untuk menjawab tantangan,” ujarnya.
Arti Kemenangan
Bagi tim, perolehan medali perak ini merupakan bukti kerja keras, inovasi, dan dedikasi. Menurut Nasywa, GASS tak hanya karya orisinal, tetapi juga memiliki potensi besar dan mendapat pengakuan oleh para ahli. Penghargaan ini menjadi motivasi untuk terus mengembangkan diri, berani berinovasi, dan melangkah lebih jauh.
“Bagi Universitas Airlangga (UNAIR), medali perak adalah bukti nyata dari kualitas pendidikan dan semangat inovasi yang dimiliki oleh mahasiswa. Prestasi ini mengangkat nama baik UNAIR di kancah nasional, menunjukkan bahwa universitas mampu menghasilkan talenta-talenta muda yang berdaya saing dan solutif,” ucapnya.
Pada akhir, Fatim berharap seluruh mahasiswa UNAIR mampu dengan bangga terus melangkah maju nama almamater. “Kami juga berharap untuk selanjutnya setelah meraih prestasi ini, agar bisa membawa berbagai prestasi lainnya dan mengharumkan nama kampus,” pungkasnya.
Penulis: Mohammad Adif Albarado
Editor: Ragil Kukuh Imanto",2025-09-15,2025,10:14 am,Mohammad Adif Albarado,Ragil Kukuh Imanto,"Berita, Berita",https://unair.ac.id/inovasi-gass-bawa-mahasiswa-unair-raih-medali-perak-kompetisi-esai-nasional-di-lombok/
UNAIR Bekali Kontingen P2MW dengan Tips Public Speaking,"UNAIR NEWS – Direktorat Kemahasiswaan (Ditmawa) Universitas Airlangga (UNAIR) menggelar Seminar Program Pembinaan Mahasiswa Wirausaha (P2MW). Kegiatan tersebut berlangsung pada Sabtu (13/9/2025) di Aula Asmat, ASEEC Tower Dharmawangsa-B. Putri Widya, Duta UNAIR 2023, sebagai narasumber memaparkan materi tentang public speaking . Seminar ini terlaksana sebagai media belajar kontingen P2MW UNAIR yang lolos pendanaan Direktorat Jenderal Pendidikan Tinggi, Riset, dan Teknologi (Ditjen Diktiristek).
Kunci dari Public Speaking
Public Speaking adalah seni menyampaikan informasi kepada orang lain dengan baik dan terstruktur. Penyampaian kontennya pun harus jelas sampai tidak ada ruang untuk misinformasi.
“Kunci public speaking adalah percaya diri. Perasaan aman dengan diri sendiri itu bisa dipupuk dengan mengenali diri sendiri. Lalu kelilingi diri dengan lingkungan yang positif, supaya setiap hari yang kita dapatkan adalah afirmasi yang positif,” ujarnya.
Putri mengulas bahwa dasar public speaking adalah ‘3V’ yakni vokal, visual, dan verbal. Di antara ketiganya, yang paling penting adalah visual. Di mana 90 persen dari ucapan ketika public speaking terbentuk dari suara dan gerak tubuh. Oleh karena itu, penting untuk menguasai panggung dengan gerakan tangan, dan melangkah ke kanan dan ke kiri.
“Verbal itu harus kita siapkan dengan banyak membaca, mendengar, dan ketika eksekusi, harus tersampaikan dengan jelas. Kita harus mengatakan apa yang ingin audiens dengarkan,” jelasnya.
Sedangkan vokal, bisa dilatih dengan melakukan pemanasan agar tidak kesulitan ketika berbicara. Pemanasan dilakukan untuk area mulut, rahang, dan lidah. Salah satu pemanasan yang Putri rekomendasikan adalah dengan melakukan lion face .
Menerapkan Teknik Story Telling
Ketika berbicara di depan umum, penting untuk membangun koneksi dengan audiens. Cara yang di- highlight oleh Putri adalah memulai dengan cerita. Pengalaman sehari-hari yang kemungkinan juga pernah audiens alami sehingga bisa menarik perhatian dan fokus.
“Struktur yang bisa digunakan itu dengan buat set up dulu. Seperti ‘teman-teman pernah, gak, sih?’ lalu lanjut ceritanya apa, terus ke arah konflik, di ceritamu, kesulitan apa yang kamu hadapi. Nah, baru ke resolusi, solusi yang ditemukan, atau akhirnya seperti apa,” ujarnya.
Putri juga menekankan bahwa teknik ini bisa menjadi pembuka, tujuannya adalah sebagai hook . Ia menyebutkan bahwa pembuatan cerita bisa hanya dengan singkat saja, tidak terlalu panjang, tetapi penuh intonasi dan vibrasi secara vokal.
Penulis: Dinnaya Mahashofia
Editor: Yulia Rohmawati",2025-09-15,2025,10:19 am,Dinnaya Mahashofia,Yulia Rohmawati,"Berita, Berita",https://unair.ac.id/unair-bekali-kontingen-p2mw-dengan-tips-public-speaking/
"Career Webinar BEM FH UNAIR Bahas Personal Branding, CV, dan Interview Profesional","UNAIR NEWS – Departemen Pengembangan Sumber Daya Manusia BEM Fakultas Hukum Universitas Airlangga menggelar Career Webinar bertajuk Curriculum Vitae, Portofolio, dan Interview: Bekal Wajib Masuk Dunia Kerja pada Minggu (14/9/2025) melalui Zoom Meeting. Kegiatan ini menghadirkan Dr M Al Rizqi SSi MSi, VP Content and Community Strategy ANOME.xyz sekaligus Founder ARGPT Trading Club, serta Hary Kuswanto HC Practitioner dan Career Coach.
Personal Branding dan CV sebagai Representasi Diri
Dr M Al Rizqi SSi MSi membuka sesi dengan menegaskan pentingnya personal branding . “Kalau orang tidak mengenalmu, maka kamu dianggap tidak penting. Itu sebabnya personal branding dibutuhkan,” ujarnya. Menurutnya, citra diri harus dibangun konsisten melalui media sosial dan platform profesional.
Ia mencontohkan akun pribadi yang fokus pada Web3 dan AI trading , serta figur lain yang sukses membangun branding di TikTok . Personal branding bukan sekadar popularitas, tetapi bagaimana orang lain mengenal dan mengingat kontribusi. Setiap orang juga perlu berhati-hati memilih kata dan konten di ruang publik karena jejak digital berdampak jangka panjang.
Selain itu, ia menekankan peran CV sebagai cerminan diri. Pada awal, sebaiknya CV pembuka singkat yang menarik, menampilkan pencapaian kuantitatif, serta fokus pada hasil, bukan daftar tugas. “Gunakan poin singkat, jelaskan keahlian utama, dan sesuaikan bidang kerja,” jelasnya. Ia juga menyarankan mahasiswa mulai menulis CV sejak dini meski belum punya pengalaman formal. Cara ini membantu terbiasa menyusun pencapaian secara sistematis dan terukur.
Strategi Interview Berbasis Kompetensi
Materi kedua oleh Hary Kuswanto yang menyoroti Competency Based Interview (CBI). Menurutnya, CBI menilai kemampuan kandidat berdasarkan pengalaman nyata, bukan jawaban hipotesis. Ia memaparkan empat jenis wawancara: psikolog, user, human capital, dan top management.
“ Fresh graduate perlu menghubungkan pengalaman organisasi atau magang dengan pertanyaan. Experienced hire harus menunjukkan profesionalitas dan kontrol diri,” paparnya. Ia juga mengenalkan teknik STAR (Situation, Task, Action, Result) untuk menjawab pertanyaan lebih jelas.
Melalui webinar ini, peserta memahami bahwa personal branding, CV kuat, dan penguasaan teknik wawancara adalah bekal penting masuk dunia kerja modern. Departemen PSDM BEM FH UNAIR berkomitmen menghadirkan program pengembangan karier berkelanjutan agar mahasiswa siap bersaing di pasar kerja nasional maupun global dengan keyakinan, semangat, profesionalisme, kemampuan optimal, dedikasi menyeluruh, integritas, dan ketekunan.
Penulis: Dara Devinta Faradhilla Editor: Ragil Kukuh Imanto",2025-09-15,2025,10:32 am,Dara Devinta FaradhillaEditor: Ragil Kukuh Imanto,,"Berita, Berita",https://unair.ac.id/career-webinar-bem-fh-unair-bahas-personal-branding-cv-dan-interview-profesional/
Career Fest x Seminar Nasional Kakema Dorong Pemanfaatan Potensi Perikanan Indonesia,"UNAIR NEWS – Mahasiswa Fakultas Perikanan dan Kelautan ( FPK ) Universitas Airlangga ( UNAIR ) menggelar Career Fest x Seminar Nasional Kakema pada hari MInggu(14/9/2025) di Auditorium Candradimuka Lantai 9 Gedung Kuliah Bersama (GKB) Kampus Merr-C UNAIR. Kegiatan ini bertujuan untuk mendorong mahasiswa FPK UNAIR dalam mengoptimalkan potensi besar sektor perikanan di Indonesia.
Manajemen Kualitas Air
Sesi penyampaian materi pertama oleh Prayogo SPi MP selaku dosen Akuakultur UNAIR. Dalam pemaparannya, ia menggambarkan teknik budidaya ikan melalui sistem akuaponik, yakni dengan mengintegrasikan budidaya ikan dan produksi tanaman atau sayuran. Sistem ini ia nilai efektif karena dapat berjalan melalui pemanfaatan lahan sempit dan penggunaan air secara optimal.
“Berbagai tanaman bisa tumbuh subur melalui sistem budidaya akuaponik,” ujarnya.
Prayogo menekankan pentingnya menjaga kualitas air dalam proses budidaya. Hal ini bertujuan untuk mencegah munculnya patogen karena faktor lingkungan, patogen, dan inangnya. Menurutnya, menjaga kualitas air tidak hanya bermanfaat untuk kesehatan ikan, tetapi juga untuk mencegah pencemaran limbah perikanan ke lingkungan sekitar.
“Dalam budidaya akuaponik, bakteri yang digunakan adalah bakteri nitrifikasi, bukan bakteri heterotrof. Jika menggunakan bakteri heterotrof, pertumbuhan tanaman justru menjadi lambat dan beresiko mati.” tegasnya.
Materi kedua oleh Dr Rizkiy Amaliyah Barakwan S T selaku Dosen Teknik Lingkungan FST UNAIR, yang bertajuk Revolusi Biru dengan Teknologi untuk Kualitas Air Optimal. Dalam pemaparannya, Dr Rizkiy menekankan pentingnya kualitas air dalam memastikan pertumbuhan dan kesehatan organisme akuatik. Ia menekankan faktor yang mempengaruhi organisme perairan berasal dari limbah aktivitas manusia.
“Semakin banyak aktivitas manusia atau produk yang dihasilkan oleh manusia, maka limbah yang dihasilkan akan tinggi juga,” tegasnya.
Lebih lanjut, Dr Rizkiy Amaliyah menjelaskan bahwa pencemaran limbah kerap terjadi akibat budidaya yang tidak memperhatikan dampak lingkungan. Ia menjabarkan solusi yang dapat diterapkan yakni dengan melakukan monitoring dan optimasi kualitas air, memanfaatkan teknologi dalam monitoring, dan memilih sistem yang tepat untuk budidaya.
“Dalam pengolahan air, tidak hanya berfokus pada air yang tidak digunakan, tetapi juga pada air yang akan digunakan kembali untuk keperluan akuakultur,” tuturnya.
Potensi Perekonomian Sektor Perikanan
Sebagai penutup, Muhammad Syarif Satriyo Samudra, pendiri PT. Rejeki Bintang Samudra, memaparkan materi berjudul “Bioremediasi dan Beyond:  Peran Multiguna. Rumput Laut Gracilaria Verrucosa dalam ekosistem yang ramah lingkungan.”
Dalam pemaparannya, Satriyo menjelaskan potensi budidaya Gracilaria Verrucosa di tambak. Ia menambahkan, meski permintaan pasar terhadap komoditas ini terus meningkat, namun produksi di lapangan masih belum memenuhi target.
Satriyo mengajak para peserta untuk bersama-sama mencari solusi dari berbagai permasalahan yang ada di lapangan. “Problem dalam budidaya rumput laut hanya dua, yakni kadar air, dan kadar kotor. Sedangkan faktor lain saya anggap politik,” tegasnya.
Menurutnya, rumput laut di Indonesia berpeluang besar dalam mendukung perekonomian nasional. Ia menekankan pentingnya konsistensi, kerja keras, dan terus mencoba. “Kesuksesan 5 tahun kedepan, tergantung apa yang kamu lakukan hari ini,” tutup Satriyo.
Penulis: Muhammad Nabil Fawaid
Editor: Ragil Kukuh Imanto",2025-09-15,2025,11:02 am,Muhammad Nabil Fawaid,Ragil Kukuh Imanto,"Berita, Berita",https://unair.ac.id/career-fest-x-seminar-nasional-kakema-dorong-pemanfaatan-potensi-perikanan-indonesia/
BEM Fakultas Farmasi Bekali Kiat Membangun Karir bagi Mahasiswa,"UNAIR NEWS –  BEM Fakultas Farmasi (FF) Universitas Airlangga ( UNAIR ) bagikan tips membangun karir melalui Career Development. Acara tersebut terselenggara pada Sabtu (13/9/2025) secara daring melalui Zoom Meeting.
Kali ini, Career Development menghadirkan Direktur PT Widyaksa Daria Medika, apt Hanif Rifqi Prasetyawan SFarm M Farm sebagai pembicara. Bertema Beyond the Classroom: Build Your Professional Identity Early , Hanif menjelaskan pentingnya mempersiapkan diri di dunia kerja.
Pentingnya Membangun Karir
Berkaca dari data statistik, di tahun 2045 Indonesia akan mencapai bonus demografi. Di mana angka usia produktif lebih banyak dari usia nonproduktif. “Artinya, usia 18 – 50 tahun di tahun 2030 – 2045 diprediksi akan melonjak drastis. Apa akibatnya? Persaingan terkait lapangan pekerjaan, persaingan terkait quality of life itu juga akan sangat tinggi. Oleh karena itu, bagaimana kita mempersiapkan hal tersebut supaya hidup kita layak di kemudian har,” jelasnya.
Selain itu, ia juga menjelaskan bahwa revolusi industri menjadi salah satu faktor yang memengaruhi persaingan dunia kerja. Bagaimana tidak? Saat ini pada tahap revolusi industri 4.0 perkembangan teknologi semakin pesat dan mengubah banyak hal. Maka untuk menjawab tantangan ini, perlu kemampuan analisis yang tinggi.
Namun, Hanif menjelaskan bahwa saat ini banyak lulusan yang kurang mampu dalam problem solving dan critical of thinking .
Perbaiki CV sebagai Proses Awal
Lebih lanjut, Hanif menerangkan bahwa hal utama yang penting dalam proses rekrutmen adalah curriculum vitae (CV). Banyak metode dalam pembuatan CV, namun saat ini industri banyak menggunakan applicant tracking system (ATS). ATS merupakan perangkat lunak yang memudahkan perusahaan dalam menyaring kandidat.
“Ada dua hal yang penting terkait CV. Yang pertama, kita harus tahu kata kuncinya itu apa. Yang kedua adalah kualifikasinya,” tambahnya. Jika kedua hal tersebut tidak terpenuhi, maka besar kemungkinan tertolak secara otomatis oleh sistem.
Ada lima langkah dalam membuat CV ATS. Pertama, gunakan bentuk sederhana. Kedua, gunakan font yang umum. Ketiga, gunakan kata kunci yang tepat. Keempat, jangan menggunakan singkatan, dan yang terakhir, sertakan kontak.
Tips Kembangkan Karir
Pada akhir, Hanif mengungkapkan bahwa ada beberapa hal penting dalam pengembangan karir. Salah satunya adalah memperbaiki Indeks Prestasi Kumulatif (IPK). Ia menepis argumen umum yang mengatakan bahwa IPK tidak penting. “IPK merupakan bentuk tanggung jawab kalian sebagai mahasiswa, karena tujuan utama mahasiswa hanya satu, belajar. Jangan sampai kegiatan lain mengganggu proses belajar,” jelasnya.
Aspek selanjutnya adalah daya juang, tentang bagaimana ketahanan diri seseorang untuk tidak menyerah meskipun gagal. Hanif menyoroti generasi saat ini sering berekspektasi bahwa bekerja itu mudah. Padahal, menurutnya, setiap pekerjaan ada kesulitannya. “Kebanyakan dari recruiter atau user itu melihat orang dari daya juangnya. Ketika diberi suatu masalah, tantangan, bagaimana cara orang ini menyelesaikannya,” pungkasnya.
Penulis: Uswatun Khasanah
Editor: Yulia Rohmawati",2025-09-15,2025,11:04 am,Uswatun Khasanah,Yulia Rohmawati,"Berita, Berita",https://unair.ac.id/bem-fakultas-farmasi-bekali-kiat-membangun-karir-bagi-mahasiswa/
AcSES Talk Bagikan Tips Bangun Karakter dan Atasi Kendala Public Speaking,"UNAIR NEWS – Seorang pemimpin mendapatkan tuntutan untuk menghadirkan pidato yang menarik. Oleh karena itu, skill public speaking merupakan hal yang sangat penting. Association of Sharia Economic Student (AcSES) Universitas Airlangga ( UNAIR ) menggelar webinar berjudul AcSES Talk pada Sabtu (13/9/2025) secara daring.
Webinar ini menghadirkan Afrizal Naufal Ghani, Mahasiswa Fakultas Ekonomi dan Bisnis (FEB) UNAIR, dengan segudang pengalaman public speaking. Ia memiliki lebih dari 50 pengalaman public speaking dan pernah menjadi student speaker dalam acara TEDxUniversitasAirlangga.
Ghani, sapaan akrabnya, menjelaskan rasa percaya diri yang muncul saat berbicara di depan umum bisa dilatih. Seperti halnya belajar menaiki sebuah sepeda. Semakin sering dilakukan maka semakin percaya diri dan handal dalam melakukannya.
“Semakin banyak bicara maka semakin banyak kosakata. Jika tidak memiliki panggung untuk public speaking , manfaatkan sesi presentasi yang ada di kelas. Jangan pernah menyianyiakan panggung public speaking yang diberikan ke kalian,” ujarnya.
Ia juga menjelaskan bahwa rasa takut yang muncul saat berbicara di depan umum muncul karena ketidaksiapan diri. Biasanya hal ini karena ekspektasi yang tidak diketahui seperti pertanyaan yang akan ditanyakan bahkan persiapan yang belum matang.
Karakter Pembicara
Karakter pembicara dalam public speaking biasanya menjadi kunci bagaimana pesan diterima audiens. Hal ini juga menjadi sorotan dalam AcSES Talk. Menurut Ghani, biasanya karakter ini muncul dengan melihat salah satu role model atau saat diri sudah merasa nyaman ketika berbicara didepan umum.
Hal ini membuat Ghani menggaris bawahi jika ingin menemukan karakter maka hal pertama yang harus dipikirkan adalah seberapa handal seseorang saat berbicara. “Semakin lama rasa nyaman dan kecakapan dalam berbicara akan memunculkan karakter itu,” ucapnya.
Kemudian, passion dalam public speaking juga merupakan hal yang bisa bertumbuh seiring dengan berjalannya waktu. Hal ini karena kesempatan berbicara bisa semua orang lakukan dan bisa berkembang sebaik mungkin.
Kendala Public Speaking
Selain karakter public speaking , AcSES juga mengulas mengenai kendala yang ada pada saat public speaking . Kendala pemilihan kata yang terbelit saat berbicara merupakan salah satu yang menjadi sorotan. Ghani memiliki tips untuk mengatasi ketika hal ini terjadi.
“Jika saat berbicara terbeli-belit maka beri waktu kepada diri kita untuk berpikir. Namun, agar tidak terlihat terjeda maka beri kesempatan audiens untuk berbicara. Lempar pertanyaan interaktif kepada audiens dan berpikirlah saat audiens menjawab,” tuturnya.
Kemudian, Ghani juga memberi tips cara mengatasi audiens yang kurang interaktif atau tidak bersemangat. Ia mengatakan ketika audiens terlihat bosan, maka bisa jadi masalah ada pada pemateri yang kurang bisa melihat karakter audiens.
Ia sendiri membedakan audiens menjadi beberapa karakter, yakni anak-anak, remaja, dewasa muda, ibu-ibu, dan bapak-bapak. Menurutnya mereka memiliki cara penanganan yang berbeda. “Dewasa muda adalah yang paling gampang ditangani karena kuncinya adalah tahu apa yang mereka ingin dengar. Sedangkan, bapak-bapak adalah yang paling susah namun bisa diatasi dengan kerendahan hati,” jelasnya.
Penulis: Rizma Elyza
Editor: Yulia Rohmawati",2025-09-15,2025,11:20 am,Rizma Elyza,Yulia Rohmawati,"Berita, Berita",https://unair.ac.id/acses-talk-bagikan-tips-bangun-karakter-dan-atasi-kendala-public-speaking/
"Rayakan Dies Natalis ke-71, RSHP UNAIR Gelar Pet Festival untuk Dukung Kesejahteraan Hewan","UNAIR NEWS – Universitas Airlangga (UNAIR) terus berupa menyosialisasikan pentingnya kesehatan dan kesejahteraan hewan peliharaan. Dalam rangka menyambut Dies Natalis UNAIR ke-71 dan memeriahkan ulang tahun Rumah Sakit Hewan Pendidikan (RSHP) , UNAIR kembali menggelar agenda Pet Festival 2025.
Kegiatan ini berlangsung selama tiga hari, pada Jumat (12/9/2025) hingga Minggu (14/9/2025) bertempat di Area Parkir Gedung RSHP, Kampus MERR-C. Pet festival menghadirkan berbagai kegiatan menarik bagi masyarakat. Kegiatan tersebut adalah pemeriksaan hewan gratis, kontes ayam serama, kontes reptil, dog contest, cat contest . Terdapat juga lomba mewarnai untuk siswa Taman Kanak-kanak (TK) dan Sekolah Dasar (SD).
drh Abihilal Zikra Taim selaku ketua pelaksana kegiatan Pet Festival 2025 menyampaikan bahwa kegiatan terus berkembang setiap tahun. “Pet Festival 2025 merupakan penyelenggaraan yang keempat sejak pertama kali digelar pada tahun 2022. Setiap tahun kami berupaya memperbaiki dan meningkatkan kualitas acara agar semakin meriah, bermanfaat, serta memberi dampak positif bagi masyarakat dan pecinta hewan,” ujar Taim.
Kebersamaan untuk Tumbuh Bersama
Prof Dr Koko Srimulyo, Drs M Si, selaku Wakil Rektor Bidang Ekosistem Entrepreneurial dan Pengembangan Bisnis Universitas Airlangga, hadir dan menyampaikan sambutan pada kegiatan Pet Festival 2025.
“Perlu saya sampaikan bahwa Pet Festival pertama kali diadakan pada tahun 2022 sebagai sarana untuk menjalin hubungan baik. Saat itu kita berada dalam situasi penuh tantangan akibat kondisi bisnis dan keterbatasan sosialisasi. Melalui kegiatan ini, kita berupaya menghidupkan kembali kebiasaan baik untuk membangun jejaring dan silaturahmi dengan semua pihak yang mendukung Rumah Sakit Hewan Pendidikan Universitas Airlangga,” ujar Prof Koko.
Prof Koko juga menjelaskan tema kegiatan yaitu all together, grow together . Tema ini mencerminkan semangat kebersamaan untuk tumbuh bersama. Rangkaian kegiatan tidak hanya bersifat hiburan, tetapi juga sarat dengan edukasi, baik untuk para  komunitas pecinta hewan maupun para praktisi.
Peran Strategis Dokter Hewan
Hadir dalam pembukaan, Prof Dr Lilik Maslachah, drh M Kes selaku Dekan Fakultas Kesehatan Hewan menekankan peran strategis dokter hewan. Menurutnya, dokter hewan memiliki peran strategis sebagai garda terdepan dalam menjaga kesehatan hewan serta mendukung kesehatan masyarakat.
“Melalui acara ini, kita diingatkan pentingnya menjaga kesehatan hewan, kesejahteraan hewan, serta tanggung jawab kita dalam merawat mereka. Kehadiran hewan bukan hanya memberi warna dan keceriaan dalam hidup, tetapi juga berperan dalam menjaga keseimbangan ekosistem dan lingkungan,” terang Prof Lilik.
Penulis: Kania Khansa Nadhifa Kallista
Editor: Ragil Kukuh Imanto",2025-09-15,2025,9:17 am,Kania Khansa Nadhifa Kallista,Ragil Kukuh Imanto,"Berita, Berita",https://unair.ac.id/rayakan-dies-natalis-ke-71-rshp-unair-gelar-pet-festival-untuk-dukung-kesejahteraan-hewan/
"Tingkatkan Kesiapan Karir, Career Fest FPK UNAIR Hadirkan Pembekalan dan Motivasi untuk Mahasiswa","UNAIR NEWS – Mahasiswa Fakultas Perikanan dan Kelautan ( FPK ) Universitas Airlangga ( UNAIR ) menggelar Career Fest x Seminar Nasional Kakema pada hari Sabtu (13/9/2025) di Auditorium Candradimuka Lantai 9 Gedung Kuliah Bersama (GKB) Kampus Merr-C UNAIR. Kegiatan ini menghadirkan akademisi dan praktisi untuk memberikan motivasi, strategi, serta pengalaman nyata dalam menghadapi dunia karir.
Acara dimulai dengan sambutan oleh Damar, selaku Ketua Pelaksana Career Fest 2025. Ia menyampaikan apresiasi kepada panitia serta ucapan selamat datang kepada seluruh peserta yang hadir. Selanjutnya, Wakil Dekan III FPK UNAIR, Annur Ahadi Abdillah S Pi, M Si, Ph D, dalam sambutannya menegaskan pentingnya peran sumber daya manusia di bidang perikanan. “Perikanan ibarat mutiara yang ada di bawah lumpur. Sektor ini merupakan poros utama Indonesia,” ungkapnya.
Mulai dari Dalam Diri
Pemaparan materi pertama oleh Dr Dewi Retno Suminar M Si, Psikologi, yang mengulas topik tentang kecemasan karir. Ia menjelaskan bahwa kecemasan terjadi pada semua mahasiswa di berbagai bidang, tidak hanya perikanan. Menurutnya, kecemasan adalah hal wajar yang dialami oleh seseorang. “Seringkali kecemasan muncul karena ketidaktahuan tentang apa yang ada di depan. Kuncinya adalah mengenali diri sendiri terlebih dahulu,” tuturnya.
Selanjutnya, Dr Dewi Retno menegaskan pentingnya memiliki sikap stoic dan greet (ketangguhan) dalam menghadapi tekanan. Ia juga menekankan pentingnya motivasi yang dapat tumbuh dengan membekali diri pada ketenangan hati dan keteguhan mental. “Agar tidak ikut arus, jangan membandingkan diri dengan orang lain. Setiap orang itu unik, dan jangan menghabiskan energi hanya untuk membandingkannya dengan orang lain,” tegasnya.
Terus Belajar dan Evaluasi
Sesi materi terakhir menghadirkan Vito Reyner, selaku Direktur PT. Rejeki Bintang Samudra yang membicarakan tentang pengalamannya dalam meniti karir di bidang perikanan. Vito menyampaikan bahwa sebenarnya background yang ia miliki adalah bidang Teknologi Informasi. Namun, keteguhan hatinya dalam meniti karir mampu mengubah arah pandangannya hingga menjadi direktur di bidang perikanan.
“Selama masa kuliah saya aktif mengikuti kepanitiaan, organisasi, dan kompetisi seperti P2MW. Semua pengalaman itu memberi dampak besar bagi diri saya saat ini,” ujarnya.
Vito mengatakan bahwa tantangan terbesar saat kuliah adalah manajemen waktu. Ia berhasil mengatasi tantangan tersebut dengan cara membuat jadwal terstruktur. Sedangkan dalam dunia kerja, ia pernah mengalami tantangan berupa penolakan produk oleh perusahaan.
Lebih lanjut, Vito menjelaskan bahwa pengalaman tersebut menjadi evaluasi untuk berbenah lebih baik lagi. Ia menambahkan jika salah satu cara untuk mendapatkan koneksi adalah dengan mengikuti seminar, pameran, dan kesempatan tak terduga yang harus dimanfaatkan dengan baik. “Setiap tempat, setiap orang, setiap waktu, bisa menjadi wadah untuk belajar,” tegasnya.
Melalui Career fest ini, mahasiswa UNAIR dibekali wawasan dan motivasi berharga mengenai tantangan dan peluang dunia karir. Kegiatan ini diharapkan menjadi bekal bagi Mahasiswa UNAIR untuk menyiapkan diri menghadapi masa depan dengan percaya diri, keteguhan, ketenangan, serta semangat berprestasi.
Penulis: Muhammad Nabil Fawaid
Editor: Ragil Kukuh Imanto",2025-09-15,2025,11:52 am,Muhammad Nabil Fawaid,Ragil Kukuh Imanto,"Berita, Berita",https://unair.ac.id/tingkatkan-kesiapan-karir-career-fest-fpk-unair-hadirkan-pembekalan-dan-motivasi-untuk-mahasiswa/
HMTI UNAIR Dorong Gen Z Hadapi Transformasi Industri,"UNAIR NEWS – Era industri kian bergerak cepat melalui penerapan otomasi. Menjawab tantangan tersebut, Himpunan Mahasiswa Teknik Industri ( HMTI ) Fakultas Teknologi Maju dan Multidisiplin ( FTMM ) Universitas Airlangga ( UNAIR ) menggelar Seminar bertajuk Sinergi. Acara berlangsung, Sabtu (13/9/2025) di ruang 2.07 Gedung Nano, Kampus Merr C. Kegiatan tersebut sukses mengusung tema besar Future-Oriented Generation: Gen Z sebagai Penggerak Transformasi Industri.
Gen Z Perlu Adaptif
Ni Made P. Gayatri Weda Sruti selaku ketua pelaksana Sinergi, menjelaskan bahwa seminar tersebut merupakan inisiasi program kerja Departemen Hubungan Masyarakat (Humas) HMTI. Penyelenggaraan itu sejak awal dirancang sebagai wadah berbagi ilmu sekaligus inspirasi tentang dunia industri.
“Industri itu erat kaitannya dengan otomasi. Kalau dulu pekerjaan banyak dikerjakan manusia, sekarang beralih ke sistem otomatis. Kita sebagai Gen Z akan menjadi penerus, jadi perlu tahu bagaimana berinovasi agar otomasi bisa memudahkan kehidupan sehari-hari,” tutur Gayatri.
Melalui Sinergi, lanjutnya, berupaya menghadirkan pengalaman belajar yang inklusif, bukan hanya untuk mahasiswa teknik industri. “Harapannya semua bisa belajar, bahkan yang bukan anak industri sekalipun bisa tahu terkait otomasi dan fungsinya yang kini sangat kita perlukan,” jelasnya.
Gayatri kemudian menekankan pentingnya sikap adaptif generasi muda terhadap perkembangan teknologi. “Saya harap semua bisa lebih aware dengan perkembangan teknologi dan mengaplikasikannya secara efektif,” ujarnya.
Otomasi sebagai Keharusan
Acara Sinergi turut mengundang salah satu pembicara yaitu Dwi Hasviantoro K., S.T., Senior Service Engineer sekaligus Commercial Advisor Yokogawa Company. Ia mengupas materi tentang otomasi berkelanjutan dengan peran inovasi dan energi masa depan.
Dalam paparannya, Dwi menegaskan bahwa otomasi kini menjadi keharusan bagi setiap industri. “Otomasi memungkinkan data yang dihasilkan lebih akurat, terukur, dan mampu merekam histori industri hingga bertahun-tahun. Mau tidak mau, industri harus mengadopsi otomasi agar tetap stabil, hemat, dan mempertahankan quality ,” jelasnya.
Ia mencontohkan penerapan otomasi di bidang farmasi yang sangat vital untuk memastikan kualitas obat-obatan tetap terjaga. Menurutnya, dengan sistem otomatis, setiap data produksi bisa terekam dan ditelusuri kembali jika sewaktu-waktu diperlukan. “Industri tidak bisa lagi hanya mengandalkan operator. Otomasi saat ini hadir untuk memastikan standar kualitas tetap terjaga,” pungkas Dwi.
Penulis: Nur Khovivatul Mukorrobah
Editor: Ragil Kukuh Imanto",2025-09-15,2025,4:06 pm,Nur Khovivatul Mukorrobah,Ragil Kukuh Imanto,"Berita, Berita",https://unair.ac.id/hmti-unair-dorong-gen-z-hadapi-transformasi-industri/
"UNAIR Raih Penghargaan Zona KHAS, Dorong Ekonomi Halal dari Kampus","UNAIR NEWS – Komitmen Universitas Airlangga (UNAIR) untuk menghadirkan zona lingkungan kuliner halal, aman, dan sehat (Zona KHAS) mendapat pengakuan dan apresiasi dari Pemerintah Provinsi Jawa Timur. Pada penutupan Festival Ekonomi Syariah (FESyar) Regional Jawa 2025 berlangsung di Grand Ballroom Al Marwah, Masjid Nasional Al Akbar Surabaya, Minggu (14/9/2025). Gubernur Jawa Timur, Khofifah Indar Parawansa menyerahkan langsung sertifikat penghargaan Zona KHAS kepada UNAIR.
Dua kantin UNAIR, yaitu Kantin Fakultas Ekonomi dan Bisnis serta Kantin GOR Kampus C, menjadi percontohan implementasi Kuliner Halal, Aman, dan Sehat. Dalam sambutannya, Khofifah yang juga alumni UNAIR, menilai langkah tersebut sebagai terobosan penting. “Alhamdulillah UNAIR sudah ikut mengembangkan Zona KHAS. Semoga bisa menjadi rujukan bagi kampus lain yang ingin melakukan hal serupa,” kata Khofifah.
Wakil Rektor Bidang Akademik, Kemahasiswaan, dan Alumni Prof Ir Mochammad Amin Alamsjah MSi PhD hadir mewakili Rektor untuk menerima penghargaan. Ia menyampaikan terima kasih kepada Pusat Halal UNAIR yang mengawal jalannya program ini. “Terima kasih kepada Pusat Halal yang sudah bekerja keras. Selanjutnya mari kita kawal sertifikasi halal untuk produk hilirisasi riset dan inovasi UNAIR,” ujar Prof. Amin.
Penghargaan Zona KHAS menjadi bukti nyata peran perguruan tinggi dalam memperkuat ekosistem halal. Dengan dukungan Pusat Halal, UNAIR menunjukkan bahwa kampus bukan hanya pusat pendidikan, tetapi juga motor penggerak ekonomi syariah yang berdampak langsung pada masyarakat.
Layanan Konsultasi Halal
Tak hanya menerima penghargaan, UNAIR melalui Pusat Halal juga membuka layanan konsultasi dan fasilitasi sertifikasi halal gratis selama gelaran FESyar. Prof. Amin yang sempat berkunjung ke stand dan memberikan semangat kepada para petugas piket jaga stand.
“Terus lanjutkan pendidikan. Yang S1 lanjut S2, yang S2 ke S3. Beasiswa banyak, kesempatan terbuka, manfaatkan untuk membangun bangsa,” pesannya.
Selain stand Pusat Halal, FESyar 2025 menghadirkan pameran produk halal dan UMKM syariah, menampilkan 38 pesantren melalui program One Pesantren One Product (OPOP). Sesi business matching targetkan pembiayaan 25 miliar rupiah dan transaksi perdagangan 10 miliar rupiah, dengan realisasi awal mencapai 15,38 miliar rupiah.
Potensi Ekonomi Halal
Mengusung tema “Sinergi Ekonomi dan Keuangan Syariah Memperkuat Stabilitas dan Kemandirian Ekonomi Regional,” FESyar 2025 menegaskan besarnya potensi Jawa Timur sebagai pusat ekonomi halal. Dengan populasi 42,09 juta jiwa sampai 97,28 persen di antaranya muslim provinsi ini memiliki landasan kuat.
Kehadiran Kawasan Industri Halal (KIH) di Sidoarjo, yang menjadi pionir dan terbesar di Indonesia. Ribuan pondok pesantren, serta 460 ribu sertifikasi halal yang mencakup lebih dari satu juta produk memperlihatkan kesiapan infrastruktur. Khofifah berharap FESyar 2026 kembali digelar di Jawa Timur. “Terima kasih kepada Bank Indonesia yang telah mempercayakan FESyar 2025 di Jawa Timur. Semoga tahun depan tetap di sini,” katanya.
Penulis: Mohammad Adif Albarado
Editor: Ragil Kukuh Imanto",2025-09-15,2025,5:14 pm,Mohammad Adif Albarado,Ragil Kukuh Imanto,"Berita, Berita",https://unair.ac.id/unair-raih-penghargaan-zona-khas-dorong-ekonomi-halal-dari-kampus/
"Tim PKM-K UNAIR Luncurkan Curhatorium 2.0, Perkuat Komitmen Hadirkan Ruang Aman Digital","UNAIR NEWS – Curhatorium sebagai komunitas yang berfokus pada kesehatan mental dan penyediaan ruang aman bagi generasi muda resmi meluncurkan versi kedua melalui kegiatan yang berlangsung secara hybrid pada Sabtu (13/9/2025). Selain mahasiswa, hadir pula perwakilan SDGs Center Universitas Airlangga , Airlangga Health Promotion Center (AHPC) , dan Help Center UNAIR . Turut hadir secara daring pula Bani Bacan Hacantya Yudanagara S Psi M Si selaku dosen pembimbing tim Curhatorium.
Ketua pelaksana, Ni Putu Adina Saridewi menjelaskan Curhatorium berkembang dari komunitas berbasis luring menjadi platform digital yang dapat diakses secara luas. Pengembangan transformasi tersebut pada awal tahun 2025. Saat itu, tim Curhatorium mengajukan gagasan ke Program Kreativitas Mahasiswa (PKM) dan berhasil memperoleh pendanaan. Pernyataan ini selaras dengan penjelasan oleh Usamah sebagai salah satu pendiri Curhatorium.
“Awalnya Curhathorium hanya berupa kelompok diskusi kecil berisi sebelas orang. Namun, seiring waktu kami melihat kebutuhan lebih besar, sehingga kami mengembangkan Curhathorium menjadi platform digital agar bisa diakses lebih luas dan berkelanjutan,” ucap Usamah.
Demonstrasi Fitur Platform Curhatorium
Pada kegiatan ini, tim Curhatorium menampilkan versi kedua dari platform Curhatorium. Platform ini memiliki berbagai fitur utama, seperti Deep Cards sebagai media refleksi diri, Support Group Discussion (SGD). Fitur ini memungkinkan pengguna berbagi pengalaman melalui kelompok terjadwal. “Melalui fitur ini, kami ingin menghadirkan ruang aman digital yang interaktif, di mana setiap orang bisa merasa didengar tanpa takut dihakimi,” terang Jamal.
Curhatorim juga menyediakan layanan Share and Talk yang mempertemukan pengguna dengan rangers (peer support) seorang psikolog berpengalaman. Pada Curhatorium juga terdapat Artificial Intelligence (AI) bernama MENTAI yang tengah mendapat atensi pengembangan dengan pendekatan Psychological First Aid (PFA) . Berbeda dari platform AI lainnya, umpan balik dari Curhatorium lebih terstruktur dengan gaya bahasa yang ramah bagi awam untuk mendorong pengguna melaksanakan refleksi secara mendalam.
Menjawab Tantangan Kesepian Melalui Sesi Talkshow
Selain penjelasan fitur, sesi talkshow juga berlangsung dengan mengangkat tema Terhubung tapi Kesepian . Turut hadir dalam sesi talkshow Salma Salsabila SPsi dan Usamah selaku narasumber.
Salma menjelaskan bahwa kesepian tidak selalu muncul karena kita tidak punya teman atau tinggal sendirian. Menurutnya, kesepian bisa hadir ketika berada di tengah orang banyak tetapi kita merasa terasing. Kesepian menjadi sinyal bahwa manusia membutuhkan rasa aman dan keterikatan, oleh karena itu penting untuk membangun hubungan nyata dengan teman terdekat.
“Kesepian, apabila dibiarkan terlalu lama, bisa berdampak serius. Orang bisa cenderung menyalahkan diri, kehilangan identitas, hingga berisiko mengalami depresi atau gangguan mental lain. Karena itu, ruang aman sangat penting baik berupa teman dekat, keluarga, maupun komunitas agar dapat bercerita tanpa takut mendapat penghakiman,” jelas Salma.
Untuk menjawab tantangan tersebut, Salma memperkenalkan formula AMAN. Formula tersebut adalah Akronim yaitu Aktif mendengarkan, Menjaga rahasia, Ajak terhubung, Nyatakan dukungan positif sebagai langkah sederhana untuk mendukung teman. Sesi talkshow juga memandingkan peer suport secara daring dan luring. Tatap muka unggul karena dapat menangkap sinyal non-verbal, sementara platfrom daring memudahkan keterjangkauan pengguna membuka diri.
Dalam platform Curhatorium, fitur SGD dan share talk menjadi wadah bagi pengguna mendapat dukungan sebaya. Melalui kelompok diskusi maupun rangers , pengguna dapat berbagi cerita dengan aman. Penulis: Kania Khansanadhifa Kallista Editor: Ragil Kukuh Imanto",2025-09-15,2025,5:04 pm,,,"Berita, Berita",https://unair.ac.id/tim-pkm-k-unair-luncurkan-curhatorium-2-0-perkuat-komitmen-hadirkan-ruang-aman-digital/
"Rapat Konsolidasi Pimpinan, UNAIR Rapatkan Barisan Hadapi Tantangan World-Class Entrepreneurial University","UNAIR NEWS – Universitas Airlangga ( UNAIR ) menggelar Rapat Konsolidasi Pimpinan setelah merampungkan proses pemilihan pimpinan di seluruh fakultas, sekolah dan unit kerja. Kegiatan yang berlangsung pada Senin (15/9/2025) itu berlangsung di Aula THE IX, Kampus MERR-C UNAIR. Rapat tersebut melibatkan pimpinan universitas, dekan dan wakil dekan fakultas, direktur dan wakil direktur sekolah, direktur dan sekretaris direktorat, ketua dan sekretaris badan, lembaga dan pusat, direktur dan wakil direktur rumah sakit, kepala perpustakaan dan ketua pusat unggulan iptek perguruan tinggi di lingkungan UNAIR.
Rapat konsolidasi tersebut dibuka langsung oleh Rektor UNAIR, Prof Dr Muhammad Madyan, SE MSi MFin. Ia menyampaikan bahwa rapat ini merupakan rapat pertama kepemimpinan yang baru. Rapat ini diharapkan dapat segera bekerja dan bersinergi nyata dalam melanjutkan estafet kepemimpinan sebelumnya.
“Ini adalah suatu awal bagi kita ( kepemimpinan baru, red ) untuk memperkenalkan program-program kita ke depannya agar regenerasi kepemimpinan tidak putus. Kemarin kita sudah melantik dekan, wadek dan juga pimpinan lembaga dan sebagainya agar kita bisa langsung tancap gas. Jangan sampai kita pergantian pimpinan, memulai dari awal lagi,” ucap Prof Madyan.
UNAIR telah berkembang pesat melampaui ekspektasi. Hal ini tercermin dari peningkatan capaian UNAIR di dalam pemeringkatan QS World University Ranking dan THE Impact Rankings yang luar biasa dalam rentang waktu 10 tahun.
“Kami waktu itu hanya berpikir bagaimana UNAIR bisa mencapai 400 besar dunia. Ternyata untuk QS WUR periode saat ini, UNAIR sudah mencapai 287. Kita juga tidak menduga, saat Times Higher Education mengumumkan THE Impact Rankings , UNAIR bisa menduduki peringkat 9 Dunia, nomor 2 se-Asia dan nomor 1 se-Indonesia,” ujar Guru Besar Fakultas Ekonomi dan Bisnis ( FEB ) itu.
Tantangan World-Class Entrepreneurial University
UNAIR harapannya menjadi perguruan tinggi yang mengintegrasikan semangat dan pola pikir kewirausahaan dalam aktivitas Tri Dharma yang dilakukan dengan berfokus pada inovasi, penciptaan nilai, serta memberikan dampak positif yang bermanfaat bagi masyarakat secara luas.  Agar arah kebijakan  menjadi world-class entrepreneurial university tersebut tercapai, Rektor UNAIR memberikan penekanan di beberapa hal utama. Salah satunya tentang kebutuhan keuangan secara mandiri.
Prof Madyan menyampaikan bahwa world-class entrepreneurial university tidak terbatas pada peran universitas yang menghasilkan lulusan-lulusan yang menjadi wirausahawan. “Universitas Airlangga juga berfungsi sebagai entrepreneur . Ini yang penting dan ini sangat relevan dengan kondisi saat ini,” ungkapnya. Prof Madyan menginginkan unit-unit usaha bisnis yang dimiliki universitas dapat lebih optimal dan menghasilkan keuntungan yang bisa digunakan untuk mendukung anggaran UNAIR.
Lulusan UNAIR Jadi Sorotan
Dalam sambutannya, Prof Madyan juga memberikan sorotan pada fenomena pengangguran terdidik di Indonesia dan lamanya masa tunggu lulusan untuk bekerja. Ia mengharapkan solusi dari UNAIR. Salah satu yang diharapkan adalah Fakultas Keperawatan (FKp) sebagai pilot project UNAIR agar lulusannya bisa terserap oleh pasar dengan cepat.
“Fakultas Keperawatan memiliki peminat lulusan yang cukup besar. Di antaranya adalah Jepang, Arab Saudi, Timur Tengah, Swiss dan lain-lainnya. Fakultas lain juga harapannya bisa mencari solusi agar lulusannya bisa terserap oleh pasar dengan jangka waktu yang relatif cepat. Indikatornya itu bukan hanya berapa banyak kita bisa meluluskan di fakultas masing-masing tetapi seberapa besar lulusan yang terserap pasar. Hal ini berkaitan dengan relevansi lulusan,” papar Prof Madyan.
Terkait lulusan, lebih jauh Prof Madyan memaparkan bahwa mahasiswa UNAIR yang berwirausaha saat ini hanya sebagian kecil. Dalam kurikulum baru harapannya ada mata kuliah kewirausahaan sekaligus praktek kewirausahaan di seluruh program studi. “Dengan adanya bekal ilmu tersebut, yang kesulitan mendapatkan pekerjaan, maka dapat menggunakan ilmu kewirausahaannya sebagai bekal survive di luar sana,” tambahnya.
Tantangan terakhir yang Prof Madyan soroti adalah hilirisasi hasil riset yang masih kecil. Selama sepuluh tahun, UNAIR fokus mengembangkan budaya dalam meningkatkan kuantitas riset dan publikasi, tetapi hanya kecil sekali yang berlanjut ke proses hilirisasi.
Ketua Badan Perencanaan dan Pengembangan (BPP), Dian Ekowati SE MSi MAppCom(OrgCh) PhD di sesi berikutnya memaparkan capaian kinerja di pilar SMART serta penyesuaian target di triwulan 4 2025 dan rancangan target tahun 2026. Kemudian, dilanjutkan dengan sesi diskusi yang dipimpin langsung oleh Ketua BPP.
Penulis: Andi Pramono
Editor: Oemar Moechtar, Yulia Rohmawati",2025-09-15,2025,4:29 pm,Andi Pramono,"Oemar Moechtar, Yulia Rohmawati","Berita, Berita, berita rektor, featured",https://unair.ac.id/rapat-konsolidasi-pimpinan-unair-rapatkan-barisan-hadapi-tantangan-world-class-entrepreneurial-university/
"Kembangkan Aplikasi Budgeting, Mahasiswa UNAIR Raih Juara 3 Tingkat Nasional","UNAIR NEWS – Mahasiswa Universitas Airlangga (UNAIR) kembali mengukir prestasi membanggakan. Riska Yuliana Putri, mahasiswa Fakultas Ilmu Budaya (FIB), bersama dua rekannya yaitu Qonita Salma dari Fakultas Ilmu Sosial dan Ilmu Politik (FISIP), serta Eka Novia Ai’zatul Ulya dari Fakultas Sains dan Teknologi (FST), berhasil meraih Juara 3 dalam ajang National Economic Essay Competition yang diselenggarakan oleh Forum Mahasiswa Sidoarjo (FORSMADA), Universitas Negeri Surabaya, pada Minggu (24/8/2025).
Dalam kompetisi tersebut, tim UNAIR tersebut mengangkat tema berlandaskan pada Sustainable Development Goals (SDGs) poin 12. Poin tersebut yaitu Konsumsi dan Produksi yang Bertanggung Jawab. Esai yang mereka usung menyoroti isu perilaku konsumtif di kalangan Generasi Z, terutama di era digital dan dominasi metode cashless .
“Inspirasi utama kami datang dari film Home Sweet Loan, serta keresahan nyata yang banyak dirasakan generasi muda saat ini, yaitu kesulitan dalam mengatur keuangan pribadi. Dari situlah lahir ide untuk membuat sebuah prototipe aplikasi keuangan yang tak hanya fungsional, tapi juga edukatif,” ujar Riska.
SPENDIGO Sebagai Solusi Budgeting
Aplikasi SPENDIGO rancang tidak hanya sebagai alat bantu pencatatan keuangan, tetapi juga sebagai pendamping keuangan yang komprehensif bagi penggunanya. Melalui fitur budgeting yang ada, pengguna dapat mengatur pengeluaran dan pemasukan secara lebih efisien sesuai kebutuhan dan target finansial masing-masing.
Tak berhenti di situ, SPENDIGO juga menyediakan berbagai konten edukatif yang membahas manajemen keuangan, investasi dasar, hingga kesalahan-kesalahan umum dalam pengelolaan uang. Hal ini bertujuan untuk meningkatkan literasi finansial, terutama di kalangan generasi muda.
Menariknya lagi, SPENDIGO turut menghadirkan fitur manifestasi finansial, yang memungkinkan pengguna menetapkan tujuan keuangan jangka pendek maupun jangka panjang. Fitur tersebut lengkap dengan pelacak kemajuan (progress tracker) yang membantu menjaga konsistensi dan motivasi.
“SPENDIGO tidak hanya sekadar aplikasi pencatat keuangan, tetapi juga menjadi life companion bagi pengguna yang ingin lebih disiplin dan sadar terhadap pola konsumsi mereka,” jelas Riska.
Ketiga mahasiswa UNAIR tersebut berharap SPENDIGO dapat menjadi salah satu solusi nyata dalam menekan perilaku konsumtif di kalangan Gen Z. Selain itu juga mendukung pencapaian tujuan pembangunan berkelanjutan.
“Kami sangat bersyukur atas pencapaian ini, dan berharap ke depan SPENDIGO bisa dikembangkan lebih serius, baik secara teknologi maupun kemitraan, agar benar-benar bisa memberikan dampak positif secara nyata,” pungkas Riska.
Penulis : Saffana Raisa Rahmania
Editor   : Ragil Kukuh Imanto",2025-09-15,2025,5:39 pm,,,"Berita, Berita",https://unair.ac.id/mahasiswa-unair-raih-juara-3-nasional-berkat-inovasi-aplikasi-budgeting/
"Wujud Kontribusi Nyata, 205 Mahasiswa FKH Jalani BBK di 10 Daerah","UNAIR NEWS – Fakultas Kedokteran Hewan (FKH) Universitas Airlangga (UNAIR) sukses menggelar pembekalan bagi mahasiswa yang akan mengikuti program Belajar Bersama Komunitas (BBK) Kampus Berdampak. Kegiatan ini berlangsung pada Senin (15/9/2025) di Ruang Tanjung Adiwinata, Lt 2 Gedung FKH, Kampus MERR-C, UNAIR.
Pembekalan ini bertujuan mempersiapkan mahasiswa sebelum terjun langsung dalam kegiatan BBK yang akan terselenggara pada Selasa (16/9/2025) hingga Rabu (12/11/2025) mendatang. Sebanyak 205 mahasiswa semester tujuh dari Program Studi Kedokteran Hewan akan terjun di berbagai daerah. Antara lain Lumajang, Kediri, Nganjuk, Madiun, Magetan, Gresik, Lamongan, Tuban, Bojonegoro, dan Surabaya.
Persiapan Matang
Ketua BBK FKH UNAIR 2025, Prof Dr Widjiati drh MSi, mengungkapkan bahwa pembekalan ini telah terencana sejak lama dengan persiapan yang matang, tetapi sempat tertunda karena mengalami beberapa kendala. Salah satunya adalah penyesuaian dengan peralihan kepemimpinan baru dekan FKH UNAIR periode 2025-2030.
Meski sempat mengalami kendala, Prof Widjiati terus berkomitmen dan bersemangat dalam merancang BBK 2025 ini sebaik mungkin. Sehingga program dapat berjalan dengan maksimal. Mulai dari pembekalan, pemberangkatan, pelaksanaan, dan penarikan nantinya. Ia turut menyampaikan bahwa program ini menggandeng beberapa stakeholder untuk mendukung kesuksesan program.
“Kita melibatkan banyak stakeholder , ada 15 klinik di luar FKH UNAIR, 19 Pusat Kesehatan Hewan, dan 2 Koperasi Unit Desa yang akan memfasilitasi kegiatan BBK. Kemudian, ada 98 dosen eksternal yang akan membimbing adik-adik di lapangan, 17 orang tim yang tergabung sebagai pengawas, dan 28 Dosen Pembimbing Lapangan (DPL),” ujarnya.
Prof Widjiati senantiasa mengingatkan kepada mahasiswa untuk melaporkan ketika mengalami kendala di lapangan. Mahasiswa dapat melaporkan kendalanya kepada DPL masing-masing, sehingga segera terselesaikan dan tidak melebar semakin jauh.
Harapan untuk Program
Dengan persiapan yang dinilai sangat matang ini, Prof Widjiati berharap kegiatan BBK 2025 dapat berjalan dengan maksimal tanpa menjumpai kendala yang memberatkan mahasiswa. Ia berpesan kepada mahasiswa untuk secara optimal mengaplikasikan ilmu yang telah mereka peroleh selama berkuliah ketika menjalankan praktik lapangan.
BBK 2025 ini harapannya bermanfaat bagi mahasiswa untuk memperdalam keilmuan. “Saya berharap semua mematuhi peraturan yang sudah digariskan. Walaupun nanti kalian dilengkapi dengan BPJS Ketenagakerjaan, tetapi saya berharap kartu itu tidak sampai digunakan. Artinya kalian semua harus hati-hati saat di lapangan nanti,” pungkasnya.
Penulis: Selly Imeldha
Editor: Yulia Rohmawati",2025-09-15,2025,3:47 pm,Selly Imeldha,Yulia Rohmawati,"Berita, Berita",https://unair.ac.id/wujud-kontribusi-nyata-205-mahasiswa-fkh-jalani-bbk-di-10-daerah/
TSD Mengajar Hadirkan Pembelajaran Kreatif Berbasis Alam,"UNAIR NEWS – Himpunan Mahasiswa T eknologi Sains Data (Himatesda) Universitas Airlangga ( UNAIR ) kembali menghadirkan warna baru dalam pendidikan nonformal melalui program TSD Mengajar periode kedua. Kegiatan ini berlangsung pada Minggu (14/9/2025), di halaman Masjid Harmaidah, Keputih, Surabaya. Kegiatan ini diikuti 20 anak binaan Komunitas Sahabat Belajar Surabaya. Program ini mengusung konsep belajar kreatif berbasis pengalaman alam dengan tetap menekankan pembelajaran karakter dan literasi.
Berbeda dari metode konvensional, TSD Mengajar menekankan pendekatan bermain sambil belajar. Anak-anak tidak hanya mendengar penjelasan, melainkan juga mencoba, mengamati, dan mencipta melalui aktivitas tematik bertema dedaunan. Tujuannya membangkitkan rasa ingin tahu, kreativitas, serta kemampuan analitis sejak dini.
Belajar Lewat Alam dan Kreativitas
Kegiatan diawali dengan pengenalan materi sederhana tentang daun, kemudian dilanjutkan pencarian daun di sekitar taman. Anak-anak diajak mengamati bentuk, warna, dan tekstur daun sesuai kelompok usia. Antara lain Kelompok Bocil (usia 3–6 tahun): Membuat karakter kreatif dari daun untuk melatih imajinasi dan motorik halus. Kedua, Kelompok Bocita (usia 7–14 tahun): Melakukan klasifikasi jenis daun, membandingkan ciri-ciri, dan mengasah kemampuan observasi.
Puncak kegiatan adalah praktik ecoprint , teknik sederhana mencetak pola dedaunan di kain sebagai kenang-kenangan. Selain itu, anak-anak menulis “Daun Impian” berisi cita-cita dan harapan mereka sebagai bentuk motivasi.
Antusiasme dan Dampak Positif
Menurut Ketua Pelaksana TSD Mengajar Hilmi Muhammad Bintang pendekatan kreatif terbukti efektif menjaga konsentrasi anak-anak. “Anak-anak mudah penasaran dan cepat bosan, sehingga perlu metode interaktif. Melalui pencarian daun, ecoprint , hingga menulis impian, mereka belajar sambil bermain tanpa merasa sedang diajar,” ujarnya
Ia menambahkan, meski bernuansa permainan, suasana tetap tertib dan harmonis, menunjukkan bahwa pendekatan kreatif mampu menumbuhkan kedisiplinan alami tanpa paksaan.
Inovasi Mahasiswa untuk Pendidikan Nonformal
Program ini mencerminkan inovasi mahasiswa Teknologi Sains Data yang tidak hanya menguasai teknologi dan data, tetapi juga peka terhadap kebutuhan sosial anak binaan. TSD Mengajar membuktikan bahwa pendidikan nonformal berperan penting dalam membangun karakter dan literasi. Gerakan ini sejalan dengan semangat Excellence with Morality Universitas Airlangga, yang menggabungkan keunggulan akademik dengan nilai humanis.
Harapan ke Depan
Dengan keberhasilan periode kedua, Himatesda berharap cakupan program semakin luas: melibatkan lebih banyak anak binaan, memperpanjang durasi kegiatan, serta berkolaborasi dengan lembaga pendidikan atau komunitas literasi. “Harapan kami, kegiatan ini memberi inspirasi bahwa belajar tidak harus membosankan. Dengan kreativitas, pendidikan bisa menyenangkan, berkesan, dan bermakna,” tutur Hilmi.
Ke depan, Himatesda merencanakan inovasi baru yang relevan dengan kebutuhan anak, termasuk memperkenalkan konsep sederhana sains data agar anak terbiasa berpikir kritis sejak dini. Belajar dapat menjadi pengalaman yang menyenangkan, bermakna, dan mengubah cara pandang.(*)
Penulis: Himatesda
Editor: Yulia Rohmawati",2025-09-15,2025,3:18 pm,Himatesda,Yulia Rohmawati,"Berita, Berita",https://unair.ac.id/tsd-mengajar-hadirkan-pembelajaran-kreatif-berbasis-alam-di-komunitas-sahabat-belajar/
"Lepas Mahasiswa BBK, FKH Bekali Mitigasi Kesenjangan Teori dan Praktik di Lapangan","UNAIR NEWS – Fakultas Kedokteran Hewan (FKH) Universitas Airlangga (UNAIR) menyelenggarakan acara pelepasan mahasiswa peserta Belajar Bersama Komunitas (BBK). Acara tersebut berlangsung di Ruang Tanjung Adiwinata pada Senin (15/7/2025). Kegiatan ini bertujuan untuk membekali mahasiswa sebelum terjun langsung dalam BBK yang terlaksana di beberapa wilayah. Yakni Lumajang, Kediri, Nganjuk, Madiun, Magetan Gresik, Lamongan, Tuban dan Mojokerto.
Pembekalan tersebut berisi pemaparan materi dari Lina Susanti drh MSc PhD dan Prof Dr Herry Agoes Hermadi drh MSi. Keduanya menekankan pentingnya kesiapan mahasiswa, baik dari segi teori maupun praktik
Jembatani Teori dan Praktik
Lina Susanti menyampaikan materi mitigasi kesenjangan teori dan praktik dalam implementasi program BBK. Ia menekankan bahwa mahasiswa tidak hanya perlu belajar, tetapi juga menguasai keterampilan praktis. “Ketika di lapangan, tidak semua bisa langsung dipahami. Tapi ketika kalian lulus, itulah yang menjadi langkah awal,” ungkapnya.
Tak hanya itu, Lina Susanti menjelaskan bahwa kemampuan berpikir kritis dan teamwork merupakan salah satu aspek yang penting untuk diasah. Menurutnya, pelaksanaan BBK menjadi momen yang tepat bagi mahasiswa untuk menguji kemampuan belajar bersama komunitas. Ia juga berpesan agar mahasiswa mampu menjembatani apabila ada perselisihan pendapat atau permasalahan lain.
“Komunikasi juga sangat penting harus pintar dijaga. Khususnya karena nanti konteksnya kalian nanti bertamu di rumah orang. Jangan sampai kalian menyinggung dan sebagainya,” tegasnya.
Penguasaan Teknologi
Sementara itu, Dr Nusdiantoro menekankan pentingnya penguasaan teknologi. Ia menjelaskan bahwa beberapa daerah yang menjadi tempat penerjunan BBK masih belum merata pemanfaatan teknologi. Dalam kondisi tersebut, mahasiswa harapannya tetap mampu beradaptasi. Sebab, kesederhanaan justru dapat melatih ketangguhan dan kemandirian mereka
“Modifikasi banyak sekali yang dapat kita lakukan di bidang ilmu kita. Jadi, ketika kalian melihat sesuatu yang berbeda di lapangan kemudian yang diajarkan dengan dosen, dapat beda karena variasi kasusnya,” tuturnya.
Bekal Keterampilan
Sementara itu, Prof Herry memberikan materi mengenai penyiapan praktik, khususnya terkait inseminasi buatan pada sapi. Ia menjelaskan penggunaan alat serta pentingnya keterampilan teknis yang wajib dimiliki seorang dokter hewan.
“Dokter juga harus bisa melakukan tindakan langsung dan memastikan hewan tertangani dengan benar agar tidak menimbulkan risiko. Yakinkan diri kalian bahwa mampu melakukan dan kamu catat pada diri sendiri bahwa kamu bisa,” ujarnya.
Penulis: Adinda Octavia Setiowati
Editor: Yulia Rohmawati",2025-09-15,2025,2:32 pm,Adinda Octavia Setiowati,Yulia Rohmawati,"Berita, Berita, news-fkh",https://unair.ac.id/lepas-mahasiswa-bbk-fkh-beri-pembekalan-teori-dan-praktik/
BEM FKG Dorong Inklusivitas Lewat Pelatihan Bahasa Isyarat,"UNAIR NEWS – Badan Eksekutif Mahasiswa (BEM) Fakultas Kedokteran Gigi ( FKG ) Universitas Airlangga ( UNAIR ) menggelar pelatihan bahasa isyarat. Berlangsung pada Sabtu (13/9/2025), di Ruang Kuliah Bersama (RKB) Kampus Dharmahusada-A, kegiatan tersebut terselenggara dalam upaya menciptakan lingkungan inklusif. Selain itu, juga untuk mendorong kontribusi nyata mahasiswa pada masyarakat khususnya teman tuli.
Kegiatan ini menghadirkan pemateri dari Tim Bisindo dan Aksesibilitas Surabaya (TIBA). Antara lain Ika Irawan yang kerap disapa Wawan dan Alya. Sebelum memulai materi, Wawan menekankan pentingnya memahami dunia disabilitas rungu sebelum mulai mempelajari bahasa isyarat. “Sebelum belajar bahasa isyarat, alangkah baiknya mengenal dunia tuli terlebih dahulu,” ujarnya.
Pemahaman Dunia Tuli dan Bahasa Isyarat
Wawan menegaskan bahwa kata ‘tuli’ bukanlah istilah kasar. “Ada tiga istilah, yaitu tunarungu, tuli, dan disabilitas rungu. Namun sebagian orang lebih nyaman dipanggil tuli atau disabilitas rungu,” jelasnya.
Lebih lanjut, Wawan memaparkan penyebab tuli yang beragam, mulai dari faktor genetik, bawaan lahir, usia lanjut, hingga kebiasaan mendengarkan suara keras, kecelakaan, maupun penyakit tertentu. Menurutnya, setiap individu memiliki tingkat ketulian berbeda.
Wawan juga menekankan Bisindo sebagai bahasa alami teman tuli. “Bisindo diekspresikan dengan gerakan tubuh dan ekspresi wajah. Ini bahasa utama mereka, bukan verbal,” terangnya. Ia menambahkan manfaat Bisindo mulai dari komunikasi jarak jauh, tetap bisa berbincang meski terhalang kaca, hingga saat makan. Namun, beberapa hambatannya juga masih ada. Seperti kurangnya dukungan visual, minimnya keterlibatan teman tuli dalam acara penting, serta absennya juru bahasa isyarat masih jadi tantangan,
Kegiatan tersebut juga berfokus pada praktik Bisindo. Terutama dalam anamnesis serta komunikasi, informasi, dan edukasi (KIE) kesehatan gigi dan mulut. Melalui sesi ini, peserta berkesempatan langsung mempraktekkan bahasa isyarat agar mampu berinteraksi lebih inklusif dengan teman tuli dalam konteks medis maupun kehidupan sehari-hari.
Dengan adanya pelatihan ini, BEM FKG UNAIR berharap mahasiswa dapat memahami lebih jauh mengenai dunia tuli sekaligus berperan aktif menciptakan masyarakat yang lebih inklusif.
Penulis: Marissa Farikha Siti Fatimatuzzahra
Editor: Yulia Rohmawati",2025-09-15,2025,12:49 pm,Marissa Farikha Siti Fatimatuzzahra,Yulia Rohmawati,"Berita, Berita",https://unair.ac.id/bem-fkg-dorong-inklusivitas-lewat-pelatihan-bahasa-isyarat/
CESGS Berhasil Raih Pendanaan PUI-PT untuk Keberlanjutan Bisnis,"UNAIR NEWS – Center for Environmental, Social, and Governance Studies ( CESGS ) Universitas Airlangga ( UNAIR ) meraih bantuan Pendanaan Program Peningkatan Ekosistem Riset dan Inovasi Pusat Unggulan Ilmu Pengetahuan dan Teknologi Perguruan Tinggi (PUI-PT) Tahun Anggarana 2025. CESGS UNAIR mendapatkan pendanaan tersebut dari Kementerian Pendidikan Tinggi, Sains, dan Teknologi (Kemendikti Saintek). Penghargaan ini menjadi langkah penting untuk mendukung visi dan misi CESGS. Antara lain untuk mendukung terwujudnya keberlanjutan di sektor bisnis Indonesia pada 2030 dan menjadi Regional Top-of-Mind ESG Center.
“Penghargaan ini memperkuat posisi CESGS sebagai pusat riset yang menghubungkan praktik ESG dengan strategi bisnis nasional. Kami berharap riset kami dapat memberikan dampak nyata bagi ekonomi dan masyarakat Indonesia,” ujar Pemimpin CESGS, Prof Iman Harymawan Pemimpin CESGS, Prof Iman Harymawan yang juga merupakan Guru Besar UNAIR bidang Sustainability Accounting and Governance.
Isu keberlanjutan kini semakin penting dalam dunia bisnis. Konsep ESG (Environmental, Social, Governance) menjadi perhatian utama bagi banyak perusahaan, baik global maupun di Indonesia. Namun, masih ada kesalahpahaman di kalangan perusahaan bahwa ESG hanya akan menambah biaya tanpa memberikan manfaat. Berdasarkan data dari CESGS Intelligent, hanya 2% perusahaan terbuka di Indonesia yang mengadopsi Task Force on Climate-related Financial Disclosures (TCFD) pada 2023. Hal tersebut menunjukkan adanya ketertinggalan dalam mengintegrasikan ESG dengan strategi bisnis jangka panjang. Jika terus berlanjut, Indonesia akan tertinggal jauh dalam pencapaian tujuan keberlanjutan global.
Salah satu tantangan utama Indonesia adalah kurangnya pusat riset yang fokus pada bidang ESG. Dari 73 PUI-PT aktif di Indonesia, tidak ada yang fokus pada topik ESG. Hal ini bertolak belakang dengan Asta Cita Indonesia, yang bertujuan untuk memperkuat kemandirian bangsa serta memajukan ekonomi hijau dan biru. Oleh karena itu, CESGS hadir untuk mengisi kekosongan ini dengan peran yang sangat strategis.
Perjalanan CESGS dan Fokus Penelitian ESG
Sejak berdiri pada 2020, CESGS berkomitmen menjadi pusat riset yang menghubungkan isu lingkungan, sosial, dan tata kelola dengan kinerja keuangan perusahaan. Selama lima tahun, CESGS telah mempublikasikan 398 artikel terindeks Scopus, dengan 84,2%. Di antaranya di jurnal Q1-Q2. CESGS juga dipercaya sebagai konsultan ahli oleh Asian Development Bank, UNDP, dan perusahaan besar seperti Indosat, Astra International, serta PLN (Persero).
Fokus riset CESGS pada 2020-2022 berpusat pada pelaksanaan, tata kelola, dampak, dan pelaporan ESG. Lalu riset beralih ke praktik dan penilaian ESG berdasarkan standar dan lembaga pemeringkatan internasional di 2023 sampai 2024. Pada fase transformasi ESG (2025-2026), riset CESGS akan menghubungkan kondisi dan risiko iklim dengan keuangan perusahaan secara sistemik. Periode 2026-2027, riset berfokus pada hubungan antara biodiversitas dan keuangan. Sedangkan pada 2028-2030, riset akan mengukur ketimpangan sosial dan dampaknya terhadap kinerja finansial perusahaan.
Harapan dan Dampak bagi Masa Depan Keberlanjutan
Sebagai PUI-PT, CESGS berkomitmen untuk mengembangkan riset ESG yang tidak hanya relevan secara global, tetapi juga memberikan dampak nyata bagi Indonesia. Prof Iman mengungkapkan bahwa CESGS akan berkomitmen memperkuat peranan dalam riset ESG untuk mendukung sektor bisnis Indonesia menuju keberlanjutan jangka panjang.
“Kami berharap penelitian dan inovasi tersebut dapat memberikan dampak positif yang nyata bagi ekonomi, lingkungan, dan masyarakat Indonesia,” ujar  Senior Fellow di National University of Singapore itu.
Dengan bantuan pendanaan ini, CESGS berharap dapat memperkuat kapasitas riset dan inovasi dalam bidang ESG di Indonesia. Serta akan membantu sektor bisnis dalam mengintegrasikan prinsip keberlanjutan ke dalam model bisnis mereka. CESGS bertekad untuk terus mengedukasi dan memfasilitasi perusahaan di Indonesia agar lebih siap dalam menghadapi tantangan keberlanjutan yang semakin kompleks.
Penulis: CESGS UNAIR
Editor: Yulia Rohmawati",2025-09-15,2025,12:14 pm,CESGS UNAIR,Yulia Rohmawati,"Berita, Berita",https://unair.ac.id/cesgs-berhasil-mendapatkan-bantuan-pendanaan-pui-pt-untuk-keberlanjutan-bisnis/
Menilik Kreativitas Gen Z dalam Aksi Demonstrasi,"UNAIR NEWS – Aksi demonstrasi yang generasi muda, khususnya generasi Z (Gen Z) lakukan belakangan ini banyak mencuri perhatian publik. Pasalnya, cara mereka menyampaikan aspirasi dengan kreatif, seperti melalui poster dengan kalimat satir, meme jenaka, hingga video singkat di media sosial menjadi bagian dari strategi baru dalam menyuarakan keresahan.
Menanggapi hal tersebut, Dosen Ilmu Politik Fakultas Ilmu Sosial dan Ilmu Politik (FISIP) Universitas Airlangga (UNAIR), Dr Aribowo Drs MS, menegaskan bahwa keterlibatan generasi muda dalam gerakan sosial sejatinya bukanlah hal baru. Posisi sosial mereka yang masih dalam tahap pencarian jati diri membuat generasi muda lebih peka. Sehingga selalu menjadi garda terdepan terhadap ketidakadilan.
“Aksi demonstrasi itu memang sebagian besar pesertanya generasi muda. Entah masih sekolah, kuliah, atau bahkan sudah kerja. Sejak zaman Hindia Belanda, yang melawan pemerintah ya generasi muda. Artinya generasi muda ini menjadi bagian penting dalam gerakan sosial,” ujarnya.
Seni sebagai Ekspresi Perlawanan
Lebih lanjut, Aribowo menjelaskan bahwa kreativitas seni sejak lama melekat dalam gerakan sosial. Pada 1950-an, konsep happening art muncul di Amerika Serikat dan menyebar ke berbagai belahan dunia, termasuk Indonesia. Memasuki era 1980-1990-an, seni rupa, teater, dan sastra di tanah air banyak dipengaruhi gagasan posmodernisme.
Dari situlah kemudian muncul perlawanan berbasis seni yang turut mewarnai gerakan mahasiswa menjelang reformasi 1998 hingga saat ini. “ Happening art itu peristiwa kesenian yang mengangkat realitas masyarakat, lalu diusung menjadi bagian dari perlawanan. Bentuknya bisa seni rupa, teater, atau ekspresi kebudayaan lain,” jelasnya.
Peran Media Sosial
Tak hanya kreatif dalam menyampaikan aspirasi, Aribowo menilai, Gen Z juga sangat piawai dalam memanfaatkan media sosial sebagai ruang berekspresi politik. Kreativitas mereka membuat isu-isu sosial dan politik dapat dikemas lebih ringan, sehingga mudah dipahami oleh masyarakat awam.
“Media sosial jadi instrumen penting untuk membicarakan keresahan, ketimpangan, dan ketidakadilan, baik di Indonesia maupun global. Di situ pula perlawanan terhadap pejabat, pemerintah, hingga negara dirumuskan,” tuturnya.
Kendati dibalut kreativitas, Aribowo menekankan bahwa demonstrasi yang Gen Z lakukan tetaplah aksi serius. Perbedaannya terletak pada isu, peserta, dan formatnya yang kini lebih beragam serta terorganisir daripada aksi demonstrasi zaman dulu. “Generasi muda itu tidak hanya turun ke jalan, mereka juga menyiapkan siaran pers, membangun jejaring komunikasi, sampai melakukan advokasi hukum,” tambahnya.
Faktor Pendorong Gerakan
Namun, kreativitas dan peran media sosial tidak akan berkembang menjadi gerakan masif jika tidak ada masalah yang masyarakat rasakan. Menurut Aribowo, lahirnya gerakan sosial seperti aksi demonstrasi selalu terkait dengan kondisi sosial masyarakat. Deprivasi, ketidakadilan, serta kesenjangan yang tampak di tengah masyarakat justru menjadi pemicu utama lahirnya perlawanan.
“Gerakan sosial itu tidak pernah tumbuh dalam ruang kosong. Dia selalu bergantung pada sistem sosial yang ada. Basis sosial dan ideologi sangat penting agar sebuah gerakan bisa terkomunikasikan dan berkembang,” pungkasnya.
Penulis: Fania Tiara Berliana M
Editor: Yulia Rohmawati",2025-09-13,2025,11:50 am,Fania Tiara Berliana M,Yulia Rohmawati,"Berita, Berita, Pakar",https://unair.ac.id/menilik-kreativitas-gen-z-dalam-aksi-demonstrasi/
FK Lakukan Tes TB-LAM Urine Bantu Skrining Pasien HIV Sampang,"UNAIR NEWS – Departemen Patologi Klinik Fakultas Kedokteran ( FK ) Universitas Airlangga ( UNAIR ) bekerja sama dengan RSUD Dr Soetomo mengadakan kegiatan pengabdian masyarakat di Kabupaten Sampang, Madura, pada Rabu (10/9/2025). Kegiatan ini berpusat di Kantor Dinas Kesehatan Kabupaten Sampang.
Kepala Dinas Kesehatan Kabupaten Sampang, dr Dwi Herlinda Lusi Harini, dalam sambutannya menegaskan pentingnya perhatian terhadap kondisi kesehatan masyarakat Sampang. “Banyak sekali penemuan penyakit di Sampang, hampir semua jenis penyakit ada. Oleh karena itu, wilayah ini perlu mendapat perhatian khusus dari pemerintah. Sebagaimana inisiatif Departemen Patologi Klinik FK UNAIR yang merupakan tetangga dekat dari Madura,” ujarnya.
Edukasi dan Implementasi
Fokus utama kegiatan adalah edukasi dan implementasi pemeriksaan TB–LAM Urine sebagai upaya deteksi dini dan pencegahan komplikasi tuberkulosis. Pemeriksaan ini menjadi strategi mahasiswa Program Pendidikan Dokter Spesialis (PPDS) Patologi Klinik dalam melakukan skrining TB aktif pada pasien HIV positif dengan memanfaatkan Tes Determine™ TB LAM Ag, yang mampu memberikan hasil hanya dalam hitungan menit melalui deteksi lipoarabinomannan (LAM) pada urine.
Sebanyak 20 masyarakat mengikuti pemeriksaan ini dengan memberikan sampel urine. Selain itu, mereka juga mendapatkan edukasi kesehatan yang disampaikan oleh dr Abdulloh Najich SpP dan Dr Yessy Puspitasari dr SpPK SubspGEH (K). Salah satu peserta, Supayah, mengungkapkan manfaat dari kegiatan ini.
“ Alhamdulillah , jadi bisa tahu seperti apa pengobatan HIV. bagaimana cara menghindari hal-hal yang memperparah penyakit, dan juga apa saja yang bisa menularkan agar tidak terjadi penularan,” tuturnya.
Selain untuk masyarakat, kegiatan pengabdian ini juga menyasar tenaga analis kesehatan di Kabupaten Sampang. Sebanyak 13 Analis Kesehatan dan 9 Penanggung Jawab HIV 9 menerima edukasi terkait penggunaan Tes Determine™ TB LAM Ag.
Antusiasme Peserta
Para peserta menyambut baik kegiatan ini dan mengaku sangat terbantu dengan pengetahuan yang diberikan. Erna Agustiningsih, Analis Kesehatan RSUD dr Mohammad Zyn Kabupaten Sampang, menyampaikan kesan positifnya.
“Materi  Departemen Patologi Klinik FK UNAIR – RSUD dr Soetomo sangat bermanfaat untuk pekerjaan kami. Di Sampang, pasien HIV cukup banyak, sehingga pemeriksaan TB LAM urine ini sangat membantu untuk skrining TB yang lebih cepat, mudah, dan terjangkau. Terutama karena banyak pasien HIV reaktif yang kesulitan mengeluarkan dahak untuk pemeriksaan TCM TB,” ungkapnya.
Hal serupa juga disampaikan oleh Ani Astuti, Analis Kesehatan dari Puskesmas Ketapang. “Bagi kami pelaksana laboratorium, metode ini sangat bermanfaat. Pengambilan sampelnya lebih mudah, hasil keluar lebih cepat, dan pasien merasa lebih nyaman karena hanya dengan urine. Pemeriksaan bisa dilakukan rutin untuk memantau kondisi pasien HIV,” jelasnya.
Dengan terselenggaranya kegiatan ini, Departemen Patologi Klinik FK UNAIR dan RSUD Dr Soetomo berharap dapat berkontribusi nyata dalam peningkatan kualitas layanan kesehatan di daerah dengan prevalensi penyakit tinggi, sekaligus mendukung upaya nasional dalam penanggulangan tuberkulosis di Indonesia.
Penulis: Nesye Erdy Saputri
Editor: Yulia Rohmawati",2025-09-12,2025,2:50 pm,Nesye Erdy Saputri,Yulia Rohmawati,"Berita, Berita, news-fk",https://unair.ac.id/fk-lakukan-tes-tb-lam-urine-bantu-skrining-pasien-hiv-sampang/
Langkah Konkret Wujudkan Green Library untuk Hadapi Perubahan Iklim,"UNAIR NEWS – Saat ini, isu lingkungan tengah menjadi sorotan global. Perpustakaan memegang pernanan penting dalam menghadapi isu lingkungan. Menanggapi hal tersebut, Himpunan Mahasiswa Ilmu Informasi dan Perpustakaan (IIP) Universitas Airlangga ( UNAIR ) kenalkan konsep green library melalui seminar yang berlangsung di Aula Soetandyo Fakultas Ilmu Sosial dan Ilmu Politik (FISIP) UNAIR pada Kamis (11/9/2025).
Hadir sebagai narasumber, Prof Dr Koko Srimulyo Drs M Si membawakan materi “Menuju Perpustakaan Hijau”. Mengawali bahasan, ia menjelaskan konsep triple disruption.
Sinergisme dalam Menghadapi Perubahan Iklim
“ Disruption ditandai dengan fenomena yang luar biasa tapi tidak pernah terjadi sebelumnya. Pertama, perubahan iklim. Kedua, revolusi industri 4.0, dan yang ketiga, Covid-19,” jelasnya.
Ia menjelaskan ketiga hal tersebut terjadi di waktu yang bersamaan, sehingga menyebabkan sulitnya menemukan solusi. “Perubahan iklim akan semakin parah ketika kita tidak bisa mengantisipasinya dengan baik. Perpustakaan menjadi salah satu bagian yang harus mengantisipasi itu,” tambahnya.
Green library adalah konsep perpustakaan ramah lingkungan yang hadir sebagai respons terhadap perubahan lingkungan akibat aktivitas manusia pada masa lalu. “Perubahan iklim itu yang paling berkontribusi adalah manusia, organisasi memberi sumbangan juga. Sekecil apa pun jika perpustakaan itu green berarti memberikan kontribusi terhadap kondusifitas perubahan iklim,” sambungnya.
Namun, lanjut Prof Koko, jika dalam penerapannya hanya satu pihak yang bergerak, maka tujuan tidak akan tercapai. Perlu sinergi dari berbagai pihak dalam mendukung langkah konkret dalam mengantisipasi perubahan iklim.
Kontekstualitas dalam Penerapan
Guru Besar Ilmu Manajemen Perpustakaan itu menjelaskan bahwa penerapan green library akan kontekstual dan dapat menyesuaikan. Jika terbatas pada suatu sumber daya, upaya lain bisa berfokus pada sumber daya manusia. Sebab, manusia merupakan subjek yang menginisiasi, melakukan implementasi, dan mengevaluasi dampak dari suatu kebijakan.
“Tidak apa-apa (sumber daya terbatas, red). Yang penting pemahaman dan kesadaran tentang lingkungan perlu dimiliki oleh pustakawan,” pungkasnya.
Prof Koko menambahkan pada akhir, International Federation of Library Associations and Institutions (IFLA) merekomendasikan prinsip-prinsip green library yang mengacu pada Sustainable Development Goals (SDGs). Penerapannya dapat disesuaikan dengan kemampuan sumber daya dan kebutuhan perpustakaan.
Penulis: Uswatun Khasanah
Editor: Yulia Rohmawati",2025-09-12,2025,2:19 pm,Uswatun Khasanah,Yulia Rohmawati,"Berita, Berita",https://unair.ac.id/langkah-konkret-wujudkan-green-library-untuk-hadapi-perubahan-iklim/
"Farrelindra Nadhif, Mahasiswa Teknik Industri UNAIR Raih Segudang Prestasi Kompetisi Bisnis","UNAIR NEWS – Mahasiswa Program Studi Teknik Industri Universitas Airlangga (UNAIR) angkatan 2024, Farrelindra Nadhif Islami Fizhar, berhasil meraih banyak prestasi di tingkat nasional maupun internasional. Sejak awal kuliah, ia aktif mengikuti business plan competition (BPC) dan business case competition (BCC). Hingga kini, lebih dari sepuluh penghargaan besar sudah berhasil ia dapatkan dari berbagai ajang bergengsi.
Motivasi dan Langkah Awal
Rasa khawatir akan masa depan menjadi alasan awal Farrelindra aktif mengikuti lomba. Menurutnya, hanya fokus pada akademik tidak cukup untuk menghadapi tantangan setelah lulus. “Saya mulai mengarahkan minat pada magang, lomba, dan organisasi sejak semester awal. Hanya itu langkah yang bisa saya ambil untuk menyiapkan diri,” ujarnya.
Selain itu, latar belakangnya sebagai anak olimpiade sejak SMA turut memperkuat ketertarikannya. Meski berasal dari jurusan teknik, ia mempelajari akuntansi dasar serta ekonomi mikro dan makro. Oleh karena itu, bekal tersebut membuatnya percaya diri mengikuti lomba equity research . Dari sanalah ia akhirnya serius menekuni kompetisi BPC dan BCC.
Strategi Pengalaman Berkesan
Agar bisa fokus penuh pada lomba, ia selalu memastikan tugas akademik terselesaikan lebih dahulu. Setelah itu, ia memperdalam bidang finance , operasional, dan isu global untuk menunjang analisis kasus. “Tim yang suportif itu penting. Perlombaan saya anggap ajang belajar, bukan sekadar mengejar prestasi semu,” katanya.
Pengalaman yang paling berkesan datang dari ajang BCC. Melalui kompetisi tersebut, ia dapat berinteraksi langsung dengan CEO maupun jajaran direksi perusahaan. Bahkan, ia pernah mendapat tawaran magang karena berhasil menjuarai sebuah kompetisi.
Tantangan dan Dukungan
Meskipun tidak jarang menghadapi kegagalan, Farrelindra menganggapnya sebagai bagian dari proses belajar. Tantangan seperti waktu yang terbatas, kendala sosial, atau kurangnya pengetahuan sering muncul. Namun, ia selalu menyalurkan semangat positif pada tim. “Saya sering bilang: Ini pasti bisa, ayo lakukan. Itu yang mengembalikan niat berkompetisi,” ungkapnya.
Dalam perlombaan, ia lebih sering bekerja bersama tim sahabat dekat. Biasanya ia bertugas di bagian finance dan operasional, meski kadang juga ikut mengerjakan aspek lain. Dukungan terbesar datang dari keluarga serta sahabat yang terus meyakinkan dan memberi semangat.
Deretan Prestasi
Sejumlah prestasi yang berhasil diraih antara lain Juara 1 Electrical Engineering Party with Impressive Celebration (Himpunan Mahasiswa Teknik Elektro), Juara 2 National Business Case Competition UKMKu Universitas Negeri Yogyakarta (UNY) yang diselenggarakan UKM Wirausaha UNY, serta Juara 2 Business Plan Competition STIE Surakarta yang diadakan Himpunan Pengusaha Muda Indonesia (HIPMI) Kota Surakarta sekaligus meraih predikat Best Mentor.
Selain itu, Farrelindra juga mencatat Juara 2 Esai Nasional FORMASI Universitas Tanjungpura (UNTAN) serta Juara 2 Business Plan Competition Young Generation Innovation (Universitas Slamet Riyadi Surakarta) . Ia pun berhasil menjadi Juara 3 International Business Case Competition Chemurgy Innovation Summit (Institut Teknologi Bandung/ITB) , meraih Best Paper Case Study Renewable Energy Innovation Festival (Universitas Brawijaya/UB) , serta masuk sebagai Best 3 Paper Finalist Business Case Competition Petroleum Integrated Days (Institut Teknologi Sepuluh Nopember/ITS) .
Menutup wawancara, ia berpesan agar mahasiswa UNAIR tidak takut mencoba maupun gagal. “Tujuan kita sama, yaitu menjadi lebih baik dari hari sebelumnya,” pungkasnya.
Penulis: Dara Devinta Faradhilla Editor: Ragil Kukuh Imanto",2025-09-12,2025,2:15 pm,Dara Devinta FaradhillaEditor: Ragil Kukuh Imanto,,"Berita, Berita",https://unair.ac.id/farrelindra-nadhif-mahasiswa-teknik-industri-unair-raih-segudang-prestasi-kompetisi-bisnis/
HIMA IIP Kenalkan Konsep Green Library pada SDM Perpustakaan Sekolah,"UNAIR NEWS – Himpunan Mahasiswa Ilmu Informasi dan Perpustakaan (IIP) Universitas Airlangga ( UNAIR ) gelar Library & Information Science National Seminar (LISTEN). Acara tersebut berlangsung pada Kamis (11/9/2025) di Aula Soetandyo Fakultas Ilmu Sosial dan Ilmu Politik (FISIP) UNAIR. Bertema G reen Vibes, Smart Libs: Green Library pada Sumber Daya Manusia di Perpustakaan Sekolah , acara tersebut mengundang mahasiswa dan perwakilan-perwakilan Sekolah Menengah Atas (SMA) sebagai upaya pengenalan dan penerapan green library di lingkungan sekolah .
Konsep Green Library
Kegiatan tersebut turut menghadirkan Guru Besar Ilmu Informasi dan Perpustakaan FISIP UNAIR, Prof Dr Rahma Sugihartati Dra M Si sebagai keynote speech . “Green library adalah konsep pengembangan perpustakaan yang berkaitan dengan isu lingkungan yang semakin urgent saat ini. Yang akhir-akhir ini masih diberitakan, baik di tingkat lokal maupun di tingkat global,” papar Prof Rahma mengawali.
Salah satu isu lingkungan adalah deforestasi, yakni penebangan atau penghilangan tutupan hutan secara permanen untuk diubah menjadi lahan lain, seperti peternakan atau pertambangan. “Deforestasi juga masif terjadi di Indonesia. Proses ini mengakibatkan hilangnya ekologis hutan secara permanen sehingga mengurangi daya serap zat karbon yang berkontribusi besar terhadap perubahan iklim dan masalah lingkungan lainnya,” jelasnya.
Green Campus sebagai upaya UNAIR
Ia memberikan contoh penerapan green library . Salah satu langkah yang UNAIR lakukan adalah meningkatkan intensitas penanaman pohon seperti pada bagian sekitar perpustakaan Kampus Dharmawangsa-B. “Itu adalah upaya untuk menjaga lingkungan, sehingga apa yang kita hirup mengandung banyak oksigen yang tanaman keluarkan. (Penanaman, red ) pohon-pohon di sini dalam rangka membangun green campus ,” tambahnya.
Upaya lain dalam pengurangan polusi udara nampak pada zona kampus yang melarang kendaraan melintas. Sedangkan solusi pengurangan polusi air tercermin pada penggunaan air limbah yang diolah untuk flush di setiap toilet.
Pentingnya Kesadaran Lingkungan
Selanjutnya, Ia menjelaskan isu lain yang memprihatinkan adalah meningkatnya volume sampah yang. “Pemisahan dan pengolahan sampah di Indonesia masih menjadi persoalan. Di negara lain seperti Jepang dan Jerman, pemisahan dan pengolahan sampah sudah dilakukan dari unit terkecil individu, keluarga, dan masyarakat,” tambahnya.
Menutup sesi, ia menjelaskan perlunya kesadaran lingkungan untuk menyiapkan bumi sebagai tempat yang layak bagi generasi mendatang. “Oleh karena itu, penting untuk menggugah kesadaran publik dan peran generasi muda melalui aksi nyata dan advokasi kebijakan selain pada mengharapkan komitmen pemerintah, lembaga, dan industri melalui inovasi dan partisipasi dalam berbagai program pelestarian lingkungan,” pungkasnya.
Penulis: Uswatun Khasanah
Editor: Yulia Rohmawati",2025-09-12,2025,1:58 pm,Uswatun Khasanah,Yulia Rohmawati,"Berita, Berita",https://unair.ac.id/hima-iip-kenalkan-konsep-green-library-pada-sdm-perpustakaan-sekolah/
Jejak Kepemimpinan Alumni UNAIR di Dunia Pendidikan Kedokteran Gigi,"UNAIR NEWS – Universitas Airlangga ( UNAIR ) tak pernah berhenti melahirkan alumni yang membanggakan. Sebanyak 17 alumni Fakultas Kedokteran Gigi ( FKG ) UNAIR menduduki posisi strategis, yaitu sebagai pimpinan atau dekan di 17 FKG yang ada di Indonesia, baik swasta maupun negeri. Di Jawa maupun di luar Jawa.
Direktur Direktorat Pengembangan Karir, Inkubasi Kewirausahaan, dan Alumni (DPKKA), Prof Dr Elly Munadziroh drg MS memberikan tanggapan terkait capaian tersebut. “Tentunya ini menjadi sesuatu yang menggembirakan bagi kami. Bahwa alumni UNAIR tidak hanya berkecimpung di dunia akademik, tapi juga sebagai pemimpin,” ujarnya.
Ditempa Sejak di Perkuliahan
Lebih lanjut, keberhasilan para alumni tersebut tidak dapat terlepas dari ilmu, nilai, dan pengalaman yang mereka peroleh sejak duduk di bangku perkuliahan. Sejak mahasiswa, mereka telah ditempa untuk tidak hanya mengambil pelajaran di kelas, tetapi juga di lingkup yang lebih luas.
“Mahasiswa tidak hanya kuliah di kelas, tetapi juga untuk berorganisasi, baik di dalam maupun di luar kampus. Adik-adik itu bebas berorganisasi, mengaktualisasikan dirinya, baik di l uar atau di dalam,” ungkapnya.
Prof Elly menambahkan bahwa dengan berorganisasi, mahasiswa dapat membentuk sikap kepemimpinan. “Harapannya, pembelajaran itu akan membentuk leadership ketika mereka lulus sehingga bisa menduduki di posisi yang di kepemimpinan,” ucap Prof Elly.
Pentingnya Relasi Alumni
Relasi antaralumni penting untuk mendapatkan kesempatan menduduki peran-peran strategis seperti dekan fakultas. Prof Elly mengungkapkan bahwa Ikatan Keluarga Alumni (IKA) FKG, baik dari UNAIR maupun dari wilayah lain, telah meningkatkan jumlah acara pertemuan-pertemuan dengan alumni. Baik melalui daring maupun luring, para alumni dapat menjalin relasi dan berinteraksi satu sama lain.
“Sejauh ini, salah satu yang kita tempuh adalah kuliah tamu dari alumni. Alhamdulillah jumlah kuliah tamu dengan alumni juga terus meningkat,” katanya.
Selain menjaga relasi antaralumni, mengoptimalkan database alumni juga menjadi salah satu strategi yang ditempuh DPKKA juga FKG khususnya. Dengan data yang lebih banyak, FKG dapat mengundang alumni-alumni itu untuk memberikan dampak dan sinergi yang dapat mereka bagikan, baik untuk mahasiswa maupun FKG itu sendiri.
Prof Elly berharap kepada pada alumni yang menjadi dekan itu untuk memberikan dampak yang nyata. “Jadi, semoga mereka bisa mencetak dokter gigi yang excellent with morality, sesuai dengan moto UNAIR,” imbuhnya.
Dari segi pengabdian masyarakat, Prof Elly juga berharap bahwa mereka dapat melakukan kegiatan-kegiatan yang dapat disinergikan kepada masyarakat bersama alumni lain maupun mitra-mitra. Melalui dampak tersebut, Prof Elly menyebutkan bahwa visi dan misi UNAIR dapat tersampaikan secara luas.
Pada akhir, Prof Elly memberikan harapan kepada para lulusan FKG agar dapat menduduki posisi strategis seperti dekan fakultas. “Marilah bersaing sehat dengan meningkatkan kompetensi yang bagus, punya daya saing untuk mereka nanti berkarir. Berjejaring erat dengan alumni juga nanti akan membuka peluang untuk berkarir sukses di masyarakat,” tegasnya.
Penulis: Ahza Riga Falimbani
Editor: Yulia Rohmawati",2025-09-12,2025,1:24 pm,Ahza Riga Falimbani,Yulia Rohmawati,"alumni, Berita, Berita, Kabar Alumni",https://unair.ac.id/jejak-kepemimpinan-alumni-unair-di-dunia-pendidikan-kedokteran-gigi/
UNAIR Dorong Kesetaraan Gender Melawan Stereotip terhadap Perempuan di Lingkungan POLRI,"UNAIR NEWS – Universitas Airlangga ( UNAIR ) melalui Sekolah Pascasarjana menggelar peluncuran buku Women in Law Enforcement: Mendobrak Gender Trap Polisi Wanita karya Irjen Pol (Purn) Dr Juansih Dra SH MHum, Kamis (11/9/2025). Acara yang berlangsung di Auditorium Ternate, Gedung ASSEC Tower Kampus DHARMAWANGSA-B UNAIR ini bertepatan dengan peringatan Hari Jadi Polisi Wanita (Polwan) ke-77 Republik Indonesia.
HUT Polwan dan Kesetaraan Gender di Lingkungan POLRI
Buku ini digagas oleh Center of Women Empowerment in Law Enforcement (CWLE) Pascasarjana UNAIR sebagai upaya mendukung pengarusutamaan gender di kepolisian. Isinya membahas pengalaman nyata sekaligus strategi praktis bagi polwan untuk mendobrak stereotip gender yang kerap membatasi ruang gerak mereka.
Rektor UNAIR, Prof Dr Muhammad Madyan SE MSi MFin, menegaskan bahwa keterwakilan perempuan dalam kepolisian masih perlu diperkuat. “Keterwakilan perempuan di Polri saat ini hanya sekitar enam persen. Buku ini menjadi panduan praktis sekaligus inspiratif bagi polwan untuk meraih kesetaraan yang lebih hakiki. Kehadirannya sangat relevan dengan misi UNAIR dalam mendukung pengarusutamaan gender,” ujarnya.
Sementara itu, Menteri Pemberdayaan Perempuan dan Perlindungan Anak, Dra Hj Arifatul Choiri Fauzi M Si, menyampaikan apresiasi atas inisiatif UNAIR. Menurutnya, kehadiran polwan bukan sekadar simbol, melainkan kebutuhan nyata bagi sistem hukum yang lebih berperspektif gender. “Polwan membawa sensitivitas dan empati yang berbeda, terutama dalam menangani kasus kekerasan terhadap perempuan dan anak. Tantangan terbesar ada pada mindset dan kesempatan. Buku ini menjadi cermin bahwa perjuangan kesetaraan gender di tubuh kepolisian adalah agenda penting bagi bangsa,” tegasnya.
Kontribusi untuk SDGs
Peluncuran buku ini juga sejalan dengan Sustainable Development Goals (SDGs). Terkhusus tujuan nomor 5 tentang kesetaraan gender dan tujuan nomor 16 tentang perdamaian, keadilan, dan institusi yang kuat.
UNAIR berharap melalui kehadiran karya ini, polisi wanita Indonesia semakin percaya diri menembus batas stereotip gender, meraih posisi strategis, serta menjadi inspirasi bagi generasi berikutnya.
Penulis: Samudra Luhur Pambudi
Editor: Ragil Kukuh Imanto",2025-09-12,2025,11:33 am,Samudra Luhur Pambudi,Ragil Kukuh Imanto,"Berita, Berita",https://unair.ac.id/unair-dorong-kesetaraan-gender-melawan-stereotip-terhadap-perempuan-di-lingkungan-polri/
Mahasiswa FTMM UNAIR Raih Kesempatan Magang Internasional Bersama NYCU Taiwan,"UNAIR NEWS – Faiq Varian Gamal Hasan, mahasiswa Fakultas Teknologi Maju dan Multidisiplin (FTMM) Universitas Airlangga (UNAIR) , berhasil meraih kesempatan magang di Applied Computing and Multimedia Lab, Department of Computer Science, National Yang Ming Chiao Tung University (NYCU) Taiwan.
Faiq tergabung dalam program Taiwan Experience Education Program (TEEP). Program ini mampu memfasilitasi mahasiswa untuk terlibat dalam kegiatan penelitian langsung bersama profesor terkemuka. Ia menjelaskan pengalaman ini tak hanya memperdalam kompetensinya dalam bidang robotika dan kecerdasan buatan, tapi juga membuka wawasan dan jejaring internasional.
“Saya cukup tertarik dan cukup excited juga dalam mengerjakannya karena pengalaman ini merupakan pengalaman yang belum pernah saya dapatkan sebelumnya. Karena seperti menggabungkan AI dan prosesnya untuk bisa dipakai sebagai bagaimana robot itu bisa bekerja sesuai dengan task yang ditentukan seperti itu,” jelasnya.
Fokus Implementasi
Proses perekrutan yang Faiq jalani harus melalui beberapa tahapan. Ia menyebutkan bahwa kemampuan komunikasi dan portofolio di bidang AI dan robotik menjadi salah satu faktor penentu ia mendapat kesempatan. “Saya cukup komunikatif dengan profesor sehingga profesor juga ingin melihat potensi saya untuk bisa magang di lab beliau seperti itu,” sebutnya.
Selama menjalani program, ia bertugas sebagai seorang research assistant. Tugas yang ia emban adalah berfokus pada proyek robotika melalui pendekatan SLAM ( Simultaneous Localization and Mapping). Ia juga turut berkontribusi dalam implementasi sistem menggunakan ROS ( Robot Operating System ) dan berkolaborasi dengan peneliti lain di lab.
“Implementasi pada ROS seperti membuat node-nodenya membuat bagian-bagian kecil proses dari robot itu sendiri. Bagian-bagian kecil ini yang selanjutnya akan digabungkan dengan proses yang lain. Hal ini agar robot tersebut bisa berjalan sebagaimana mestinya,” terangnya.
Peluang Kolaborasi
Ia berharap pengalaman yang telah ia dapat, bisa menjadi suatu bekal melanjutkan studi atau karir di tingkat global, khususnya terkait robotik dan AI. Ia juga melihat adanya potensi kolaborasi antara NYCU dan UNAIR kedepannya. Keduanya merupakan institusi yang memiliki bidang keahlian yang dapat saling melengkapi.
“Karena melalui program ini saya merasa terdapat banyak koneksi. Karena pada dasarnya NYCU bukan hanya kampus teknik, tapi kampus yang cukup diverse, cukup luas pembidangannya, terdapat kedokteran terdapat ilmu hukum juga. Jadi seperti sangat-sangat mungkin untuk melakukan kolaborasi antara NYCU dan UNAIR,” harapnya.
Bagi mahasiswa yang berminat mengikuti program serupa, ia menyarankan untuk mempersiapkan diri dengan baik. “Tipsnya, siapkan bahasa Inggris, basic knowledge , portofolio, dan jangan lupa eksplor program-program magang atau pertukaran pelajar. Tidak hanya ke Taiwan, tapi juga ke Singapura, Malaysia, Jepang, dan lainnya,” pungkasnya.
Penulis: Mohammad Adif Albarado
Editor: Ragil Kukuh Imanto",2025-09-12,2025,9:01 am,Mohammad Adif Albarado,Ragil Kukuh Imanto,"Berita, Berita",https://unair.ac.id/mahasiswa-ftmm-unair-raih-kesempatan-magang-internasional-bersama-nycu-taiwan/
AcSES FEB Ulas Tips Kembangkan Ide dalam Menyusun Karya Tulis Ilmiah,"UNAIR NEWS – Association of Sharia Economics Studies (AcSES) Fakultas Ekonomi dan Bisnis (FEB) Universitas Airlangga mengundang Royhan Saydi, founder ANSA Academy, sebagai pemateri dalam gelaran webinar Kelompok Belajar Karya Tulis Ilmiah (KBKTI) Eksternal pada Selasa (9/9/2025). Webinar yang terlaksana melalui Zoom Meeting ini mengupas strategi menyusun karya tulis ilmiah (KTI) yang memukau.
Tips Mengembangkan Ide
Royhan menekankan pentingnya proses brainstorming ide sebelum menulis. Menurutnya, penulis bisa menemukan isu dari permasalahan sekitar di kehidupan sehari-hari. Kemudian perdalam dengan data terpercaya seperti dari Badan Pusat Statistik (BPS) atau kementerian yang relevan.
“Penting juga untuk tahu urgensi. Kenapa masalah yang kalian temukan ini penting untuk diselesaikan? Kalau tidak, apa masalah lain yang bisa muncul? Lalu potensi penyelesaiannya bagaimana? Kasih novelty juga, kebaruan yang bikin ide ini berbeda dengan solusi-solusi serupa yang sudah ada,” jelasnya.
Jika hal-hal tersebut sudah jelas, pembuatan landasan KTI akan lebih kuat. Lalu, jika bahan untuk menulis bagian pendahuluan dan tinjauan pustaka sudah ada, penulis hanya perlu melengkapi dan mengelaborasi.
Tips Menyusun KTI
Setelah mengetahui ide dan gambaran besar KTI yang akan ditulis, perlu menjadi perhatian  juga struktur penulisannya. Kualitas KTI bergantung pada alur penulisan yang runtut. Abstrak harus memuat latar belakang, tujuan, metode, hasil, dan kesimpulan ringkas. Pendahuluan harus berisi data yang valid serta rumusan masalah yang kohesif, dan tinjauan pustaka harus berisi sumber terpercaya.
“Menurut saya, jiwa dari KTI itu, selain ide, adalah analisisnya. Makanya metode ini penting. Harus dilakukan dengan baik dan relevan dengan rumusan masalah. Metode yang digunakan juga harus dicari tahu mana yang paling pas. Kuantitatif, kualitatif, atau campuran,” ujarnya.
Ia menyarankan untuk menerapkan prinsip SMART (spesifik, terukur, dapat diterima, realistis, dan tepat waktu) agar karya tulis ilmiah yang dihasilkan benar-benar fokus dan bermanfaat. “KTI yang baik bukan hanya soal menulis. Tetapi bagaimana analisisnya bisa dipertanggungjawabkan,” tegasnya.
Penulis: Dinnaya Mahashofia
Editor: Yulia Rohmawati",2025-09-11,2025,9:57 am,Dinnaya Mahashofia,Yulia Rohmawati,"Berita, Berita",https://unair.ac.id/acses-feb-ulas-tips-kembangkan-ide-dalam-menyusun-karya-tulis-ilmiah/
BEM FEB UNAIR Gaungkan Isu Insecurity Lewat Pre-Event Social Action 2025,"UNAIR NEWS – Fenomena insecurity kini menjadi masalah serius yang banyak dialami remaja dan dewasa muda. Rasa tidak percaya diri ini dapat muncul karena tekanan sosial, standar kecantikan yang tidak realistis, hingga tuntutan akademik maupun pencapaian. Kehadiran media sosial juga semakin memperkuat perasaan membandingkan diri, membuat generasi muda sering merasa kurang dari orang lain.
Menanggapi kondisi tersebut, Badan Eksekutif Mahasiswa (BEM) Fakultas Ekonomi dan Bisnis (FEB) Universitas Airlangga ( UNAIR ) menggelar Pre-Event 1 Social Action 2025, pada Minggu (7/9/2025) di Car Free Day (CFD) Taman Bungkul, Surabaya. Kegiatan bertajuk “ Menyapa Diri” ini mengajak volunteer untuk memahami isu insecurity sekaligus menyebarkan pesan penerimaan diri kepada masyarakat.
Langkah BEM FEB UNAIR
Panitia menegaskan bahwa insecurity berdampak serius bagi anak muda. Tekanan sosial, komentar negatif, hingga pengalaman traumatis kerap mengikis rasa percaya diri dan, bila tidak mendapat penanganan, berpotensi menurunkan kualitas hidup serta memperlebar kesenjangan sosial.
“Melalui Social Action , kami ingin membangun kesadaran bahwa setiap individu layak dihargai tanpa harus terjebak dalam perbandingan. Inilah alasan mengapa isu ini penting untuk kami angkat,” ujar Tessa, ketua pelaksana.
Antusiasme Masyarakat
Masyarakat menyambut hangat kegiatan di CFD Taman Bungkul. Volunteer membagikan poster dan pamflet berisi ajakan untuk mencintai diri sendiri, bahkan mengajak pengunjung berdiskusi tentang pentingnya penerimaan diri.
Panitia mengungkapkan, momen paling berkesan adalah saat volunteer yang awalnya ragu akhirnya berani menyapa orang asing dan menyebarkan energi positif. Dukungan masyarakat membuat semangat mereka semakin menguat.
Penanggung jawab kegiatan berharap semangat itu berlanjut di luar acara. “Kami ingin relawan menjadi agen perubahan di lingkungannya masing-masing. Panitia berharap kegiatan ini menjadi langkah awal menuju masyarakat yang lebih inklusif, suportif, dan saling menghargai perbedaan,” ujarnya.
Penulis: Era Fazira
Editor: Ragil Kukuh Imanto",2025-09-11,2025,12:09 pm,Era Fazira,Ragil Kukuh Imanto,"Berita, Berita",https://unair.ac.id/bem-feb-unair-gaungkan-isu-insecurity-lewat-pre-event-social-action-2025/
Dosen FKM Edukasi Masyarakat tentang TB Lewat Permainan Monopoli Ular Tangga STBM,"UNAIR NEWS – Di tengah tantangan pencegahan penyakit menular, inovasi media pembelajaran berbasis permainan menjadi solusi kreatif untuk meningkatkan pemahaman masyarakat. Menyadari hal tersebut, Dosen Fakultas Kesehatan Masyarakat ( FKM ) Universitas Airlangga ( UNAIR ) bersama mahasiswa dan alumni peminatan Promosi Kesehatan dan Ilmu Perilaku (PKIP) melaksanakan kegiatan pengabdian masyarakat (pengmas) bertajuk TB Hunter STBM: Langkah Kecil Menuju Tubuh Bebas TB.
Kegiatan pengabdian masyarakat berlangsung pada (9/9/2025) hingga (11/9/2025). Dr Corie Indria Prasasti SKM MKes, selaku ketua pengmas menyebut bahwa kegiatan ini merupakan kolaborasi antara program Amerta Kasih dengan sejumlah dosen dari FKM UNAIR. “Kegiatan bermula dengan pemaparan mengenai pentingnya Sanitasi Total Berbasis Masyarakat (STBM) sebagai upaya pencegahan penyakit menular. Khususnya Tuberkulosis (TB). Setelah itu, kegiatan berlanjut dengan permainan TB Hunter STBM,” ungkapnya.
Sasaran Berbagai Usia
Sasaran kegiatan pengmas ini meliputi SDN 1 Sidoadi, Pondok Pesantren Al-Fitrah Kedinding, serta masyarakat Kelurahan Tambakrejo dan Simolawang. Tausyiah Rohmah Noviyanti SKM MKes selaku perwakilan tim PKIP menyebut edukasi tidak hanya sebatas memberikan penyuluhan akan tetapi juga bisa dengan memberikan permainan.
Ussy, sapaan akrabnya, menyampaikan bahwa permainan TB Hunter dibuat bersama tim PKIP dengan menyasar berbagai usia. “Permainan ini kami rancang sedemikian rupa dengan menggabungkan unsur edukasi dan permainan atau edutainment . Meskipun demikian, panitia tetap menyesuaikan tingkat kesulitan soal permainan dengan karakteristik peserta,” ungkapnya.
Ussy mengungkapkan bahwa permainan Monopoli Ular Tangga STBM berlangsung menggunakan papan berukuran 3 × 3 meter yang tercetak dalam banner besar. Ia menyebut,  papan terdiri atas 49 kotak (7 × 7 grid) dengan ukuran tiap kotak 40 × 40 cm. “Peserta berperan sebagai pion hidup yang bergerak mengikuti jalannya permainan. Dalam alurnya, peserta tidak hanya diminta melangkah maju. Tetapi juga menjawab pertanyaan, membedakan mitos dan fakta, serta mengenal lima pilar utama STBM,” jelasnya.
Harapan ke Depan
Ussy menegaskan bahwa media pembelajaran berbasis permainan tidak hanya berfungsi sebagai hiburan, melainkan juga sarana efektif untuk mendorong perubahan perilaku kesehatan masyarakat. Ia berharap kegiatan ini mampu menumbuhkan kesadaran, mengubah kebiasaan, serta menciptakan lingkungan yang bersih dan masyarakat yang lebih sehat bebas dari TB.
“Selain itu, kami juga berharap inovasi permainan edukatif seperti ini dapat direplikasi di wilayah lain. Sehingga manfaatnya bisa terasa lebih luas oleh masyarakat. STBM bukan hanya soal kebersihan lingkungan, tetapi juga perubahan perilaku yang konsisten. Melalui pendekatan kreatif seperti permainan ini, kami ingin pesan kesehatan lebih mudah dipahami dan diterapkan,” pungkasnya.
Penulis: Hana Mufidatuz Zuhrah
Editor: Yulia Rohmawati",2025-09-11,2025,10:05 am,Hana Mufidatuz Zuhrah,Yulia Rohmawati,"Berita, Berita, news-fkm",https://unair.ac.id/dosen-fkm-edukasi-masyarakat-tentang-tb-lewat-permainan-monopoli-ular-tangga-stbm/
Dekan FIB UNAIR Akhiri Masa Jabatan dengan Resmikan Ruang Baca Baru,"UNAIR NEWS – Dengan penuh syukur, Fakultas Ilmu Budaya (FIB) Universitas Airlangga (UNAIR) meresmikan Ruang Baca (RBC) yang telah mengalami renovasi besar secara menyeluruh. Peresmian yang berlangsung pada Selasa (9/9/2025) itu menjadi momen mengharukan tatkala bertepatan dengan akhir masa jabatan Dekan FIB, Prof Dr Purnawan Basundoro SS MHum.
Dalam sambutan terakhirnya sebagai seorang dekan, Prof Purnawan menyebutkan RBC yang baru telah bertransformasi menjadi tempat yang jauh lebih representatif dan nyaman bagi civitas akademika. Momen peresmian ini sebagai tanda komitmen kuat FIB dalam memberikan dukungan literasi dan kenyamanan proses pembelajaran.
“Hari ini adalah momen yang istimewa, saya memberi sambutan terakhir saya dan saya sengaja mengundang hadirin untuk mensyukuri karena RBC telah selesai renovasi. Alhamdulillah dari segi tampilan ini sangat luar biasa, jadi saya harap nanti dengan kondisi yang sudah berubah ini, maka pengunjung RBC kita semakin banyak,” jelasnya.
Jantung Pendidikan
Dalam kesempatan itu, ia menuturkan bahwa RBC baru memiliki kapasitas yang lebih besar, dan nantinya akan mampu menampung jumlah buku yang lebih banyak. Desainnya juga mendapat perhatian untuk menciptakan atmosfer yang nyaman dan kondusif bagi pengunjung. Dengan berbagai fasilitas yang ada, ia berharap mahasiswa betah untuk menghabiskan waktu dan belajar di ruangan tersebut.
“Ruang ini saya minta untuk menjadi ruang baca yang lebih representatif. Nantinya separuh ini (sisi timur) untuk buku dan bisa memuat 50 ribu buku dengan raknya dalam bentuk yang cukup tinggi. Kemudian sebelah sana (sisi barat) sudah ada berbagai fasilitas penunjang agar mahasiswa dan pengunjung nyaman,” tuturnya.
Ia juga menekankan filosofi bahwa perpustakaan adalah jantung dari organisasi pendidikan. Tanpa perpustakaan yang hidup dan terawat, maka proses pembelajaran bisa terhenti. “Saya mohon siapapun yang meneruskan saya menjadi dekan, hendaknya merawat jantung ini dengan sebaik-baiknya,” tegasnya.
Pidato Perpisahan
Momen peresmian ini sekaligus menjadi pidato perpisahan bagi Dekan yang sudah memimpin FIB lima tahun lamanya. Ia mengumumkan keputusannya untuk tidak melanjutkan periode kedua meski ada kesempatan. “Saya ingin FIB dipimpin oleh tenaga yang lebih update dan segar, yang memahami situasi terbaru dengan demikian kepemimpinan FIB bisa lebih baik,” sebutnya.
Sebagai penutup, ia mengungkapkan merasa terhormat dan bangga karena mendapat kepercayaan pemimpin. Ia berharap FIB UNAIR terus berkembang menjadi fakultas hebat dan unggul baik di kancah nasional maupun internasional.
“Lima tahun ini adalah puncak bagi saya menikmati sebuah pekerjaan. Saya merasakan teman-teman FIB mendukung program saya dengan baik. Saya akan tetap disini sebagai dosen dan akan terus bersama untuk mendorong FIB jadi fakultas yang excellent,” pungkasnya.
Penulis: Mohammad Adif Albarado
Editor: Ragil Kukuh Imanto",2025-09-10,2025,3:41 pm,Mohammad Adif Albarado,Ragil Kukuh Imanto,"Berita, Berita",https://unair.ac.id/dekan-fib-unair-akhiri-masa-jabatan-dengan-resmikan-ruang-baca-baru/
"Kuliah Tamu FEB UNAIR Hadirkan Akademisi Jepang, Bahas Pendidikan Vokasi","UNAIR NEWS – Sekolah Menengah Kejuruan (SMK) dipandang sebagai jembatan singkat menciptakan lulusan yang siap masuk dunia kerja. Namun, saat ini diketahui dalam praktiknya banyak muncul ketidaksesuaian antara bidang studi dan pekerjaan yang digeluti. Departemen Ilmu Ekonomi Fakultas Ekonomi dan Bisnis (FEB) Universitas Airlangga (UNAIR) menggali topik ini dalam kuliah tamu bertajuk Does Vocational Education Align with the Labor Market Needs? Evidence from Indonesia .
Kuliah tamu berlangsung pada Selasa (9/9/2025) secara luring di Aula Miendrowo, Gedung FEB Kampus Dharmawangsa-B dan menghadirkan Noa Yokogawa dari Graduate School of International Cooperation Studies, Kobe University . Dalam sesi kuliah tamu, Noa memaparkan risetnya dan menyoroti apakah pendidikan vokasi di Indonesia selaras dengan kebutuhan pasar tenaga kerja. Kemudian dan bagaimana hal tersebut mempengaruhi upah.
Fenomena Mismatch Antara Bidang Studi dan Pekerjaan Saat Ini
Pendidikan vokasi sangat penting di negara berkembang, karena dapat meningkatkan keterampilan tenaga kerja. Noa menjelaskan bahwa dengan semakin bertambahnya jumlah pelajar di sekolah vokasi akan muncul ketidaksesuaian (mismatch) yang terdiri atas dua kategori, yaitu tidak seimbangnya tingkat pendidikan seseorang dengan tingkat pendidikan yang dibutuhkan perusahaan (vertikal) dan bidang studi tidak sesuai dengan bidang pekerjaan (horizontal).
Pemerintah memandang pendidikan vokasi sebagai salah satu strategi mengurangi pengangguran. Sayangnya, banyak yang menganggap kuantitas lebih penting daripada kualitas lulusan SMK. Hal ini Noa ungkapkan, melalui penilaian kualitas dan efektivitas sistem pendidikan oleh World Bank.
“Menurut penilaian World Bank, skor pendidikan vokasi Indonesia hanya 1,8 dari skala 0–4, jauh dibawah Singapura (3,6) dan Korea (3,7). Data ini menunjukkan bahwa sistem pendidikan vokasi di Indonesia masih tertinggal dalam menyiapkan tenaga kerja sesuai kebutuhan pasar,” ungkap Noa.
Dampak Mismatch
Dalam pemaparannya, Noa menyampaikan hasil penelitian yang membahas horizontal mismatch dapat menurunkan upah pekerja sekitar 6%. Selain itu, bagi masyarakat dengan kategori overeducation dan horizontal mismatch dapat meningkatkan upah lebih tinggi daripada pekerja yang sesuai dengan bidang studinya.
Lanjutnya, berdasarkan gender kondisi ketidaksesuaian (mismatch) dapat menurunkan upah lebih besar, sekitar 5,9% sedangkan laki-laki hanya sekitar 5%. “Dampak mismatch berbeda antara laki-laki dan perempuan. Perempuan menghadapi keterbatasan akses ke pekerjaan bergaji tinggi, sehingga efek mismatch kurang terlihat, sementara laki-laki di bidang engineering dan manufacturing menghadapi penalti upah lebih besar karena keterampilan mereka sulit dialihkan,” jelas Noa.
Implikasi Kebijakan
Melalui sesi ini, Noa turut menyampaikan implikasi kebijakan yang perlu mendapat perhatian guna meningkatkan kualitas sekolah vokasi. Pertama, perlu peningkatan kemitraan antara sekolah dan industri guna membentuk kurikulum yang relevan dengan kebutuhan pasar kerja. Kedua, Noa juga memberikan contoh SMK-Pusat Keunggulan (PK) di Surabaya yaitu SMKN 2 Surabaya dengan fokus pengembangan kualitas dan relevansi lulusan. Terakhir, implementasi kurikulum ia anggap memberikan fleksibilitas, namun terdapat kendala kesenjangan infrastruktur dan kualitas guru.
Penulis: Kania Khansanadhifa Kallista
Editor: Ragil Kukuh Imanto",2025-09-10,2025,3:18 pm,Kania Khansanadhifa Kallista,Ragil Kukuh Imanto,"Berita, Berita",https://unair.ac.id/kuliah-tamu-feb-unair-hadirkan-akademisi-jepang-bahas-pendidikan-vokasi/
Mahasiswa FEB Raih Penghargaan Youth Ambassador Telkom Indonesia,"UNAIR NEWS – Mahasiswa program studi Ekonomi Islam, Fakultas Ekonomi dan Bisnis (FEB) Universitas Airlangga (UNAIR) kembali menorehkan prestasi gemilang. Muhammad Raisa Haqqiquddin R sukses menyabet gelar Youth Ambassador Telkom Indonesia. Ia mewakili UNAIR dalam program Digistar Club yang digagas oleh Telkom Indonesia.
Awalnya, Raisa menjadi peserta dari program Digistar Internship yang diselenggarakan oleh Telkom Indonesia. Dedikasi dan semangat yang tinggi membawanya meraih penghargaan sebagai Youth Ambassador. Penghargaan tersebut akan resmi ia peroleh pada Jumat (15/8/2025). Baginya, prestasi ini tak hanya menjadi pencapaian personal semata, tetapi juga turut membawa nama besar UNAIR di dunia korporat.
“Nantinya saya ingin membuktikan bahwa seorang akademisi pun bisa untuk berkarir di dunia bisnis dan korporat seperti BUMN,” ujar Raisa dengan rasa bangga. Sebagai representasi Youth Ambassador Telkom untuk mahasiswa UNAIR lainnya, Raisa mengemban kewajiban untuk memperkenalkan Digistar Club kepada teman-teman mahasiswa UNAIR lainnya.
Menjadi Role Model Telkom Indonesia
Lebih lanjut, Raisa menjelaskan mengenai proyek yang akan ia garap sebagai Youth Ambassador Telkom di UNAIR. Proyek tersebut akan ia pimpin dan akan mengintegrasikan empat pilar penting yakni B2B (Business-to-business), artificial intelligence , cyber security , dan cloud .
Tidak hanya itu, prestasi yang ia raih ini juga menjadi salah satu pencapaian berharga. Raisa berharap pencapaian ini bisa menjadi salah satu motivasi kepada mahasiswa UNAIR lainnya untuk berprestasi dan mulai merencanakan karir masa depan
Langkah Selanjutnya dan Kesan Mendalam
Menurutnya, prestasi sebagai Youth Ambassador Telkom Indonesia merupakan titik untuk menuju puncak karir yang akan ia wujudkan. Ia ingin berkarir di BUMN dan mengembangkan dua komponen penting yakni akademisi dan korporat. Raisa ingin dua komponen tersebut dapat berjalan beriringan.
Saat ini, Raisa juga sedang menempuh pendidikan S2 Sains Ekonomi Islam jalur fasttrack . Melalui hal itu, ia menyebutkan bahwa profesional dan tanggung jawab itu perlu. Raisa juga menitipkan pesan kepada teman-teman yang lain untuk jangan takut mencoba hal baru.
“Khususnya untuk mahasiswa S1, tetap semangat dalam setiap prosesnya. Jangan pernah takut gagal untuk mencoba hal baru karena kita tidak tahu peluang apa yang menanti di depan sana,” tuturnya.
Penulis: Marissa Farikha Siti Fatimatuzzahra
Editor: Yulia Rohmawati",2025-09-10,2025,2:50 pm,Marissa Farikha Siti Fatimatuzzahra,Yulia Rohmawati,"Berita, Berita, Mahasiswa, Prestasi",https://unair.ac.id/mahasiswa-feb-raih-penghargaan-youth-ambassador-telkom-indonesia/
Kuliah Tamu FEB Kupas Peran Akuntansi bagi Kondisi Keuangan Pemerintah,"UNAIR NEWS – Fakultas Ekonomi dan Bisnis (FEB) Universitas Airlangga (UNAIR) menggelar kuliah tamu bertajuk Sovereign Accounting Practices melalui Zoom Meeting pada Selasa (9/9/2025). Acara ini menghadirkan Dr Marion Boisseau-Sierra, asisten profesor akuntansi dari University of Cambridge, sebagai pemateri yang memaparkan isu akuntansi pemerintahan di kancah internasional.
Sovereign Accounting
Pada kuliah tamu tersebut, Marion menyebutkan bahwa istilah sovereign accounting bukanlah istilah umum. Profesi yang lebih dikenal sebagai akuntansi publik tersebut adalah praktik akuntansi pemerintahan. Baik pemerintahan pusat maupun pemerintahan daerah.
“Sebenarnya menurut saya, istilah sovereign accounting lebih mewakili tupoksi kerjanya daripada akuntansi publik. Tugas mereka adalah menyusun dan mempelajari laporan keuangan negara lalu melaporkannya kepada IMF atau OECD. Tapi sampai saat ini saja hanya ada lima belas negara yang sudah melaporkan balance shee t mereka, sisanya tidak,” ujarnya.
Penyebaran Utang Negara
Selain menyinggung soal sovereign accounting , Marion juga memaparkan tentang debt dispersion , selaras denngan topik kuliah tamu. Debt dispersion adalah istilah yang menggambarkan fragmentasi kepemilikan utang negara di antara berbagai kreditor. Penyebarannya akan tinggi jika utang pemerintah tersebar ke banyak pemberi pinjaman.
“Aturan utang adalah salah satu faktor yang memengaruhi debt dispersion . Karena riset saya fokus pada Amerika Serikat dan Kanada, saya bisa mengatakan kalau kewajiban bersyarat sudah diterapkan dalam penilaian aturan utang oleh Canada Revenue Agency (CRA),” tambahnya.
Marion menekankan bahwa penyebaran utang dapat meningkatkan risiko ratings disagreement antarlembaga pemeringkat, probabilitas terjadinya penurunan atau kenaikan peringkat utang, serta pengaruh langsung terhadap tingkat yield obligasi negara. Kondisi ini menunjukkan peran sovereign accounting dalam tubuh pemerintahan negara sangat penting untuk menjaga kondisi fiskal.
“Sayangnya, masih sedikit penelitian dalam literatur yang membahas isu sovereign accounting . Karena itu, saya berharap lebih banyak akademisi terdorong dan tertarik pada topik ini. Supaya dapat terlaksana keseragaman standar akuntansi internasional untuk informasi keuangan fiskal,” tegasnya.
Penulis: Dinnaya Mahashofia
Editor: Yulia Rohmawati",2025-09-10,2025,12:25 pm,Dinnaya Mahashofia,Yulia Rohmawati,"Berita, Berita",https://unair.ac.id/kuliah-tamu-feb-kupas-peran-akuntansi-bagi-kondisi-keuangan-pemerintah/
Inovasi Mahasiswa UNAIR Hadirkan Deteksi Cepat E. coli Berbasis Sensor Nanokomposit Terintegrasi IoT,"UNAIR NEWS – Mahasiswa Universitas Airlangga ( UNAIR ) kembali mencatatkan inovasi membanggakan dengan menghadirkan COLSENSE. COLSENSE merupakan sebuah sistem deteksi cepat bakteri Escherichia coli ( E. coli ) berbasis sensor nanokomposit terintegrasi Internet of Things (IoT). Inovasi ini lahir dari kolaborasi lintas program studi Teknik Biomedis, Rekayasa Nanoteknologi, Matematika, dan Sistem Informasi. Inovasi tersebut mendapatkan dukungan pendanaan dari SDGs Center UNAIR.
Tim COLSENSE beranggotakan Mochammad Ivan Abdillah Putra Ginka, Angelita Wijaya Gunawan, Annisa Choirun Nadzifah, Paskah Verjinia Panjaita, Raesutha Arya Cakrashena. Dengan dosen pengampu Prof Dr Prihartini Widiyanti drg MKes SBio CCD.
Deteksi Kontamisasi E. coli
COLSENSE dirancang untuk mendeteksi kontaminasi E. coli pada air dengan lebih cepat, praktis, dan efisien. Menggunakan sensor nanokomposit berbasis Zinc Oxide (ZnO) dan Polyvinyl Alcohol (PVA), alat ini berpadu dengan perangkat IoT dan potensiostat mini yang dikembangkan melalui Arduino IDE. Data hasil pengukuran dapat dipantau secara real-time melalui platform digital Thinger.io.
Berbeda dengan metode konvensional seperti tabung ganda (MPN) dan membran filter yang membutuhkan waktu lama dan biaya tinggi. COLSENSE mampu memberikan hasil dalam waktu kurang dari lima jam. Keunggulan ini menjadikan COLSENSE sebagai solusi portabel dan terjangkau untuk pemantauan kualitas air, sekaligus mendukung upaya pencegahan penyakit berbasis air.
Pendanaan dari SDGs Center UNAIR memperkuat komitmen tim dalam mendukung pilar SDGs. Yakni SDG 6 (Air Bersih dan Sanitasi) dan SDG 3 (Kesehatan yang Baik dan Kesejahteraan), dengan menyediakan air bersih yang aman dengan fokus pada deteksi cepat kontaminasi bakteri E. coli .
“Inovasi ini kami tujukan untuk membantu masyarakat memperoleh informasi cepat mengenai kualitas air di sekitarnya. COLSENSE harapannya bisa menjadi solusi portabel dan terjangkau yang mendukung upaya pencegahan penyakit berbasis air,” ungkap perwakilan tim, Annisa Choirun Nadzifah.
Uji Lapangan
Ke depan, tim berencana melakukan pengujian lapangan dalam skala lebih besar. Termasuk implementasi di Laboratorium Kesehatan Daerah (Labkesda) sebagai mitra uji coba. Selain itu, pengembangan antarmuka ramah pengguna juga akan memudahkan akses masyarakat. Tim juga tengah menjajaki kolaborasi dengan pemerintah dan sektor swasta. Sehingga, inovasi ini dapat segera terimplementasi secara luas.
Dengan hadirnya COLSENSE, mahasiswa UNAIR menunjukkan kontribusi nyata dalam menjawab tantangan kesehatan. Sekaligus mempertegas peran perguruan tinggi sebagai kontributor penting dalam upaya penyediaan air bersih yang aman bagi masyarakat.
Penulis: Tim COLSENSE
Editor: Yulia Rohmawati",2025-09-10,2025,9:31 am,Tim COLSENSE,Yulia Rohmawati,"Berita, Berita, SDGs",https://unair.ac.id/inovasi-mahasiswa-unair-hadirkan-deteksi-cepat-e-coli-berbasis-sensor-nanokomposit-terintegrasi-iot/
Garuda Sakti UNAIR Dorong Inovasi Digital Melalui Sosialisasi GEMASTIK dan LIDM,"UNAIR NEWS – Unit Kegiatan Mahasiswa (UKM) Garuda Sakti UNAIR menggelar sosialisasi GEMASTIK dan LIDM, pada Minggu (7/9/2025) secara daring melalui zoom. Acara ini bertujuan untuk memperkenalkan cabang lomba, bentuk ide, inovasi, dan keterampilan digital.
Pengenalan GEMASTIK
Sosialisasi ini menyasar kepada mahasiswa baru UNAIR yang sedang menjalankan Magang UKM Garuda Sakti. Mahasiswa baru nantinya akan mendapat stimulasi untuk senantiasa berinovasi pada bidang teknologi, informasi, dan komunikasi
Nashwa Carista selaku pemateri GEMASTIK dari Garuda Sakti UNAIR menekankan pentingnya memiliki keterampilan teknis ( hardskill ) dalam mengikuti kompetisi GEMASTIK. Ia juga menjelaskan macam-macam lomba GEMASTIK yang berjumlah 11 cabang lomba.
“Keamanan data individu sangat penting, dan rentan untuk disalahgunakan. Maka dari itu, kita sebagai generasi muda yang melek teknologi minimal harus memahami dasar-dasar siber,” tegasnya. Nashwa juga menekankan pentingnya belajar teknologi untuk tujuan positif, seperti menciptakan permainan edukatif, aplikasi pendidikan, dan teknologi smart city .
Ia menambahkan, UKM Garuda Sakti UNAIR akan memberikan sosialisasi, monitoring, dan penjaringan ide untuk menyeleksi tim terbaik. “Setiap cabang lomba akan diwakili maksimal sepuluh tim, dan jika kuota melebihi sepuluh orang akan dilakukan seleksi internal,” jelasnya.
Gali Potensi melalui LIDM
Sesi berikutnya menghadirkan Inas Nilasari yang memaparkan Lomba Inovasi Digital Mahasiswa (LIDM). Menurutnya, kompetisi ini mendorong mahasiswa menghasilkan inovasi digital, baik berupa aplikasi, platform, maupun perangkat lunak. “LIDM tidak hanya ditujukan untuk mahasiswa yang paham teknologi, tetapi juga membuka ruang bagi mahasiswa untuk berkolaborasi lintas program studi,” ujarnya.
Selanjutnya, Ines menjelaskan masing-masing cabang lomba LIDM yang terdiri dari inovasi teknologi digital, inovasi pembelajaran digital, video digital pendidikan, poster digital pendidikan, serta microteaching digital . Setiap cabang lomba, menuntut inovasi sekaligus kreatifitas mahasiswa dalam mengintegrasikan teknologi dengan proses pembelajaran.
“Pada tahun sebelumnya, tim UNAIR berhasil menjadi finalis pada cabang video digital pendidikan dengan karya yang dipublikasikan melalui kanal YouTube,” ujarnya.
Ia menambahkan bahwa seleksi internal LIDM UNAIR berada di bawah koordinasi Direktorat Kemahasiswaan UNAIR. Mekanisme LIDM terdiri dari tiga tahap, yaitu seleksi internal, seleksi nasional, dan final nasional yang nantinya akan Puspresnas umumkan.
“Peserta yang lolos seleksi internal akan memperoleh bimbingan bertahap oleh Direktorat Kemahasiswaan langsung hingga menuju babak final nasional,” tegasnya.
Melalui sosialisasi GEMASTIK dan LIDM 2025, UKM Garuda Sakti UNAIR berkomitmen untuk membantu mengembangkan potensi mahasiswa di bidang teknologi informasi dan komunikasi. Melalui sosialisasi ini, UKM Garuda Sakti UNAIR berharap mahasiswa dapat melek teknologi dan mengembangkan potensinya sehingga bermanfaat untuk masyarakat dan bangsa.
Penulis: Muhammad Nabil Fawaid
Editor: Ragil Kukuh Imanto",2025-09-10,2025,9:08 am,Muhammad Nabil Fawaid,Ragil Kukuh Imanto,"Berita, Berita",https://unair.ac.id/garuda-sakti-unair-dorong-inovasi-digital-melalui-sosialisasi-gemastik-dan-lidm/
"Raih Beasiswa Utama LPS, Mahasiswa UNAIR Bagikan Strategi Sukses","Universitas Airlangga (UNAIR) kembali menghadirkan ruang berbagi inspirasi melalui kegiatan Tips and Trick Lolos Beasiswa LPS pada Jumat (5/9/2025). Kegiatan tersebut menghadirkan tiga awardee Beasiswa Utama Lembaga Penjamin Simpanan (LPS) UNAIR, yakni Awwaluna Ghozia, Jesya Aprilina, dan Noka Al Jazara.
Dalam kesempatan tersebut, para awardee menekankan pentingnya memahami peran Lembaga Penjamin Simpanan (LPS) sebelum mendaftar. Menurut mereka, calon penerima beasiswa sebaiknya mengenal sejarah, latar belakang, serta fungsi LPS sebagai lembaga independen yang menjamin simpanan nasabah perbankan di Indonesia. Dengan pemahaman itu, pelamar dapat menyusun motivasi yang relevan dengan visi dan misi LPS.
Mengenal BULPS
Jesya Aprilina menjelaskan, Beasiswa Utama LPS tidak sekadar memberikan bantuan biaya pendidikan, tetapi juga mendorong penerimanya berkontribusi pada literasi keuangan masyarakat. Beasiswa ini hadir sebagai bentuk kepedulian LPS terhadap generasi muda. Lebih lanjut, agar mahasiswa tidak hanya unggul secara akademik, tetapi juga mampu menjadi agen perubahan di lingkungannya.
“Kontribusi yang bisa kita lakukan misalnya melalui edukasi menabung di bank dengan prinsip 3T: Tepat bank, Tepat produk, dan Tepat cara,” ungkap Jesya.
Benefit Awardee
Lebih lanjut, Noka Al Jazara menyampaikan bahwa beasiswa LPS tidak hanya memberikan bantuan finansial. Para penerima juga akan memperoleh pembekalan materi, mentoring, dan pelatihan sejak tahap awal program. “Penerima beasiswa akan diundang ke Jakarta untuk pengesahan sekaligus pembekalan materi terkait LPS,” jelasnya.
Ia menambahkan, beasiswa ini juga memberikan ruang jejaring yang luas. “Dengan berkumpul bersama mahasiswa lintas jurusan maupun universitas, kita dapat memperluas relasi. Kesempatan itu bahkan terbuka dengan profesional LPS yang bermanfaat untuk jenjang karier ke depan,” tutur Noka.
Tips Lolos Seleksi
Di sesi penutup, Awwaluna Ghozia memaparkan sejumlah kiat menghadapi proses seleksi. Ia menjelaskan, program ini terbagi menjadi dua kategori, kategori prestasi, dengan syarat IPK dan TOEFL lebih tinggi, serta Tidak Mampu, yang mewajibkan tambahan dokumen SKTM.
Ia menekankan pentingnya motivation letter yang ditulis jujur dan maksimal karena menjadi salah satu penentu utama kelolosan. “ Motivation letter adalah kesempatan untuk menunjukkan potensi dan motivasi,” ujarnya. Awwaluna juga menekankan pentingnya mempersiapkan diri menghadapi wawancara, mulai dari memahami nilai-nilai LPS, membangun rasa percaya diri, hingga menunjukkan karakteristik diri secara apa adanya.
Penulis: Era Fazira
Editor: Ragil Kukuh Imanto",2025-09-10,2025,4:31 pm,Era Fazira,Ragil Kukuh Imanto,"Berita, Berita",https://unair.ac.id/mahasiswa-unair-ungkap-strategi-raih-beasiswa-utama-lps/
Mahasiswa UNAIR Atasi Masalah Sampah Jadi Swasembada Pangan,"UNAIR NEWS – Memanfaatkan hasil samping UMKM untuk swasembada pangan, tim UNAIR berhasil raih best presentation dalam perlombaan Esai Student Food Creativity Competition 2025. Perlombaan itu terselenggara di Universitas Sebelas Maret (UNS) pada Rabu (3/9/2025).
Tim tersebut terdiri dari tiga mahasiswa Universitas Airlangga (UNAIR) yakni Mutiara Putih Gading ( FISIP ), Bindari Zyabillea Ligayufa ( FKH ), dan Ema Salsabilla Arinda (FISIP). Tim tersebut berhasil pukau juri dengan inovasi yang mereka bawakan.
Mutiara mewakili timnya menjelaskan inovasi yang mereka bawakan adalah aplikasi bernama SisaJadi; Sisa Pangan Jadi Inovasi. “Aplikasi SisaJadi merupakan aplikasi yang memungkinkan pengguna untuk menjual atau mengolah limbahnya secara mandiri,” tuturnya.
Berangkat dari Permasalahan
Mutiara mewakili tim yang mengatakan bahwa timnya menyoroti data dari Kementerian Lingkungan Hidup dan Kehutanan (KLHK) yang mendapati bahwa 41 persen sampah di Indonesia merupakan sisa makanan. “Selain data KLKH kami mendapati bahwa Indonesia juga merupakan penghasil sampah makanan terbanyak di Asia Tenggara,” ungkapnya.
Hal tersebut memicu sebuah ide untuk Mutiara dan timnya, apalagi Indonesia banyak memiliki UMKM yang menunjukkan potensi optimalisasi pangan. Berlatar belakang kondisi tersebut, mereka mengeluarkan inovasi yang bisa menjembatani pengelolaan sisa sampah dan kembali dalam produk yang bisa dimanfaatkan.
Fitur SisaJadi
Miliki tiga tujuan utama yakni mengurangi food loss , memberdayakan UMKM lokal dan juga mendorong swasembada pangan. Aplikasi ini membantu UMKM dengan berbagai fitur, yakni halaman menu, scan sisa, pasar sisa, dan kreasi sisa.
Pada fitur halaman menu, fitur ini bisa melihat berapa banyak limbah yang sudah pengguna olah dan dampaknya terhadap lingkungan. Selain itu aplikasi ini bisa melihat berapa banyak jumlah emisi yang berkurang pada setiap pemrosesan limbah samping UMKM.
Lebih lanjut, Mutiara menjelaskan mengenai fitur scan sisa yang dapat memindai hasil limbah sisa samping pangan. “Limbah yang dipindai bisa diidentifikasi merupakan limbah apa dan diarahkan untuk ke pasar sisa atau kreasi sisa,” jelasnya.
Limbah yang diarahkan ke pasar sisa bisa direkomendasikan untuk dijual ke berbagai mitra. Hal ini karena aplikasi tersebut mewadahi jual beli limbah atau produk dari limbah tersebut. Selain mendukung lingkungan, fitur ini juga memajukan ekonomi UMKM lokal.
Sementara itu, pada fitur kreasi sisa terdapat berbagai panduan pengelolaan limbah yang telah disesuaikan dengan limbah yang dipindai. Sehingga memungkinkan pengguna untuk mengolah limbahnya secara mandiri dengan bantuan tutor video yang tersedia.
Penulis: Rizma Elyza
Editor: Yulia Rohmawati",2025-09-09,2025,9:59 am,Rizma Elyza,Yulia Rohmawati,"Berita, Berita, Prestasi",https://unair.ac.id/mahasiswa-unair-atasi-masalah-sampah-jadi-swasembada-pangan/
BEM Farmasi UNAIR Gelar Pelatihan Esai Ilmiah untuk Mahasiswa,"UNAIR NEWS – Badan Eksekutif Mahasiswa (BEM) Fakultas Farmasi Universitas Airlangga kembali menyelenggarakan Pelatihan Esai Edisi #2 sebagai bagian dari rangkaian kegiatan FOSIL 2025 pada Sabtu (06/09/2025).
Mengusung tema “From Idea to Essay: Elaboration of Mind’s Power”, kegiatan ini bertujuan untuk meningkatkan kemampuan mahasiswa dalam menulis esai ilmiah yang runtut, kritis, dan berbobot.
Pelatihan ini menghadirkan narasumber inspiratif, Miftakhu Rahma, mahasiswa Farmasi angkatan 2023. Mifta, sapaan akrabnya, merupakan peraih Juara 3 Lomba Scientific Essay ‘Polymer’ serta Juara 3 Lomba Esai Ilmiah FMIPA NAC Universitas Udayana.
Konsep ‘Segitiga Terbalik’ pada Esai
Dalam sesi pemaparan materi, Mifta memperkenalkan konsep ‘segitiga terbalik’ sebagai pendekatan dalam menyusun esai ilmiah yang efektif.
“Menulis esai itu digambarkan seperti segitiga terbalik. Semakin ke bawah, pembahasannya semakin spesifik. Kita mulai dari latar belakang secara umum, kemudian mengerucut ke permasalahan khusus, dan diakhiri dengan solusi yang ditawarkan,” jelas Mifta.
Peserta berkesempatan untuk langsung mencoba menuangkan ide-ide mereka menggunakan metode yang telah mereka terima. Kegiatan berlangsung secara interaktif dengan antusiasme tinggi dari para peserta yang aktif berdiskusi dan bertanya.
Bedah Struktur Esai Juara
Tak hanya menyampaikan teori, Mifta juga membedah salah satu esai yang pernah membawanya meraih juara. Ia memaparkan beberapa tips krusial yang harus menjadi perhatian dalam struktur penulisan.
Mulai dari pendahuluan, yang tersusun dalam beberapa kalimat pendek untuk membangun pemahaman bertahap. Kemudian isi, yang menekankan pentingnya visualisasi sebagai bukti keaslian dan kekuatan argumen dalam esai. Lalu penutup, yang hanya terdiri dari satu paragraf namun mampu meyakinkan dewan juri mengenai gagasan ide, dan dapat mengimplementasikannya dalam jangka panjang.
Selain membagikan teknik penulisan, Mifta juga berbagi pengalaman pribadi dalam mengikuti kompetisi esai, termasuk berbagai tantangan dan kekecewaan yang pernah dia alami.
“Penilaian esai itu kadang juga tergantung mood juri. Pernah aku sudah pede banget sama esai yang aku buat, tapi ternyata nggak masuk juara. Padahal dibandingkan esai yang menang, aku merasa milikku lebih kuat,” ungkapnya.
Di akhir sesi, Mifta menekankan bahwa inovasi ide yang bersifat pembaruan menjadi kunci penting dalam menarik perhatian juri.
“Kalau bisa, kasih dua poin pembaruan yang jelas dalam esai. Jangan cuma ganti topik tanpa menawarkan hal baru,” ujarnya sambil membagikan beberapa tips praktis kepada peserta.
Penulis: Saffana Raisa Rahmania
Editor: Ragil Kukuh Imanto",2025-09-09,2025,8:38 am,Saffana Raisa Rahmania,Ragil Kukuh Imanto,"Berita, Berita",https://unair.ac.id/bem-farmasi-unair-gelar-pelatihan-esai-ilmiah-untuk-mahasiswa/
IMAKAHI Gandeng JAAN Domestic Soroti Isu Kesejahteraan Kuda Pekerja,"UNAIR NEWS – Ikatan Mahasiswa Kedokteran Hewan ( IMAKAHI ) Universitas Airlangga ( UNAIR ) bersama Airlangga Equine Club adakan Kajian Istimewa Nasional (Kajisnas) x Hearing Opinions On Vital Equine Safety (Hooves) 2025. Acara tersebut berlangsung pada Minggu (7/9/2025) secara daring melalui Zoom Meeting. Mengangkat tema Aid for Carriage Horse Indonesia, kegiatan tersebut menghadirkan Karin Franken, founder sekaligus chief executive officer Jakarta Animal Aid Network (JAAN) Domestic Indonesia.
Program Kuda Pekerja sebagai Respons
JAAN merupakan organisasi nonprofit yang bertujuan meningkatkan kesejahteraan hewan di seluruh pelosok Indonesia. Karin menuturkan, selama ini JAAN mendapat banyak laporan tentang kondisi kuda yang kurang terurus. kondisi tersebut menjadi latar belakang terbentuknya program Peduli Kuda Pekerja.
“Pada 2009, masalahnya benar-benar parah. Jadi belum pernah tersentuh sama animal welfare activist. Jadi kuda-kuda ini sangat menderita, tidak ada pengetahuan (pemilik kuda, red ) sama sekali tentang kesejahteraan kuda,” jelas Karin.
Pada 2011, JAAN mendirikan pusat yang menyediakan fasilitas untuk kuda disertai pelatihan dan edukasi kepada pemilik delman. Namun, pusat tersebut tutup pada 2015 karena ketidaktaatan para pemilik delman dalam mematuhi regulasi yang ditetapkan.
Edukasi sebagai Langkah utama
Lebih lanjut, Karin melihat penyebab masalah kuda pekerja saat ini multilayer . Salah satunya karena pemilik kuda yang tertutup, putus asa, bahkan tidak mengizinkan untuk dibantu. Namun JAAN terus berusaha melalui berbagai pendekatan, sehingga berhasil dalam menjalin hubungan baik. Program utama yang Karin gagas menitikberatkan pada edukasi. “Edukasi sangat penting, karena tanpa edukasi tidak akan ada perubahan,” jelasnya.
Di lapangan, ia menemukan banyak pemilik kuda yang berlaku keras kepada kudanya agar tunduk, padahal justru berbahaya. “Itu menjadi priority untuk edukasi bahwa untuk kontrol kuda bukan seperti itu. Karena banyak sekali abuse yang terjadi di komunitas delman karena ketidaktahuan how to handle -nya,” tuturnya.
Karin melihat ketidakpastian dan sedikitnya pemasukan dari pekerjaan ini sulit untuk menghantarkan pada kesejahteraan. Sehingga melalui JAAN, banyak diskusi sekaligus penyampaian edukasi mengenai transisi pekerjaan dari penarik delman ke profesi lain.
Komitmen dalam Berdampak
JAAN memulai program percontohan untuk mendaftarkan semua pemilik kuda dan memberi kartu identitas serta buku kesehatan untuk kuda, dilanjutkan membuat MoU dengan Dinas KPKP Provinsi DKI Jakarta untuk memperluas program di seluruh Jakarta.
Pada 2020-2023, JAAN telah merawat 2477 kuda yang disertai dengan vaksinasi tetanus dan pemberian obat cacing. Sebanyak 927 pemilik dan pengemudi kuda menerima bantuan sembako, khususnya di masa Covid-19.
JAAN gencar berikan vaksinasi tetanus di seluruh kuda di DKI Jakarta. “Tahun ini tahun ketiga, thank god tidak ada lagi kuda yang meninggal karena tetanus. Sebelum kita mulai vaksinasi ini dulu sering sekali (terjadi, red), setiap bulan pasti ada aja kuda yang kena tetanus,” paparnya.
Penulis: Uswatun Khasanah
Editor: Yulia Rohmawati",2025-09-09,2025,9:04 am,Uswatun Khasanah,Yulia Rohmawati,"Berita, Berita",https://unair.ac.id/imakahi-gandeng-jaan-domestic-soroti-isu-kesejahteraan-kuda-pekerja/
Regulasi sebagai Alat Perlindungan Kesejahteraan Kuda Pekerja,"UNAIR NEWS – Saat ini, isu kesejahteraan kuda pekerja masih harus berhadapan dengan banyak tantangan. Padahal, kuda menjadi salah satu hewan yang memiliki banyak peran dalam membantu manusia. Merespons hal itu, Ikatan Mahasiswa Kedokteran Hewan ( IMAKAHI ) Universitas Airlangga ( UNAIR ) bersama Airlangga Equine Club adakan Kajian Istimewa Nasional (Kajisnas) x Hearing Opinions On Vital Equine Safety (Hooves) 2025.
Kegiatan tersebut menghadirkan Katimker Advokasi Kesejahteraan Hewan Kementerian Pertanian RI, drh Puguh Wahyudi MSi. Ia menuturkan, meskipun masih berhadapan dengan berbagai tantangan, tetapi pelarangan penggunaan kuda pekerja belum memungkinkan diterapkan.
Kesejahteraan Kuda Pekerja jadi Perhatian
Menurut drh Puguh, perlu adanya regulasi sosial yang mengatur problem tersebut.  “Saat ini kami berharap generasi penerus mengetahui bagaimana kuda bisa dimanfaatkan dan dipenuhi kesejahteraannya,” jelasnya dalam kegiatan tersebut, Minggu (7/9/2025) secara daring.
Praktik kesejahteraan kuda bekerja harus berdasarkan pada lima prinsip kebebasan hewan. Antara lain bebas dari rasa lapar dan haus, rasa tidak nyaman, rasa sakit, luka dan penyakit, rasa takut dan stres, serta bebas untuk mengekspresikan perilaku alamiah.
Beban Kerja Kuda
Selanjutnya, ia menjelaskan kemampuan kerja kuda tergantung pada beberapa faktor, seperti umur, ras, dan kondisi tubuh. Kuda dengan kondisi fisik rentan tidak boleh dipekerjakan. Menimbang besarnya risiko yang mungkin timbul akan bertentangan dengan prinsip kesejahteraan hewan. “Bahkan jika kuda hanya mampu (bekerja, red ) tiga jam, istirahatkan, jangan dipaksakan,” tegasnya.
Besaran kuda hingga cara mengaitkan beban pada kuda perlu menjadi perhatian. Seperti posisi bagian tubuh yang ideal dan perbandingan ukuran kuda dengan beban angkut agar kuda tidak terbebani.
Ketentuan Regulasi dan Sanksi
Di akhir sesi, drh Puguh memaparkan beberapa regulasi yang mengatur hewan, seperti pada UU Nomor 41 Tahun 2014 Tentang Peternakan dan Kesehatan Hewan pasal 66 dan 67. “Selain itu juga terdapat UU Nomor 1 Tahun 1946 tentang Kitab Undang-Undang Hukum Perdana (KUHP) pasal 302, 490, 540, 541 yang direvisi dalam UU Nomor 1 Tahun 2023 pasal 336-339 yang ditetapkan pada 2/1/2023 dan akan berlaku pada 2026 mendatang,” tambahnya.
Dalam KUHP terbaru, drh Puguh menjelaskan terdapat denda maksimal pada kategori II sebesar 10 juta. Yakni bagi orang yang mengusik hewan yang sedang ditunggangi, atau hewan sedang menarik kereta/gerobak, atau yang dibebani barang. “Misalkan ada kusir yang mencambuk kuda di jalanan karena kudanya tidak mau diajak bekerja. Maka itu terkena denda kategori II ini,” tegasnya.
Penulis: Uswatun Khasanah
Editor: Yulia Rohmawati",2025-09-09,2025,9:37 am,Uswatun Khasanah,Yulia Rohmawati,"Berita, Berita",https://unair.ac.id/regulasi-sebagai-alat-perlindungan-kesejahteraan-kuda-pekerja/
NBCC Webinar Nasional Kupas ESG sebagai Strategi Bisnis Berkelanjutan,"UNAIR NEWS – Environmental, Social, dan Governance (ESG) saat ini telah menjadi tolak ukur perusahaan menentukan strategi bisnis. National Business Case Competition (NBCC) National Webinar merupakan rangkaian acara yang diselenggarakan Himpunan Mahasiswa (HIMA) S1 Manajemen Universitas Airlangga (UNAIR) sebagai bagian dari sub acara Manajemen Expo (MEXPO) .
Sebelum memulai kegiatan, Dr Dien Mardhiyah, SE MSi selaku ketua program studi S1 Manajemen menyampaikan sambutan mengenai tujuan kegiatan ini. “Webinar NBCC bertujuan mengenal lebih dalam strategi sebuah perusahaan dan bagaimana bisnis dapat bersaing di pasar yang semakin bersaing. Selain menambah wawasan, kegiatan ini dapat menjadi wadah berinteraksi dengan narasumber mengenai teori sustainability ,” ucap Dien.
ESG Menjadi Penentu Keberlanjutan Bisnis
Pembicara pertama, Kemas Adrian selaku Environmental Manager PT Pertamina Hulu Indonesia memaparkan mengenai ESG. Kemas menyampaikan bahwa setiap perusahaan ketentuan ESG dan berbeda-beda. Ketentuan ESG suatu perusahaan ditentukan oleh bidang usaha dan resiko yang dihadapi masing-masing perusahaan.
“Perusahaan pertambangan dan perminyakan memiliki karakter ESG yang berbeda. Jika pertambangan bersifat open mining , maka minyak bersifat close mining dengan risiko yang tidak sama. Dalam industri migas, aspek lingkungan terutama menyangkut keanekaragaman hayati, jejak lingkungan, dan emisi karbon. Karbon emisi penting ditekan karena bukan sekadar soal pohon bisa menyerap Carbon dioxide (CO₂) tetapi efisiensi operasional perusahaan,” jelas Kemas.
Kemas memberi contoh Raja Ampat, dimana kegiatan pertambangan yang tidak memperhatikan kawasan dilindungi dapat menyebabkan kerugian nilai investasi. Menurutnya, saat perusahaan tidak memperhatikan ESG maka dapat menghancurkan keberlanjutan bisnis.
Dari sisi sosial, ESG menekankan pentingnya keselamatan kerja dan pemanfaatan tenaga kerja lokal. Kemas dalam pemaparannya mengungkapkan kecelakaan maupun konflik dengan masyarakat lokal dapat mengganggu proses produksi. Sedangkan dari sisi pemerintah, praktik ESG yang buruk seperti penyuapan dapat menurunkan kualitas layanan. Kondisi ini menunjukkan bahwa tanpa penerapan ESG, suatu bisnis dapat sewaktu-waktu berhenti.
Picu Kemampuan Analisis melalui Business Case Competition
Pembicara kedua, Olivia Valentina selaku business analyst Deloitte Consulting membagikan pengalaman mengikuti kompetisi business case . Olivia menyampaikan penting bagi peserta untuk fokus pada bagian analisis daripada hanya fokus pada solusi. Menurut Olivia, tidak semua case collaborator fokus pada solusi, sebagian justru fokus pada hasil analisis sebagai dasar merumuskan solusi yang relevan.
“Analisis bisnis itu bukan hanya soal menjawab ya atau tidak. Misalnya  pada kasus investasi stasiun charging mobil listrik, pertanyaan utamanya bukan hanya balik modal atau tidak, tetapi bagaimana tren kendaraan listrik di Indonesia, siapa target konsumennya, dan di mana potensi besar ke depan. Inilah mengapa analisis bisnis penting, karena solusi yang baik selalu lahir dari alasan yang kuat,” jelas Olivia.
Dalam perjalanannya mengikuti kompetisi, Olivia mengungkap bahwa pada perlombaan pertama ia tidak langsung menang. Salah satu yang Olivia pelajari adalah saat membuat pitch deck , buat judul slide dengan menekankan insight , bukan hanya sekedar judul generik. Olivia juga menyampaikan bahwa di Deloitte, tim biasanya membantu klien membangun list prioritas program sehingga membantu klien menentukan solusi yang lebih mudah mereka jalankan.
Penulis: Kania Khansanadhifa Kallista
Editor: Ragil Kukuh Imanto",2025-09-09,2025,4:19 pm,Kania Khansanadhifa Kallista,Ragil Kukuh Imanto,"Berita, Berita",https://unair.ac.id/nbcc-webinar-nasional-kupas-esg-sebagai-strategi-bisnis-berkelanjutan/
EWBC 2025 Hadirkan Strategi dan Inspirasi dari Dunia Startup Kreatif,"UNAIR NEWS – Universitas Airlangga melalui kegiatan EWBC 2025 startup bisnis kreatif yang digelar oleh Divisi Wiradana APHSA BEM FKM UNAIR menghadirkan webinar nasional bertajuk “The Startup Stories Behind The Scenes” pada Sabtu (6/9/2025) secara daring melalui Zoom Meeting. Acara ini menghadirkan dua narasumber muda inspiratif, Reza Nafi Rizki Musyaffa, Founder sekaligus President 180 Degrees Consulting (180DC) UNAIR, serta Shafira Yasmin Noor Delila, kreator konten TikTok dan pemilik brand hijab j9.hijab (Hijab by Jasmine).
Ide Bisnis dari Kebutuhan Nyata
Dalam sesi awal, Reza menekankan bahwa ide bisnis lahir dari kebutuhan nyata di sekitar. Menurutnya, 17 poin Sustainable Development Goals (SDGs) dapat menjadi sumber inspirasi penting. “Kalau tidak ada masalah, tidak mungkin ada 17 poin SDGs,” ujarnya.
Ia mencontohkan ide startup berupa e-commerce jasa kebudayaan yang menyediakan produk sekaligus layanan tradisional. Selain itu, ia juga mengangkat ide platform penjualan makanan sisa restoran dengan harga terjangkau, terinspirasi dari praktik di Eropa ( Too Good To Go ).
Pentingnya Analisis dalam Perencanaan
Lebih lanjut, Reza menjelaskan bahwa setiap ide perlu diuji kelayakannya menggunakan Smart Framework agar spesifik, terukur, realistis, relevan, dan memiliki tenggat waktu. Ia juga memperkenalkan Business Model Canvas (BMC) sebagai alat sederhana untuk memetakan sembilan komponen bisnis, mulai dari customer segment hingga revenue stream .
Selain itu, ia menegaskan pentingnya analisis strategis. Misalnya, SWOT untuk menilai kekuatan dan kelemahan internal, PESTEL untuk memahami faktor eksternal, serta STP untuk menentukan segmentasi, target, dan posisi pasar. “Diferensiasi dan inovasi adalah kunci bertahan dalam kompetisi,” tegasnya.
Belajar dari Pengalaman Membangun Brand Hijab
Sementara itu, Shafira Yasmin Noor Delila membagikan kisahnya membangun bisnis hijab j9.hijab . Ia menegaskan bahwa kegagalan merupakan hal wajar. “Kegagalan itu bukan akhir, melainkan awal untuk langkah baru,” ungkapnya.
Menurut Yasmin, tantangan internal meliputi keterbatasan pengetahuan bisnis, tim yang belum solid, serta manajemen keuangan. Di sisi lain, tantangan eksternal datang dari persaingan ketat, perubahan tren, hingga regulasi usaha. Untuk mengatasinya, ia menekankan adaptasi. Misalnya, ia memanfaatkan live streaming dan affiliate marketing di TikTok untuk promosi produk.
Selain itu, Yasmin juga menyoroti pentingnya kesehatan mental dan networking . Menurutnya, bisnis boleh jatuh, tetapi pribadi tidak boleh hancur. Oleh karena itu, ia terus menjalin jejaring dengan komunitas bisnis dan mentor untuk membuka peluang kolaborasi.
Pesan Utama Webinar
Pada akhirnya, kedua narasumber sepakat bahwa membangun startup membutuhkan inovasi, ketangguhan, dan semangat adaptasi. EWBC 2025 startup bisnis kreatif berhasil memberikan wawasan menyeluruh, mulai dari teori manajemen hingga praktik membangun brand di era digital.
Penulis: Dara Devinta Faradhilla Editor: Ragil Kukuh Imanto",2025-09-09,2025,1:27 pm,Dara Devinta FaradhillaEditor: Ragil Kukuh Imanto,,"Berita, Berita",https://unair.ac.id/ewbc-2025-hadirkan-strategi-dan-inspirasi-dari-dunia-startup-kreatif/
ACSES Goes Abroad Dorong Mahasiswa UNAIR Manfaatkan Peluang Studi di Jepang,"UNAIR NEWS – KSEI ACSES FEB Universitas Airlangga melalui program ACSES Goes Abroad (AGA) 2025 menggelar webinar nasional bertema “Expanding Horizons: Empowering Students Through Global Education, Cultural Exchange, and International Experiences” pada Minggu (7/9/2025). Kegiatan yang berlangsung secara daring melalui Zoom Meeting ini menghadirkan Armanda Dimas Saputra, mahasiswa magister di University of Tokyo , sebagai narasumber. Fara Dini Nofasari, staf bidang science KSEI ACSES FEB UNAIR 2025 , bertugas sebagai moderator.
Pentingnya Pendidikan dan Pertukaran Global
Dalam pemaparannya, Armanda menekankan bahwa studi di luar negeri tidak sekadar menambah pengetahuan akademik. Lebih dari itu, pengalaman internasional membuka wawasan baru tentang kerja sama lintas budaya. Ia menilai keterlibatan mahasiswa Indonesia dalam forum global dapat meningkatkan daya saing sekaligus memperluas jejaring profesional.
Armanda juga mencontohkan bagaimana mahasiswa internasional di Jepang beradaptasi dengan sistem pendidikan yang ketat, etos kerja tinggi, serta budaya disiplin masyarakat setempat. “Belajar di luar negeri membuat kita sadar bahwa globalisasi menuntut mahasiswa bukan hanya pintar secara akademik, tetapi juga mampu berinteraksi lintas budaya,” jelasnya.
Strategi Persiapan Studi di Jepang
Lebih lanjut, Armanda berbagi pengalaman tentang strategi belajar bahasa Jepang. Ia menyarankan mahasiswa untuk mulai dari dasar seperti hiragana dan katakana , kemudian menargetkan kosakata mingguan, serta memanfaatkan aplikasi seperti Anki dan Quizlet . Selain itu, integrasi bahasa dalam kehidupan sehari-hari melalui interaksi dengan masyarakat lokal dinilai efektif mempercepat pemahaman.
Ia juga menekankan pentingnya keaktifan mahasiswa dalam organisasi kampus, kegiatan sukarela, maupun komunitas lokal. Partisipasi tersebut tidak hanya melatih bahasa, tetapi juga memperkaya pengalaman pertukaran budaya ( cultural exchange ). Menurutnya, keterlibatan ini membantu mahasiswa membangun empati, toleransi, dan kemampuan beradaptasi.
Peluang Beasiswa dan Dukungan
Dalam sesi berikutnya, Armanda menjelaskan berbagai jalur beasiswa untuk studi di Jepang. Beasiswa MEXT , LPDP , maupun beasiswa privat seperti INPEX dan Aeon 1% menjadi peluang yang dapat diakses mahasiswa Indonesia. Beasiswa tersebut umumnya mencakup biaya kuliah, tiket pesawat, serta tunjangan hidup bulanan.
Ia juga menyoroti peran Perhimpunan Pelajar Indonesia (PPI) Jepang dan KBRI Tokyo yang aktif mendukung mahasiswa, baik dari sisi akademik maupun non-akademik. Dukungan tersebut, kata Armanda, dapat menjadi penopang penting bagi mahasiswa baru dalam proses adaptasi.
Pesan untuk Mahasiswa Indonesia
Menutup sesi, Armanda mengajak mahasiswa UNAIR agar tidak ragu mencoba peluang internasional. Menurutnya, persiapan bahasa, mental, dan keberanian mengambil langkah menjadi kunci utama. “Kesempatan belajar di luar negeri terbuka untuk siapa saja. Kuncinya adalah persiapan bahasa, mental, dan keberanian,” pesannya.
Melalui kegiatan ini, AGA 2025 berhasil memperluas wawasan mahasiswa tentang pentingnya pendidikan global, pertukaran budaya, serta strategi menembus beasiswa internasional.
Penulis: Dara Devinta Faradhilla Editor: Ragil Kukuh Imanto",2025-09-09,2025,2:01 pm,Dara Devinta FaradhillaEditor: Ragil Kukuh Imanto,,"Berita, Berita",https://unair.ac.id/acses-goes-abroad-dorong-mahasiswa-unair-manfaatkan-peluang-studi-di-jepang/
Membanggakan! Mahasiswa FIB UNAIR Juara 1 Esai Bahasa Jepang Tingkat Nasional,"UNAIR NEWS – Mahasiswa Program Studi Bahasa dan Sastra Jepang, Fakultas Ilmu Budaya (FIB) Universitas Airlangga (UNAIR) kembali menorehkan prestasi di kancah nasional. Rifqi Namiroh Ash Sholihah sukses mengukuhkan dirinya sebagai Juara 1 Menulis dan Presentasi Esai Bahasa Jepang Tingkat Nasional 2025.
Kompetisi bergengsi ini diselenggarakan oleh Asosiasi Studi Pendidikan Bahasa Jepang (ASPBJI) Bali-Nusa Tenggara yang berlangsung dari Selasa (1/4/2025) hingga Senin (7/7/2025). Baginya, prestasi ini tak hanya menjadi pencapaian personal semata, tetapi juga turut membawa nama besar UNAIR sebagai kampus yang unggul dalam bidang ilmu bahasa asing.
“Arti penghargaan ini sebagai salah satu dari yang saya pelajari tentang bahasa Jepang. Sebagai perwakilan dari UNAIR, alhamdulillah bisa mengenalkan bahwa UNAIR ternyata juga bisa unggul dalam bidang bahasa Jepang,” ujar Rifqi dengan rasa bangga.
Topik Lintas Budaya
Partisipasi Rifqi dalam kompetisi ini berawal dari informasi yang terdapat pada grup kelas. Meskipun dengan waktu yang sangat singkat, sekitar tiga hari sebelum batas akhir pengumpulan, tekadnya untuk menjadi yang terbaik tak pernah padam. Ia tertarik dengan tema berupa pemahaman lintas budaya antara Indonesia dan Jepang.
“Komting menawarkan di grup kelas, lalu saya tertarik untuk mendaftarkan diri. Saya baru mendapat info lomba ini tiga hari sebelum pengumpulan, untuk menyelesaikan esai yang terdiri dari maksimal 5000 huruf Jepang sedikit terburu-buru,” sebutnya.
Ia memilih perspektif unik dan dekat dengan pengalaman sehari-hari, yaitu membandingkan lingkungan bagi pejalan kaki di Bali dan Jepang. Berbekal judul Pemahaman Lintas Budaya Jepang dan Indonesia dari Sudut Pandang Lingkungan Pejalan Kak, ia mengangkat perbedaan kontras antara kedua negara. “Saya merasa lingkungan Bali, pejalan kaki Indonesia dan Jepang sangat berbeda,” jelasnya.
Kesan Mendalam
Menurutnya, kesuksesan yang ia raih tak terlepas dari peran serta dosen pembimbing yang sangat membantu. Selain tantangan menulis, ia juga harus mempersiapkan presentasi dalam bahasa Jepang. “Karena presentasinya full menggunakan bahasa Jepang, saya melatih kelancaran berbicara menggunakan bahasa Jepang supaya ketika lancar presentasi,” tuturnya.
Pengalamannya mengikuti kompetisi ini memberikan kesan mendalam bagi Rifqi. Ia berkesempatan berjejaring dengan mahasiswa dari berbagai daerah. Pengalaman ini semakin memacu semangatnya untuk terus mengasah kemampuan di masa depan.
“Saya sangat berkesan karena bertemu dengan mahasiswa dari berbagai daerah. Hingga saat ini saya masih berkontakan dengan mereka. Jika ada kompetisi lain dan kemungkinan saya bisa mendaftar, sebisa mungkin saya ingin mengikutinya,” pungkasnya.
Penulis: Mohammad Adif Albarado
Editor: Ragil Kukuh Imanto",2025-09-09,2025,2:12 pm,Mohammad Adif Albarado,Ragil Kukuh Imanto,"Berita, Berita",https://unair.ac.id/membanggakan-mahasiswa-fib-unair-juara-1-esai-bahasa-jepang-tingkat-nasional/
Memahami Makna Brave Pink-Hero Green dalam Perspektif Semiotik Warna,"UNAIR NEWS – Fenomena warna dalam penyampaian aspirasi di Indonesia belakangan ini menghadirkan dinamika baru. Dua warna yang menjadi simbol brave pink dan hero green, tidak sekadar penanda visual, tetapi sarat makna kultural, gender, hingga politis.
Prof Diah Ariani Arimbi SS MA PhD, Dosen Fakultas Ilmu Budaya (FIB) sekaligus pakar Kajian Budaya dan Gender Universitas Airlangga (UNAIR), menegaskan bahwa warna adalah teks, yang selalu berbicara dalam konteks.
Simbol Warna Pink dan Hijau dalam Sejarah
Prof Diah menuturkan, pink pada awalnya dilekatkan pada konsep ‘ pink job ’, yakni pekerjaan yang tradisionalnya dianggap feminim. Seperti guru, perawat, sekretaris, atau pekerja sosial. “Pekerjaan ini kerap mendapatkan pandangan kurang strategis daripada posisi pengambil keputusan yang didominasi laki-laki,” tuturnya.
Namun, dalam perkembangan aksi sosial terkini, makna pink bergeser. Brave pink lahir dari apropriasi, sebuah warna yang dulu dikonstruksi sebagai kekuatan yang lemah kini tampil sebagai simbol keberanian. Terutama lewat kehadiran ibu-ibu dalam demonstrasi. Pink tidak lagi sekadar feminin, tetapi resisten dan politis.
Berbeda dengan pink yang banyak diasosiasikan berasal dari Barat, warna hijau memiliki akar lokal. “Dalam folklor Jawa, hijau erat dengan kesuburan, kekuatan, bahkan khazanah guides of the south sea menyebutkan warna hijau menandakan kekuasaan spiritual seperti figur Nyi Roro Kidul. Kemudian dalam perkembangan di Indonesia belakangan ini, warna hijau diasosiasikan menjadi hero gree n,” ujarnya.
Kehadiran para driver ojek online berseragam hijau dalam demonstrasi, serta tragedi salah seorang pengemudi yang terlindas kendaraan taktis, memperkuat hijau sebagai simbol solidaritas rakyat kecil dan keberanian kolektif. “Hijau kini bukan hanya alam, tetapi heroisme dan penyelamatan,” imbuh Prof Diah.
Warna sebagai Bahasa Visual
Menurut Prof Diah, masyarakat kini hidup dalam era visual. Warna bekerja lebih cepat dan universal daripada simbol lain. Fenomena ‘ Add Yours ’ Instagram bernuansa brave pink dan hero green dengan 17+8 tuntutan memperlihatkan bagaimana generasi digital native memanfaatkan ruang daring sebagai arena politik alternatif. Hal ini merefleksikan lahirnya praktik baru demokrasi digital.
Dalam sejarah penyampaian aspirasi, warna bukan hal baru. Gerakan #IndonesiaGelap pernah memakai resistance blue , bahkan bendera One Piece dipakai sebagai simbol populer. “Pola ini menegaskan bahwa setiap movement membutuhkan representasi visual yang mudah dikenali dan menggerakkan massa,” kata Prof Diah.
Namun, efektivitas simbol utamanya warna dalam memengaruhi opini publik dan legitimasi pemerintah sangat bergantung pada daya tahannya. “Jika publik terus merawat makna ini, ia bisa menjadi simbol abadi. Jika tidak, ia cepat tergantikan,” ucapnya.
Dari perspektif sosial-humaniora, brave pink dan hero green menunjukkan bahwa makna budaya selalu dinamis. Warna yang dulu melekat pada kelemahan, kini menjadi bahasa politik resistensi. “Apropriasi ini mengingatkan kita bahwa arti simbol-simbol visual tidak pernah statis. Mereka lahir, berubah, dan berfungsi sesuai konteks yang melingkupinya. Secara semiotik warna tidak hanya sekedar warna, tetapi mengkomunikasikan sesuatu,” pungkasnya.
Penulis: Panca Ezza Aisal Saputra
Editor: Yulia Rohmawati",2025-09-08,2025,4:36 pm,Panca Ezza Aisal Saputra,Yulia Rohmawati,"Berita, Berita, featured, Pakar",https://unair.ac.id/memahami-makna-brave-pink-hero-green-dalam-perspektif-semiotik-warna/
